:020000040800F2
:100000000017002015030008955E0008715B0008CA
:10001000915E00084F1F0008F56C0008000000000A
:10002000000000000000000000000000B5640008AF
:10003000AD23000800000000B3640008B7640008A6
:100040002F0300082F0300082F0300082F030008C8
:100050002F0300082F0300082F0300082F030008B8
:100060002F0300082F0300082F0300082F030008A8
:100070002F0300082F0300082F0300082F03000898
:10008000D12100082F0300082F0300082F030008C8
:10009000551F0008651F00082F0300082F030008E4
:1000A0002F0300082F0300082F0300082F03000868
:1000B0002F0300082F0300082F0300082F03000858
:1000C0002F0300082F0300082F0300082F03000848
:1000D0002F030008C56C0008D56C00082F0300082A
:1000E0002F0300082F0300082F0300082F03000828
:1000F0002F0300082F0300082F0300082F03000818
:100100002F0300082F0300082F0300082F03000807
:100110002F0300082F0300088D6500082F03000837
:100120002F030008E12100082F0300082F03000817
:100130002F0300082F0300082F0300082F030008D7
:10014000751F0008851F00082F0300082F030008F3
:10015000F12100082F0300082F030008E56C0008B8
:100160002F0300082F0300082F0300082F030008A7
:100170002F0300082F0300082F03000800000000D1
:100180002F0300082F03000800F002F800F0B2F877
:100190000AA090E8000C82448344AAF10107DA45E2
:1001A00001D100F0A7F8AFF2090EBAE80F0013F082
:1001B000010F18BFFB1A43F001031847E497010031
:1001C000049801000A444FF0000C10F8013B13F0B2
:1001D000070408BF10F8014B1D1108BF10F8015BA0
:1001E000641E05D010F8016B641E01F8016BF9D193
:1001F00013F0080F1EBF10F8014BAD1C0C1B09D1EA
:100200006D1E58BF01F801CBFAD505E014F8016B5B
:1002100001F8016B6D1EF9D59142D6D370470000ED
:100220000023002400250026103A28BF78C1FBD8FF
:10023000520728BF30C148BF0B6070476E2900F0DD
:10024000DD82702900F01F84662918F08C856529ED
:1002500018F08985672918F08685612918F0858549
:1002600003681B0A28BF41F08001692900F08A82D7
:10027000642900F08782752900F084826F2900F0DC
:10028000AC83782900F0EB83E92900F04783E42967
:1002900000F04483F52900F04183EF2900F0A983A1
:1002A000F82900F0EA830368DB0928BF41F08001E8
:1002B000632901F01381732901F01881E32901F00A
:1002C0002381F32901F02881002070471FB518F021
:1002D000C6FC01F07FF904000020002118F0B0F8FE
:1002E000401C60600020002118F094F8E0601FBD01
:1002F00010B510BD01F041F91146FFF7E7FF16F008
:100300001FFC01F01DFA03B4FFF7F2FF03BC00F07D
:10031000A5FC00000948804709480047FEE7FEE7C2
:10032000FEE7FEE7FEE7FEE7FEE7FEE7FEE7FEE7A5
:1003300004480549054A064B7047000079650008E6
:100340008901000800110020001700200013002080
:100350000013002053EA020C00F069802DE9F04BF5
:100360004FF00006002B1FBFB3FA83F503FA05F424
:1003700024FA05F65E4012BF1643B2FA82F502FA7D
:1003800005F4C5F120051EBF22FA05FC44EA0C0461
:10039000203556EA044C4FEA144418BF641C4FF051
:1003A00000084FF00009904271EB030C39D300298B
:1003B00019BFB1FA81F701FA07F6B0FA80F700FA2F
:1003C00007F6C7F120071EBF20FA07FC46EA0C0615
:1003D0002037B6FBF4FCA7EB0507103F07F01F0B17
:1003E000CBF120060CFA0BFB2CFA06F644BFB34601
:1003F0000026202FA4BF5E464FF0000B5BEA060CE0
:1004000008BF4FF0010B19EB0B09ABFB027C48EB6B
:100410000608C01B06FB02CC0BFB03CC71EB0C01E6
:10042000C1E70B46024641464846BDE8F08B13B58E
:100430004FF000004FF00001AFF30080BDE81C401A
:10044000704700001CB50C46064B7B446946009083
:10045000204600F0ECF904460020694600F0FAF965
:1004600020461CBD070400000EB5054614460E4686
:1004700013A000F0E2FB284600F0DFFB16A000F01E
:10048000DCFB304600F0D9FB15A000F0D6FB0021C4
:100490008DF80B100A210DF10A008DF80A1008E002
:1004A00094FBF1F201FB124294FBF1F4303200F8BC
:1004B000012D002CF4DC00F0C0FB00F0B3FB0000C9
:1004C0002A2A2A20617373657274696F6E206661CF
:1004D000696C65643A2000002C2066696C65200018
:1004E0002C206C696E652000032A40F2308010F0E9
:1004F000030C00F0158011F8013BBCF1020F6244BF
:1005000098BF11F801CB00F8013B38BF11F8013B4F
:10051000A2F1040298BF00F801CB38BF00F8013BFC
:1005200011F0030300F02580083AC0F0088051F86C
:10053000043B083A51F804CBA0E80810F5E7121D77
:100540005CBF51F8043B40F8043BAFF30080D20796
:1005500024BF11F8013B11F801CB48BF11F8012B62
:1005600024BF00F8013B00F801CB48BF00F8012B85
:10057000704710B5203AC0F00B80B1E81850203A0F
:10058000A0E81850B1E81850A0E81850BFF4F5AF33
:100590005FEA027C24BFB1E81850A0E8185044BFBD
:1005A00018C918C0BDE810405FEA827C24BF51F82A
:1005B000043B40F8043B08BF7047D20728BF31F81E
:1005C000023B48BF11F8012B28BF20F8023B48BF6F
:1005D00000F8012B70474FF0000200B51346944617
:1005E0009646203922BFA0E80C50A0E80C50B1F18B
:1005F0002001BFF4F7AF090728BFA0E80C5048BF9F
:100600000CC05DF804EB890028BF40F8042B08BF3C
:10061000704748BF20F8022B11F0804F18BF00F838
:10062000012B70474FF0013C50F8042B51F8043B6C
:100630009A4221D1A2EB0C03934313EACC1317D1B6
:1006400050F8042B51F8043B9A4215D1A2EB0C034D
:10065000934313EACC130BD150F8042B51F8043B0D
:100660009A4209D1A2EB0C03934313EACC13DBD0DB
:100670004FF00000704700BFD01A01BAB1FA81F103
:1006800001F0180122FA01F0CB40C1F12001DBB2E8
:10069000C0B2C01A2CFA01F3D11A914311EAC31166
:1006A000E6D1704770477047704710B500F0DCFA2C
:1006B000006810BD10B5044600F0D6FA046010BD05
:1006C00070B5044685690068C10601D5302600E092
:1006D0002026C00707D070BDD4E9012130469047DD
:1006E000206A401C20626D1EF6D570BD70B50446B0
:1006F00085690078C00707D170BDD4E901212020A9
:100700009047206A401C20626D1EF6D570BD0968B6
:100710004A0501D540B27047C905FCD500B2704703
:1007200009684A0501D5C0B27047C905FCD580B239
:10073000704770B50C460546012A05D0287880061A
:1007400000D5EA69002302E0012305E05B1C934227
:1007500002D2E05C0028F9D1A869E618C01AA861A5
:10076000286A184428622846FFF7AAFF04E0D5E962
:10077000012114F8010B9047B442F8D32846FFF743
:10078000B5FF70BD2DE9F0410646002410687529BB
:10079000314616A510D0FFF7BAFF002802DA404212
:1007A00013A507E031688A0701D512A502E04907C1
:1007B00004D511A5012401E0FFF7B2FF00210A22B0
:1007C00006F1240709E0B0FBF2FCB0FBF2F302FBF8
:1007D0001C00303078541846491C0028F3D12346B9
:1007E0002A463046BDE8F04100F087BA000000001C
:1007F0002D0000002B00000020000000116802689E
:10080000006A530501D508700AE0D30501D50880B8
:1008100006E0130603D5C217C1E9000200E0086034
:100820000120704701694A1C02610878704700B5D1
:100830008FB0CDE901310021059105497944CDE919
:1008400003101146684600F029F90FB000BD000002
:10085000E5FFFFFF0A6802F8010B0A60704700001D
:100860002DE9FF5F15468A460446DFF8AC80F84460
:100870000027D8E900103E46CDE9001010E03AF814
:1008800016106A4602A800F04BFE411C07D02178E2
:10089000890603D5E269391891420DD80744761CC0
:1008A0002078800602D5E069B84205DDAE42E6DB7D
:1008B0003AF816000028E2D1A069C01BA0612046CA
:1008C000FFF7FEFED8E90010CDE90010002017E088
:1008D0003AF818106A4602A800F022FEB0F1FF3F75
:1008E00081460BD000250DF1080B05E0D4E901216C
:1008F0001BF8050090476D1C4D45F7D308F101002A
:10090000B0428046E4DB206A384420622046FFF78C
:10091000EDFEBDE8FF9F00000E9001002DE9F041C3
:100920008046D21D22F007020025D2E90002F529F7
:1009300015A614D0011E72F1000106DA0023D0EBD7
:10094000030063EB020211A608E0D8F800108B0741
:1009500001D50FA602E0490701D50EA601251146D3
:10096000002408F1240704E000F082F930323A55FF
:10097000641C50EA0102F7D12B463246214640461C
:10098000BDE8F04100F0B9B9000000002D00000002
:100990002B0000002000000030B4002100F12404EE
:1009A00008E002F00705D208303542EA4372DB085E
:1009B0006554491C52EA0305F3D10468002310A2D0
:1009C000250707D5A40600D421B1C46901230DA2CF
:1009D000641EC46130BC00F090B910B504462146D5
:1009E0001068FFF79DFE02462046BDE81040002338
:1009F000D2E7D21D22F00701D1E90023CCE70000A5
:100A00000000000030000000F0B40D460188090528
:100A100002D5214C7C4402E01F4C7C440E34002162
:100A200000F1240608E002F00F071209E75D42EA30
:100A300003721B097754491C52EA0307F3D1027869
:100A40000023120704D5702D06D009B102231134FA
:100A50002246F0BC00F051B901231034F8E770B51C
:100A600004460D4621461068FFF75AFE0246294605
:100A70002046BDE870400023C6E7D21D22F00703E0
:100A8000D3E90023C0E70368126843F02003036042
:100A90000823C3610023B7E7708E01002DE9F05FE2
:100AA000894604464FF0000ADFF874B1FB44C0F8F1
:100AB00020A02046E1688847002874D0252806D069
:100AC000D4E901219047206A401C2062F1E700260A
:100AD0005F462046E16888472028054607DB312D20
:100AE00005D2781910F8200C08B10643F1E7B007D9
:100AF00001D526F00406C4F81CA00027C4F818A0ED
:100B00002A2D09D0284606F0C7FD38B304EB870824
:100B1000303DC8F8185019E059F8041B204604EB82
:100B200087029161E1688847012F054618D1E06985
:100B3000002820DA26F020061DE0D8F8180000EB87
:100B4000800005EB40003038C8F818002046E16806
:100B50008847054606F0A0FD0028EED1012F0AD0F7
:100B60002E2D08D12046E16888477F1C0546022FBC
:100B700046F02006C4DBA069002803DA404246F0B4
:100B80000106A061F00701D026F010066C2D0BD0F5
:100B9000682D09D04C2D39D06A2D35D0742D35D023
:100BA0007A2D33D016E038E0E1682F46204688479A
:100BB000B842054609D16C2F26D04FF48060E16819
:100BC000064320468847054604E06C2F1AD04FF4B0
:100BD000807006430DB3A5F14100192802D82035D5
:100BE00046F400664A462946204626604E46FFF7F0
:100BF00025FB80B101280BD0F61D26F0070000F17F
:100C0000080956E74020E4E78020D8E70020D6E72F
:100C100006F104094DE7284652E7206ABDE8F09F37
:100C2000008E010010B5002000F09AFCFFF760FB79
:100C3000BDE81040012000F011B810B5044602E0F4
:100C4000641C00F004F820780028F9D110BD08B524
:100C500069468DF800000320ABBE08BD014918208D
:100C6000ABBEFEE72600020000487047A01000203F
:100C700030B5B0F10A024FEA900E71F100034EEA6E
:100C8000817EB0EB0E0061EB91014FEA101E4EEA3F
:100C9000017E10EB0E0041EB11114FEA102E4EEACF
:100CA000016E10EB0E0041EB11214FEA104E4EEA9F
:100CB000014E10EB0E0041EB1141401841F10001D3
:100CC0004FEAD00040EA41704FEAD10110EB8005B5
:100CD0004FEA810444EA907444EB01046D1944EB3B
:100CE0000404521BA3414FF0000348BF0A3200D551
:100CF00030BD401C41F1000130BD2DE9F0470D46EB
:100D000099469246044600F124080168880604D5F5
:100D1000E06921F01001216000E00120A84201DD1E
:100D2000471B00E00027A1697A1902EB0900081AA5
:100D3000A0612078C00602D42046FFF7C1FC00263F
:100D400008E0D4E901211AF806009047206A401C07
:100D5000761C20624E45F4DB2078C0060AD520467A
:100D6000FFF7AEFC06E0D4E9012130209047206A6D
:100D7000401C2062381EA7F10107F4DC07E0D4E92B
:100D8000012118F805009047206A401C2062281EA7
:100D9000A5F10105F3DC2046FFF7A8FC207800064A
:100DA00002D50220BDE8F0870120FBE770472DE95E
:100DB000FF4F0C461E464FF0FF378BB0D2E90001C3
:100DC000DDF860800A908A46C1F30A5505B93D46B0
:100DD000002108464FF00000BAF1000F00F4400077
:100DE00005DA00EB80004FF4400101EA50004FEAC1
:100DF0009059B9F1010F00DDB9460A9850EA4A004E
:100E00000ED044F61050A5F2FF3545432F14B8F12B
:100E1000000F1ED07542291E1EDDC9F100021CE024
:100E2000B8F1010F4FF0000001D0302103E0F24390
:100E300005E02154401CB042FBDB3046002200217B
:100E400021540B99C1F80880C1E900200FB0BDE81A
:100E5000F08FBD1B6D1CDEE74A4600DA694206A82A
:100E600000F0FCFB06AB93E8070003AB83E8070048
:100E700050460A9900F0A3FC8DE80700A0F5005049
:100E80001F3800900398002D0ADD42F21F014A46E8
:100E90000844002303A90390684600F00CFF09E012
:100EA000A0F500504A461F38002303A90390684666
:100EB00000F016FF8DE807000004000C03D04FF08F
:100EC000FF30410800E01046B8F1000F03D00022C7
:100ED000009215461EE0751E05D4FFF7C9FE30329C
:100EE00062556D1EF9D5B3460122084302D0002297
:100EF0007F1C04E02078302801D100227F1E002AC8
:100F0000099784D01DE0112D07DAFFF7B1FE3032CA
:100F100062556D1C50EA0102F5D1084302D00098D9
:100F2000C8B10EE00021681E05E0235C625C6354DA
:100F30002254401E491C8142F7DBAB46A81B401ED1
:100F40000990002004F80B000B98099AC0F808805B
:100F5000C0E9002B7AE711264FF0000857E72DE98A
:100F6000F04F88460446D21D22F0070191B0D1E926
:100F70000001CDE90A0105F0BFFE02460B98C00F43
:100F800001D02D2007E02068810701D52B2002E049
:100F9000202101EAC000032A099001D0072A05DBBD
:100FA00003464146204600F019FB0BE120788006FD
:100FB00001D5E06900E00620B8F1650F814606D052
:100FC000B8F1660F18D0B8F1670F70D131E000208A
:100FD000B9F1110F009001DB112301E009F10103C8
:100FE0000AAA01A90CA8FFF7E2FEDDE90C700026B1
:100FF00009F10105834647E001204B4600904FF080
:1010000000470AAA01A90CA8FFF7D1FEDDE90DB03F
:101010000C995D46002610B909F101000D18B9EBD5
:10102000050003D4C0F1FF3609F10105A5EB090065
:101030002BE0B9F1010F01DA4FF001090020B9F1FD
:10104000110F0090484601DD112300E003460AAA73
:1010500001A90CA8FFF7ABFEDDE90C704D46002698
:101060008346207800070AD4AB4500DA5D4601A824
:10107000012D04DD411911F8011C302907D04F451D
:1010800002DA17F1040F04DA012082460FE06D1E28
:10109000EEE7002F02DCED1B3E4403E0781CA84283
:1010A00000DD7D1CB81B00F1010A4FF000472078DD
:1010B000000703D4AA4501DB4FF0FF3A0021B7F146
:1010C000004F0DF143088DF8431024D002202B234C
:1010D000002F01DA7F422D230A21021EA0F1010018
:1010E00000DC5FB197FBF1FC97FBF1F201FB1C7C8C
:1010F00017460CF1300C08F801CDEEE7A8F101001D
:1011000003702188090501D5452100E06521A0F182
:10111000010800F8011C09980FA9A1EB0807FF1DA1
:1011200000B10120411901EBEA70A1693844081AA5
:10113000401EA0612078C00602D42046FFF7C0FA06
:10114000099828B1D4E901219047206A401C206207
:101150002078C00622D52046FFF7B2FA1EE0002E06
:1011600004DBB34502DD01A8805D00E03020D4E956
:1011700001219047206A401C2062761CAAF10100E0
:101180005FEA000A0AD100F025FAC0680168405CF5
:10119000D4E901219047206A401C2062281EA5F155
:1011A0000105DCDC07E0D4E9012118F8010B9047C8
:1011B000206A401C2062381EA7F10107F3DC20469C
:1011C000FFF794FA032011B041E600002DE9F04F3B
:1011D00004460D46D21D22F0070089B0D0E90097E1
:1011E0004846394605F088FD0246F80F01D02D2308
:1011F00007E02068810701D52B2302E0202101EAC6
:10120000C0038DF820300BB1012000E00020032A3C
:10121000824601D0072A04DB2946204600F0DEF989
:101220003FE12078800601D40D2500E0E569C7F391
:101230000A560D2D49DA00214FEA175B08464FF098
:101240000000002F00F4400007DA00EB80004FF4AC
:10125000400100EBD07001EA60008115012901DD39
:101260004FF0FF3100224FEA850CBCF1180F06D376
:101270001346ACF118004FF08052C24003E04FF427
:10128000801323FA0CF30CF10C0CBCF1200F04D3E7
:10129000ACF1200C09FA0CF001E007FA0CF000297F
:1012A0004FF0004801DD18B90FE00ED140450CD3D6
:1012B00019EB02095F4121B9404502D19F4329EA58
:1012C0000209BBEB175F00D0761C2088000502D511
:1012D0007B48784402E07A487844193808AA3023D9
:1012E00002F80A30037C0AF10101002E0AF1020A19
:1012F00053546A4602DC4FF0300101E04FF03101F7
:101300004FF001088DF8001002D0A6F2FF3603E07E
:1013100059EA470100D06B4E002D02DC2178090705
:1013200004D54FF002082E218DF80110C44600218B
:101330000BE0C7F303433F01C35C491C6D1E02F879
:101340000830052908F1010801DA002DF1DC00213F
:101350000CE000EB1973491C1B786D1E082902F87C
:1013600008304FEA091908F1010801DA002DF0DC14
:1013700021688B0602D516E0A8F10108E04505DDDD
:1013800002EB080313F8013C302BF5D0B8F1000F45
:1013900009DD02EB080313F8013C2E2B03D10907EA
:1013A00001D4A8F10108002D05DD3E2102F8081046
:1013B0006D1E08F10108407C002E02F8080008F1BB
:1013C000010804DA2D20764202F8080002E02B2002
:1013D00002F808000A214FF47A70864208F10108E9
:1013E0000BDB96FBF0F3303302F8083096FBF0F39A
:1013F00008F1010800FB136601E0642E0CDB642099
:1014000096FBF0F3303302F8083096FBF0F308F166
:10141000010800FB136601E00A2E06DB96FBF1F0E3
:10142000303002F8080008F1010896FBF1F001FBEA
:101430001060303002F80800A16908F1010808EBDB
:10144000050202EB0A00081AA0612078C00602D447
:101450002046FFF735F9216A08AE01EB0A00206249
:1014600004E0D4E9012116F8010B9047BAF1010A12
:10147000F7D22078C00602D52046FFF721F96E4644
:1014800009E016F8010B3E280FD0D4E9012190475E
:10149000206A401C2062B8F10108F2D22046FFF712
:1014A00025F909B00320BDE8F08F206A28442062A6
:1014B00003E0D4E90121302090476D1EEBD3F8E71B
:1014C0002186010002FCFFFF10B5436913B1AFF3A1
:1014D000008001E0FFF72DF9012010BD127800F126
:1014E00024010A7000224A700122EDE711684FF0D2
:1014F000FF32E9E710B5436913B1AFF3008001E0B3
:10150000FFF7AEF9012010BD128800F1240182849A
:101510000022C2840122EDE711684FF0FF32E9E7B3
:1015200070B516460C46054600F04CF8036893F873
:101530000101012806D0FF2C0FD8185D68B10120E9
:101540002C7070BDD3F807013246214603F2071311
:1015500003442846BDE8704018474FF0FF3070BD87
:1015600010B500F0FBF8BDE8104000F0F2B8000044
:1015700000487047A010002070477546FFF7F8FF3D
:10158000AE4605006946534620F00700854618B070
:1015900020B5FEF7CDFEBDE820404FF000064FF02D
:1015A00000074FF000084FF0000B21F00701AC4698
:1015B000ACE8C009ACE8C009ACE8C009ACE8C009B7
:1015C0008D46704710B500F005F8001D10BD00BF36
:1015D000716E010000487047C01000202DE9F041F5
:1015E0001F46044603260168072A01F4006004DB55
:1015F00008B116A505E016A503E008B115A500E0A1
:1016000015A521F010002060A069C01EA0610FB1D7
:10161000401EA0612046FFF753F84FB1D4E90121E5
:1016200038469047206A401C2062C01C206206E0B9
:10163000206AFAE7D4E9012115F8010B9047761EDC
:10164000F8D22046FFF752F8BDE8F0814E414E0037
:101650006E616E00494E4600696E66002DE9F047E6
:10166000814616468AB0354878440DC88DE80D008D
:1016700032487844801C03AC0DC884E80D0041F664
:101680009B300844372190FBF1F290FBF1F5A5F176
:10169000800501FB12041B3C02D56442012000E0DE
:1016A0000020DFF898A080460027FA44AAF1BE0A7D
:1016B0000EE0E0070AD03246684607EB47010123F7
:1016C0000AEB810100F00CFB8DE8070064107F1C21
:1016D000002CEED1194F7F44AE3F19E0E80715D03A
:1016E00007EB04100DF1180A90E80E008AE80E00CE
:1016F000C068F04201D1981908903246012306A92A
:1017000003A800F0EDFA03AB83E807006D10641C3A
:10171000002DE3D14FF0010332466946B8F1000FC6
:1017200003A802D000F0C7FA01E000F0D9FAC9E935
:101730000001C9F808200AB0BDE8F0871C83010049
:1017400010B50446AFF300802046BDE81040FEF718
:10175000DABD002801D0FFF781BA704710B500212B
:1017600002A000F013F8012010BD000053494741CA
:101770004252543A2041626E6F726D616C20746502
:10178000726D696E6174696F6E00000070B5054618
:101790000C460A2000E06D1CFFF759FA35B1287895
:1017A0000028F8D102E0641CFFF751FA14B1207848
:1017B0000028F8D1BDE870400A20FFF748BA5FEA78
:1017C000400C08BF91F0000F4FEA8C234FEAC12272
:1017D00043EA51514FEA1C5018BF00F5F0404FEA60
:1017E000300018BF41F000415FEA6C5C00F02980D6
:1017F000BCF1FF3F08BF40F080407047130C06BFAC
:1018000012044FF0100C4FF0000C130E04BF120224
:101810000CF1080C130F04BF12010CF1040C930F10
:1018200004BF92000CF1020CD30F04BF52000CF164
:10183000010C11464FF00002A0F11F00A0EB0C00BC
:10184000704711F0004F08BF704731F000413FF47E
:10185000D5AF0B0C06BF09044FF0100C4FF0000C75
:101860000B0E04BF09020CF1080C0B0F04BF090199
:101870000CF1040C8B0F04BF89000CF1020CCB0F90
:1018800004BF49000CF1010CCCF12003A0EB0C00CB
:1018900022FA03F302FA0CF241EA030100F101001B
:1018A000704720F07F4C80EA030023F07F47ACEBC9
:1018B000070303F57C5300F0004003F1FF032DE91B
:1018C00080494FEA154B09B44FEA144325EA0B4E01
:1018D00024EA03480FF2042606EB132749083E7852
:1018E0005FEA320203FB0667C7F5000707FB06F64F
:1018F0004FEA54374FEAD64606F1020607FB066C5C
:10190000CCF1005C4FEA1C472CEA074C07FB06F4BD
:101910000CFB06F504EB15464FEA961634BF002083
:101920004FF000404FEAD13706FB07FC4FEA1C4C52
:101930000CFB0BF7D21B03FB0CF761EB07010CFB55
:101940000EF7B0EB074072EB17420CFB08F734BF01
:10195000A2EB0742B2EB074261EB17414FEA0C449E
:101960004FEA910706FB07FC4FEA1C4C0CFB0BF7F8
:10197000B0EBC74072EB573203FB0CF734BFA2EB5E
:10198000C742B2EBC74261EB57310CFB0EF7B0EB2D
:10199000C70072EB57720CFB08F734BFA2EBC7020B
:1019A000B2EBC70261EB5771039F4FEA816141EAD5
:1019B000921104EBCC044FEAD1374FEA826206FB66
:1019C00007FC42EA90124FEA80604FEA1C4C0CFB85
:1019D0000BF7D21B03FB0CF761EB07010CFB0EF7B7
:1019E000B0EB074072EB17420CFB08F734BFA2EBD9
:1019F0000742B2EB074261EB17414FEA8C554FEAC1
:101A0000910704EB9C2406FB07FC4FEA1C4C0CFBE3
:101A10000BF7B0EBC74072EB573203FB0CF734BF48
:101A2000A2EBC742B2EBC74261EB57310CFB0EF79A
:101A3000B0EBC70072EB57720CFB08F734BFA2EB98
:101A4000C702B2EBC70261EB577115EB4C254FEAA9
:101A5000816141EA92114FEA82624FEAD13742EA4C
:101A6000901206FB07FC44F100044FEA80604FEA45
:101A70001C4C0CFB0BF7D21B03FB0CF761EB0701B3
:101A80000CFB0EF7B0EB074072EB17420CFB08F7AC
:101A900034BFA2EB0742B2EB074261EB174115EBF3
:101AA0001C154FEA813141EA92414FEA823242EA03
:101AB00090424FEA80304FEA0C7644F1000448EA45
:101AC00003434EEA0B484FF0000EB2EB080C71EBEB
:101AD000030724BF624639464EEB0E0E4FF0000B53
:101AE0000018524149414BEB0B0BB2EB080C71EB68
:101AF00003077BF1000B24BF624639464EEB0E0E06
:101B00004FF0000B0018524149414BEB0B0BB2EB6D
:101B1000080C71EB03077BF1000B24BF62463946CA
:101B20004EEB0E0E51EA020718BF46F0010616EB07
:101B30000E7655F1000254F1000103D5BDE889018C
:101B4000BDE80088BDE88901BDE80048B6195241EA
:101B500041EB0101A3F10103704780807F7E7D7C12
:101B60007B7A7978777676757473727171706F6E2F
:101B70006E6D6C6C6B6A6A696868676666656464DA
:101B8000636362616160605F5F5E5E5D5D5C5C5B64
:101B90005B5A5A59595858575756565555555454D3
:101BA000535352525251515050504F4F4F4E4E4D31
:101BB0004D4D4C4C4C4B4B4B4A4A4A49494948487D
:101BC00048474747474646464545454444444443BD
:101BD00043434342424242414141002B9C4630D460
:101BE00077002BD01CB54FEA370703B44FF0100035
:101BF0004FF01001BAF1000F06D0BCF1000FDCBFAE
:101C000040F0080040F008014FF000000FBCBDE8B4
:101C100010400BF1010BBBF1010F08BF5FEA170782
:101C200022BF12F1010211F101014FF0004143F115
:101C3000000300F0004043EA00007047F9D3570862
:101C4000D0E746EA064613F1400F4FEA16461FDD7D
:101C500013F1200FDFBF16430A46002120335B42F9
:101C6000BED0C3F1200746EA064602FA07F74FEA5C
:101C7000164646EA0706C3F1200722FA03F201FAE4
:101C800007F721FA03F14FF0000342EA0702A7E742
:101C900046EA020646EA06464FEA164646EA0106C4
:101CA000BCBF46EA0646360C4FF000034FF0000278
:101CB0004FF0000194E72DE9804C9A46934670B4AA
:101CC00091E8380007C831EA400C48BF34EA430CB9
:101CD00003D5FFF7E6FDFFF780FFF0BCBDE8008C01
:101CE0002DE9804C9A46934670B491E8380007C8B5
:101CF00010F0804F08BF13F0804F03D100F005F8BB
:101D0000FFF76BFFF0BCBDE8008C20F07F4780EA56
:101D1000030023F07F4C07EB0C03A3F57C5300F08A
:101D20000040A3F1FE0392F0000F00F0B38095F0A5
:101D3000000F00F077802DE901494FEA11404FEA8A
:101D4000144621EA004800FB06FC24EA064708FB8B
:101D500006F607FB08F800FB07F718EB06484CEB04
:101D6000164C4FEA124B18EB07484FEA15464CEB5E
:101D7000174022EA0B4E0BFB06FC25EA06470EFB3A
:101D800006F607FB0EFE0BFB07F71EEB064E4CEBB1
:101D9000164C4FF000061EEB074E4CEB174B18EBA2
:101DA0000B0840F1000018EB0E0B58EB000840F157
:101DB00000008F1A4FF000013CBFC943661B14BFDF
:101DC000B5EB040C00213CBFC943F61B4FEA174496
:101DD0004EEA8E0E27EA04454FEA1C4704FB0762D1
:101DE0002CEA074C05FB07F70CFB05F604FB0CFC83
:101DF00016EB074642EB174216EB0C4642EB1C4231
:101E00001BEB060658EB0202414146EA9E0601D54D
:101E1000BDE80189B619524141EB0101A3F101036B
:101E2000BDE801894FEA14454FEA114724EA054607
:101E300021EA074C05FB07F406FB07F70CFB06F14C
:101E400005FB0CFC11EB074144EB17444FEA12472A
:101E500011EB0C4144EB1C4422EA074C05FB07F252
:101E600006FB07F70CFB06F605FB0CFC16EB07461A
:101E700042EB174216EB0C4642EB1C456A1854F134
:101E8000000148BF7047B619524141EB0101A3F16F
:101E90000103704795F0000F37D04FEA11424FEA27
:101EA000144721EA024624EA074C02FB07F106FB2D
:101EB00007F70CFB06F402FB0CFC14EB074441EBA8
:101EC00017414FEA154714EB0C4441EB1C4125EA3E
:101ED000074C02FB07F506FB07F70CFB06F602FBB7
:101EE0000CFC16EB074645EB174516EB0C4645EB8D
:101EF0001C42121951F1000148BF7047B6195241F6
:101F000041EB0101A3F1010370474FEA14454FEA89
:101F1000114724EA054621EA074C05FB07F106FBB9
:101F200007F70CFB06F24FF0000605FB0CFC12EB6A
:101F3000074241EB174112EB0C4251EB1C4148BFE9
:101F40007047921841EB0101A3F10103704700BFF4
:101F5000FEE7000010B5024801F0CFF910BD000007
:101F60006006002010B5024801F0C7F910BD00005E
:101F70006006002010B5024801F0BFF910BD000056
:101F80008806002010B5024801F0B7F910BD000026
:101F90008806002090ED080AB5EEC00AF1EE10FAAE
:101FA00004D29FED690A80ED080A0CE090ED080A62
:101FB000DFED660AB4EEE00AF1EE10FA03DD9FED04
:101FC000630A80ED080A90ED090AB5EEC00AF1EE49
:101FD00010FA04D29FED5C0A80ED090A0CE090ED46
:101FE000090ADFED5A0AB4EEE00AF1EE10FA03DD59
:101FF0009FED560A80ED090A90ED050ADFED540ABF
:10200000B4EEE00AF1EE10FA04D29FED510A80ED31
:10201000050A0CE090ED050ADFED4E0AB4EEE00A89
:10202000F1EE10FA03DD9FED4B0A80ED050A90ED0D
:10203000060ADFED490AB4EEE00AF1EE10FA04D226
:102040009FED450A80ED060A0CE090ED060ADFEDF3
:10205000430AB4EEE00AF1EE10FA03DD9FED3F0A09
:1020600080ED060A90ED070ADFED3D0AB4EEE00AC6
:10207000F1EE10FA04D29FED3A0A80ED070A0CE067
:1020800090ED070ADFED370AB4EEE00AF1EE10FA40
:1020900003DD9FED340A80ED070A817B027861F34E
:1020A00003020270017C027861F30612027090ED67
:1020B000080ADFED2D0A20EE200ABDEEC00A10EE60
:1020C000101A0AB2411CA0F8092090ED090ADFEDB0
:1020D000260A20EE200ABDEEC00A10EE101A0AB23F
:1020E000411CA0F80B2090ED070ADFED200A80EEDE
:1020F000201A9FED1F0A21EE000ABDEEC00A10EE65
:10210000101AC0F80510D0ED060A9FED181A80EEDF
:10211000810ADFED180A20EE200ABDEEC00A10EE9B
:10212000101A0AB2411CA0F8032090ED050ADFED59
:10213000110A20EE200ABDEEC00A10EE101A09B2F4
:10214000A0F801107047000000000000C1CACC4197
:10215000E1FAFFC2E1FAFF42000049C4000049442D
:10216000C00FC9C8C00FC9480000A044F90FC9403A
:1021700000000047000080439FED130B80ED000B33
:102180009FED110B80ED020B9FED0F0B80ED040B0B
:102190009FED0D0B80ED060B9FED0B0B80ED080BFB
:1021A0009FED090B80ED0A0B9FED070B80ED0C0BEB
:1021B000012181639FED040B80ED100B9FED020B5D
:1021C00080ED120B704700000000000000000000CE
:1021D00010B5024801F058FC10BD0000780800203E
:1021E00010B5024801F050FC10BD0000D8080020D6
:1021F00010B5024801F048FC10BD0000180800208E
:102200000146087810381823B0FBF3F20848805CC8
:10221000C865032A05D908686FF30900001D8865A1
:1022200003E008686FF309008865886D7047000057
:10223000908D0108014600208A6A8B69CBB932B1C2
:10224000012A0DD0022A03D0032A10D10EE000BFCC
:10225000CB6A03F08073B3F1807F00D1012007E0E7
:10226000CB6AB3F1C07F00D1012001E000E000BFE4
:1022700034E08B69B3F5005F1AD132B1012A07D07F
:10228000022A03D0032A11D10AE000BF01200EE088
:10229000CB6A03F08073B3F1807F00D1012006E0A8
:1022A000CB6AB3F1C07F00D1012000E000BF15E090
:1022B00032B1012A05D0022A04D0032A0CD103E04E
:1022C00000BF00BF012008E0CB6A03F08073B3F1C8
:1022D000807F00D1012000E000BF00BF704730B513
:1022E0000468246824F4802405682C600468636012
:1022F0008468402C04D10468A2600468E16003E0B3
:102300000468A1600468E26030BD000000B50F48B9
:10231000007808B900F024F80D4843680D480068BB
:102320001A1A0C48036000EE102AF8EE400A9FEDDE
:102330000A1A80EE810A0948D0ED000A30EE200A20
:1023400080ED000A90ED000A00BD0000E0010020D1
:10235000001000E0E4010020A037204DE80100203B
:102360000C48006840F080700A49086000200A4963
:1023700048600846006840F00100086001200749F5
:1023800008700020064908609FED060A064880EDA7
:10239000000A7047FCED00E0001000E0E0010020C2
:1023A000E401002000000000E8010020704772B640
:1023B00000BFFEE701202449087000204870FF207C
:1023C00088709FED220A084680ED010A9FED200AE1
:1023D00080ED020A032081F85C0002211A4880F88F
:1023E0005D10012180F85E109FED1A0A80ED180A39
:1023F0009FED190A80ED190A0520134981F8B800EC
:102400000421114880F8B910012180F8BA109FED1D
:10241000130A80ED2F0A9FED120A80ED300A072083
:10242000094981F814010621074880F81511FF2198
:1024300080F816119FED0B0A80ED460A9FED0A0AFF
:1024400080ED470A70470000B80A0020B072A8C0AB
:10245000C898CDC09FAB1741FED413417E8C2D414F
:1024600017D93C414D848BC0C0ECC2C010B52DEDD6
:102470000A8B044694ED0F0AF0EE40AA94ED100A80
:10248000F0EE409A2AEEAA0A09EEA90AB0EE40BA86
:10249000B0EE4B0A05F022F8F0EE40BA9FED2F0A9D
:1024A000F4EEC0BAF1EE10FA04D24FF0FF30BDECFA
:1024B0000A8B10BD9FED2A0A3BEE400ADFED290A88
:1024C000C0EE20CA8CEEAB8AB7EE000AB4EEC08A2A
:1024D000F1EE10FA06DCBFEE000AB4EEC08AF1EEAF
:1024E00010FA02D24FF0FF30E1E7F0EE6A0AB0EEE8
:1024F000690A04F0D5FCB0EE40AAB0EE480A04F038
:1025000043FCF0EE408A3AEE28CA3AEE689AB5EEFD
:10251000C09AF1EE10FA05D29FED130A39EE000AC7
:10252000B0EE409AB1EE4C0ADFED100A20EE200A20
:1025300084ED070A9FED0E0A39EE400ADFED0B0A23
:1025400020EE200A84ED080A9FED0A0A84ED090AAC
:102550009FED080A84ED0A0A0020A8E717B7D138D2
:102560008FC2F53CCDCC4C3EDA0FC9405C8FCA40DF
:10257000DA0F49400000000010B52DED108B88B037
:10258000044694ED030AB1EE400ADFED9B0A80EEAB
:10259000201A8DED071AD4ED040A9FED971A80EEEC
:1025A000810ADFED960A30EE200A8DED060A9DEDD8
:1025B000070A04F0CBFDDFED920A20EE200A8DED34
:1025C000050A9DED070A04F0C1FEDFED8D0A20EE3D
:1025D000200A8DED040A9DED060A04F0B7FDDFED3B
:1025E000880A20EE200A8DED030A9DED060A04F00C
:1025F000ADFEDFED830A20EE200A8DED020A9DED8F
:10260000050ADDED030A30EE600AF0EE40AA9DED0A
:10261000040ADDED020A30EE600AB0EE40BA9FED2A
:10262000790A2AEE800AB0EE409A9FED760A2BEEE8
:10263000000AB0EE408A9FED740A0AEEAA0A0BEE79
:102640000B0ADFED710A30EE600AF0EE409AB0EE50
:10265000C80ADFED6E0AB4EEE00AF1EE10FA05D218
:102660004FF0FF3008B0BDEC108B10BD29EE090A09
:1026700008EE080AF0EE40BA49EEE9BAF5EEC0BA43
:10268000F1EE10FA02D24FF0FF30EBE7B0EE6B0A3A
:1026900004F024FF20EE080AF1EE690A00EE890A30
:1026A00069EE090A48EE080AC0EE208AB1EE690A0E
:1026B00009EE680A80EE08AA9DED050ADFED540ACE
:1026C00000EEA80A84ED0B0A9DED040ADFED500A26
:1026D00000EE8A0A84ED0C0A94ED050AB1EE400A78
:1026E000DFED450A80EE20CA94ED060ADFED420ACE
:1026F000C0EE20CA9DED070A04F028FEDFED450A72
:1027000020EE200A20EE0CDA9DED070A04F01EFDF3
:10271000DFED3B0A20EE200A60EE0CDA9DED060AA2
:1027200004F014FEDFED3B0A20EE200A20EE2C0A16
:102730008DED010A9DED060A04F008FDDFED300A7B
:1027400020EE200A20EE2C0A8DED000AD4ED0B0AB3
:102750009DED030A30EEC00ADFED2D0A80EE20EA7F
:10276000D4ED0C0A9DED020A30EEC00ADFED280A16
:10277000C0EE20EA2AEE0E0AB0EE40FA0EEEE8FABB
:10278000B0EECF0ADFED210AB4EEE00AF1EE10FA66
:1027900009D29FED210A84ED0D0A9FED1F0A84EDF9
:1027A0000E0A00205EE79DED010A3DEE400A20EE94
:1027B0000E0ADDED000A7DEEE00A00EEAE0ADFED66
:1027C000140A6FEE200AC0EE20FA9FED110A6FEE98
:1027D000800AB0EE4D0A00EECA0A84ED0D0A9FEDA4
:1027E0000C0A6FEE800AB0EE6D0A00EEA80A84EDC6
:1027F0000E0A002036E700005C8FCA40DA0F49401D
:10280000CDCCCC3DCDCCCC3E0BD7233D17B7D1386A
:10281000CDCC4C3ECDCCCCBD0000000090F90210D8
:1028200000EE901AF8EEE00AB0EE600A017801EBD3
:102830008101194A02EBC101D1ED080A90ED011A9C
:1028400070EEC10A60EE800AC0ED030A417801EB28
:10285000810102EBC101D1ED080A90ED021A70EE80
:10286000C10A60EE800AC0ED040A017801EB810123
:1028700002EBC101D1ED070A60EE800AC0ED050A46
:10288000417801EB810102EBC101D1ED070A60EE55
:10289000800AC0ED060A7047A002002090ED0F0AE2
:1028A000D0ED0B0A30EE600AD1ED000A20EE200ACE
:1028B000D1ED010A90ED0D1A00EEC10A80ED130A68
:1028C00090ED100AD0ED0C0A30EE600AD1ED030A4B
:1028D00020EE200AD1ED040A90ED0E1A00EEC10A96
:1028E000D1ED060A30EE200A80ED140A7047000090
:1028F00070B52DED048B0546F0EE408AB0EE609A7F
:1029000005F0030030B101286AD002287ED00328E8
:1029100065D134E1CF48447890F9020000EE100A06
:10292000B8EEC00AB0EE408ACA4890ED020AD0ED77
:10293000080A00EE880AF0EE409AB0EE492AF0EE5E
:10294000681AB0EE691ADFEDC40A9FEDC30A0122CE
:102950002146C24815F014FCC14951F82400BF4B70
:102960000B22002115F00AFBBD4951F82400BB4B96
:102970000A22002115F002FBB64890F85D4090F95C
:102980005E0000EE100AB8EEC00AB0EE408AB14810
:1029900090ED190AD0ED1F0A00EE880AF0EE409A79
:1029A000B0EE492AF0EE681AB0EE691ADFEDAA0A15
:1029B0009FEDA90A01222146A84815F0E1FBA8498C
:1029C00051F82400A54B0B22002115F0D7FAA44999
:1029D00051F82400A14B0A22002115F0CFFA35E16D
:1029E0009C48047890F9020000EE100AB8EEC00A84
:1029F000B0EE408A974890ED010AD0ED070A00EE4C
:102A0000880AF0EE409AB0EE492A00E050E0F0EE7D
:102A1000681AB0EE691ADFED900A9FED8F0A012265
:102A200021468E4815F0ACFB8D4951F824008B4BA4
:102A30000B22002115F0A2FA894951F82400874B96
:102A40000A22002115F09AFA824890F85C4090F929
:102A50005E0000EE100AB8EEC00AB0EE408A7D4873
:102A600090ED180AD0ED1E0A00EE880AF0EE409AAA
:102A7000B0EE492AF0EE681AB0EE691ADFED760A78
:102A80009FED750A01222146744815F079FB7449BF
:102A900051F82400714B0B22002115F06FFA704998
:102AA00051F824006D4B0A22002115F067FACDE0A1
:102AB000684890F8B94090F9BA0000EE100AB8EEF4
:102AC000C00AB0EE408A634890ED300AD0ED360A75
:102AD00000EE880AF0EE409AB0EE492AF0EE681A4D
:102AE000B0EE691ADFED5C0A9FED5B0A0122214618
:102AF0005A4815F045FB5A4951F82400574B0B2210
:102B0000002115F03BFA564951F82400534B0A2294
:102B1000002115F033FA4F4890F8154190F916014D
:102B200000EE100AB8EEC00AB0EE408A494890EDB7
:102B3000470AD0ED4D0A00EE880AF0EE409AB0EE5A
:102B4000492AF0EE681AB0EE691ADFED430A9FEDEC
:102B5000420A01222146414815F012FB404951F832
:102B600024003E4B0B22002115F008FA3C4951F895
:102B700024003A4B0A22002115F000FA66E035489D
:102B800090F8B84090F9BA0000EE100AB8EEC00A0A
:102B9000B0EE408A2F4890ED2F0AD0ED350A00EEB6
:102BA000880AF0EE409AB0EE492AF0EE681AB0EECC
:102BB000691ADFED290A9FED280A012221462748DC
:102BC00015F0DEFA264951F82400244B0B2200218F
:102BD00015F0D4F9224951F82400204B0A22002193
:102BE00015F0CCF91B4890F8144190F9160100EE4D
:102BF000100AB8EEC00AB0EE408A164890ED460AB8
:102C0000D0ED4C0A00EE880AF0EE409AB0EE492A68
:102C1000F0EE681AB0EE691ADFED0F0A9FED0E0AAA
:102C2000012221460D4815F0ABFA0D4951F8240058
:102C30000A4B0B22002115F0A1F9094951F8240093
:102C4000064B0A22002115F099F900BF00BFBDEC28
:102C5000048B70BDB80A002000000000780C002032
:102C6000308F01082DE9F0410746C7EBC70000EBA4
:102C70000710244901EB800425786678D4ED150A05
:102C8000B0EE600A9FED202ADFED1F1A9FED1E1A9D
:102C9000DFED1D0A012229461C4815F071FA1C4976
:102CA00051F82500194B0B22002115F067F918493E
:102CB00051F82500154B0A22002115F05FF9D4EDDB
:102CC000160AB0EE600A9FED102ADFED0F1A9FED95
:102CD0000E1ADFED0D0A012231460C4815F050FAAC
:102CE0000B4951F82600094B0B22002115F046F93B
:102CF000074951F82600054B0A22002115F03EF93C
:102D0000BDE8F081B80A002000000000280C002077
:102D1000F08E010870B504460D46C4EBC40000EB0C
:102D200004100A4901EB80063046FFF777FD304674
:102D3000FFF722FC00B170BD29463046FFF7AEFD1B
:102D4000304600F005F800BFF5E70000B80A0020A3
:102D500010B52DED088B98B004469FED5A0AF0EEA1
:102D600040BA94F9020000EE100AB8EEC00AB0EEC4
:102D7000409A5C22214601A8FDF7FBFB9DED040A69
:102D8000DFED500A30EE200A8DED040A01A8FFF7AE
:102D9000F3FB68B19FED4C0A84ED150A9FED4A0ADA
:102DA00084ED160A4FF0FF3018B0BDEC088B10BD53
:102DB0009DED0C0AD4ED0B0A30EE600ADFED410AFE
:102DC000C0EE209A9DED0D0AD4ED0C0A30EE600A9B
:102DD000DFED3C0A80EE20AA5C22214601A8FDF727
:102DE000C8FB9DED050ADFED370A30EE200A8DEDB8
:102DF000050A01A8FFF7C0FB50B19FED330A84ED2F
:102E0000150A9FED310A84ED160A4FF0FF30CBE72B
:102E10009DED0C0AD4ED0B0A30EE600ADFED290AB5
:102E2000C0EE20AA9DED0D0AD4ED0C0A30EE600A2A
:102E3000DFED240A80EE20BA94ED130A20EE290A71
:102E4000D4ED140A0AEE200A20EE098A94ED130A42
:102E500020EE2A0AD4ED140A0BEE200A60EE098A4D
:102E6000B2EE040AB4EEC08AF1EE10FA03DDB2EE5F
:102E7000040AB0EE408ABAEE040AB4EEC08AF1EE5B
:102E800010FA03D2BAEE040AB0EE408AB2EE040A97
:102E9000F4EEC08AF1EE10FA03DDB2EE040AF0EEB1
:102EA000408ABAEE040AF4EEC08AF1EE10FA03D2B8
:102EB000BAEE040AF0EE408A84ED158AC4ED168A53
:102EC000002071E76F12833A0000000010B502463F
:102ED00092F82030012B01D0022B06D110684069F6
:102EE000084314686061002010BD506A40F48020DF
:102EF00050620120F8E7F0B504460D461E4694F8EE
:102F0000207020688368A86800B900E000BF012F26
:102F100001D0022F7DD103F0806030B903F0006052
:102F200018B903F0805000287ED0C3F3016101205E
:102F300088403060A86860B9B5F800C0E86840EA29
:102F40004C5C206800F5C07000EB0110C0F800C0B8
:102F50000FE0D5E901C040EACC00D5F80CC040EA4A
:102F60000C00D4F800C00CF5C07C0CEB011CCCF8B4
:102F70000000D5F810C0206800F5C07000EB01100B
:102F8000C0F804C0287D01280ED1206800F5C0706B
:102F900000EB0110406840F4807C206800F5C070B0
:102FA00000EB0110C0F804C0D079000692F806C00A
:102FB00040EA0C4092F805C040EA0C2092F804C0A8
:102FC00040EA0C00D4F800C00CF5C07C0CEB011CEE
:102FD000CCF80C00D078000692F802C040EA0C4011
:102FE00092F801C040EA0C2092F800C040EA0C00C0
:102FF000D4F800C00CF5C07C0CEB011CCCF8080028
:10300000206800F5C07000EB0110006840F0010C72
:1030100001E00FE008E0206800F5C07000EB01104F
:10302000C0F800C00020F0BD606A40F4001060628B
:103030000120F8E7606A40F4802060620120F2E736
:10304000F0B504460A46216894F82050012D01D0BD
:10305000022D7ED1424901F50071086840F001005F
:103060000860086820F47C5008600868566A40EAE6
:1030700006200860107D00F01F06012000FA06F30C
:10308000C8699843C861A1F50071D069C8B9D1F881
:103090000C029843C1F80C02908880B2968940EAED
:1030A000064601F51070576940F83760108880B205
:1030B000168940EA064601F51070576900EBC70013
:1030C0004660D069012819D1D1F80C021843C1F823
:1030D0000C02908880B2168840EA064601F510700E
:1030E000576940F83760908980B2168940EA0646F1
:1030F00001F51070576900EBC7004660906928B968
:10310000D1F804029843C1F8040204E0D1F80402A3
:103110001843C1F80402106928B9D1F81402984381
:10312000C1F8140204E0D1F814021843C1F81402E3
:10313000106A012804D1D1F81C021843C1F81C02FE
:10314000D1F8000220F00100C1F800020020F0BD1B
:10315000FFE7606A40F4802060620120F7E700002A
:1031600000640040704770B5044694F82050012D6B
:1031700001D0022D7DD151B92068C06800F0030054
:1031800080B9606A40F400106062012070BD206860
:10319000006900F0030028B9606A40F40010606222
:1031A0000120F3E7206800F5D87000EB01100068FB
:1031B00000F004009060906840B9206800F5D87075
:1031C00000EB01100068400D106007E0206800F57A
:1031D000D87000EB01100068C0085060206800F54E
:1031E000D87000EB0110006800F00200D060206889
:1031F00000F5D87000EB0110406800F00F000828BF
:1032000002D30820106108E0206800F5D87000EBB8
:103210000110406800F00F001061206800F5D870C0
:1032200000EB0110406800F47F40000A90612068C4
:1032300000F5D87000EB01104068000C5061206868
:1032400000F5D87000EB011080681870206800F558
:10325000D87000EB0110806800F47F40000A5870BD
:10326000206800F5D87000EB0110806800F47F0042
:1032700000E03CE0000C9870206800F5D87000EB8E
:1032800001108068000ED870206800F5D87000EB3F
:103290000110C0681871206800F5D87000EB0110AB
:1032A000C06800F47F40000A5871206800F5D870AB
:1032B00000EB0110C06800F47F00000C98712068DA
:1032C00000F5D87000EB0110C068000ED87131B95C
:1032D0002068C06840F020002668F06005E02068A3
:1032E000006940F020002668306100204EE7606AE7
:1032F00040F480206062012048E72DE9F05F044639
:103300000025206846692068D0F804902068876806
:103310002068D0F80CA02068D0F810B02068D0F851
:10332000188006F00100002855D007F00100C0B158
:1033300001202168886007F0020018B1204600F0E3
:1033400032FB0EE007F0040010B145F4006508E020
:1033500007F0080010B145F4805502E0204600F067
:1033600021FB07F48070C8B14FF480702168886039
:1033700007F4007018B1204600F017FB0EE007F4C8
:10338000806010B145F4005508E007F4006010B10A
:1033900045F4804502E0204600F006FB07F480304B
:1033A000C8B14FF480302168886007F4003018B14C
:1033B000204600F0FCFA0EE007F4802010B145F43E
:1033C000004508E007F4002010B145F4803502E024
:1033D000204600F0EBFA06F0080038B10AF01000C1
:1033E00020B145F4007510202168C86006F0040083
:1033F00040B10AF0080028B108202168C8602046C2
:1034000000F01CFA06F0020038B12068C06800F035
:10341000030010B1204600F013FA06F0400038B166
:103420000BF0100020B145F4806510202168086180
:1034300006F0200040B10BF0080028B108202168F8
:103440000861204600F07CFA06F0100038B12068D0
:10345000006900F0030010B1204600F072FA06F493
:10346000003040B109F0100028B1102021684860F8
:10347000204600F067FA06F4803040B109F00800F9
:1034800028B1082021684860204600F091FA06F42F
:10349000004088B309F0040078B306F4807020B1CE
:1034A00008F0010008B145F0010506F4007020B1F4
:1034B00008F0020008B145F0020506F4806020B172
:1034C00008F0040008B145F0040506F40060A0B15E
:1034D00008F0700088B108F07000402817D006DCB2
:1034E00010280BD020280CD0302819D10CE05028FF
:1034F00010D0602814D110E01DE019E045F0080557
:103500000FE045F010050CE045F0200509E045F01E
:10351000400506E045F0800503E045F4807500E0D5
:1035200000BF00BF2068806920F0700021688861BA
:103530000420216848602DB1606A284360622046FB
:10354000FFF710FEBDE8F09F70B504460CB90120EE
:1035500070BD94F8200010B9204600F0AFF8206844
:10356000006840F001002168086000F081FD054618
:103570000DE000F07DFD401B0A2808D9606A40F488
:1035800000306062052084F820000120E0E7206818
:10359000406800F001000028EBD02068006820F0AF
:1035A00002002168086000F063FD05460DE000F0B0
:1035B0005FFD401B0A2808D9606A40F40030606251
:1035C000052084F820000120C2E72068406800F050
:1035D00002000028EBD1207E012806D12068006877
:1035E00040F080002168086005E02068006820F055
:1035F000800021680860607E012806D1206800688C
:1036000040F040002168086005E02068006820F074
:10361000400021680860A07E012806D1206800686B
:1036200040F020002168086005E02068006820F074
:10363000200021680860E07E012806D1206800682B
:1036400020F010002168086005E02068006840F064
:10365000100021680860207F012806D120680068DA
:1036600040F008002168086005E02068006820F04C
:10367000080021680860607F012806D12068006882
:1036800040F004002168086005E02068006820F030
:10369000040021680860D4E9020108432169084355
:1036A000616908436168491E08432168C8610020B8
:1036B0006062012084F82000002049E710B586B040
:1036C0000446142101A8FCF786FF56492068884269
:1036D00049D155480068401C5349086008460068B5
:1036E00001280FD100BF002000905048006840F032
:1036F00000704E4908600846006800F000700090B5
:1037000000BF00BF00BF002000904848103800688C
:1037100040F008004549103908600846006800F08C
:103720000800009000BF00BF03200190022002901B
:1037300000200390032004900920059001A93C4833
:1037400000F096FB00221146142000F01FFD14200B
:1037500000F008FD00221146152000F017FD15208D
:1037600000F000FD5CE033492068884258D100BF7A
:10377000002000902D48006840F080602B490860D0
:103780000846006800F08060009000BF00BF264837
:103790000068401C244908600846006801280FD1D1
:1037A00000BF002000902148006840F000701F49D1
:1037B00008600846006800F00070009000BF00BF7D
:1037C00000BF0020009019481038006840F0020047
:1037D0001649103908600846006800F002000090A1
:1037E00000BF00BF602001900220029000200390E3
:1037F000032004900920059001A90F4800F038FB30
:1038000000221146402000F0C1FC402000F0AAFC3C
:1038100000221146412000F0B9FC412000F0A2FC3A
:1038200006B010BD0064004078000020403802401F
:10383000000C024000680040000402407047000095
:1038400010B58EB004463A492068884234D105ABA1
:1038500007AA00212046FFF786FC0898C0F3032042
:10386000092826D2DFE800F005060708090A0B0C34
:103870000D0000BF00BF00BF00BF00BF00BF00BF02
:1038800000BF0898C0F303202A49087005A92948F9
:10389000007800EB8000284A02EBC000CDE903016C
:1038A0000BA807C88DE8070007A80FC814F0C6FBCF
:1038B00000E000BF00BF00BF20492068884234D12B
:1038C00005AB07AA00212046FFF74DFC0898C0F37E
:1038D0000320092826D2DFE800F005060708090AB8
:1038E0000B0C0D0000BF00BF00BF00BF00BF00BF3A
:1038F00000BF00BF0898C0F303200E49087005A957
:103900000C48007800EB80000B4A02EBC000CDE9C8
:1039100003010BA807C88DE8070007A80FC814F01B
:103920008DFB00E000BF00BF00BF0EB010BD000067
:10393000006400404A020020A0020020006800400D
:1039400070477047704770B5044694F8200001280E
:1039500022D1022084F820002068006820F00100B5
:103960002168086000F084FB05460DE000F080FB54
:10397000401B0A2808D9606A40F4003060620520C4
:1039800084F82000012070BD2068406800F001002C
:103990000028EBD16062F6E7606A40F400206062C4
:1039A0000120F0E7704770477047704770477047D5
:1039B000704770B50446A56D00F05AFB064694F8B2
:1039C0003500022808D08020606500BF002084F800
:1039D000340000BF012070BD2068006820F0160090
:1039E000216808602068406920F0800021684861F3
:1039F000206C08B9A06C28B12068006820F008008D
:103A0000216808602068006820F0010021680860D3
:103A100010E000F02DFB801B05280BD920206065ED
:103A2000032084F8350000BF002084F8340000BF74
:103A30000320D0E72068006800F001000028E8D1EA
:103A400094F85C103F208840A860012084F835007D
:103A500000BF002084F8340000BF00BFBBE7014670
:103A600091F83500022803D0802048650120704776
:103A7000052081F835000868006820F001000A6818
:103A800010600020F3E70000F8B504460020009025
:103A90008C4800684FF41651B0FBF1F7A56D2E6805
:103AA00094F85C1008208840304098B12068006885
:103AB00000F0040070B12068006820F00400216864
:103AC000086094F85C1008208840A860606D40F0A1
:103AD0000100606594F85C1001208840304068B1B6
:103AE0002068406900F0800040B194F85C1001202B
:103AF0008840A860606D40F00200606594F85C103A
:103B000004208840304068B12068006800F002005E
:103B100040B194F85C1004208840A860606D40F0CB
:103B20000400606594F85C1010208840304078B341
:103B30002068006800F0080050B394F85C10102072
:103B40008840A8602068006800F4802080B1206868
:103B5000006800F4002028B9206CC8B12046216C10
:103B6000884715E0A06C98B12046A16C88470FE00B
:103B70002068006800F4807028B92068006820F090
:103B8000080021680860206C10B12046216C88472D
:103B900094F85C10202088403040002865D02068D0
:103BA000006800F0100000285FD094F85C1020201E
:103BB0008840A86094F83500052828D1206800685E
:103BC00020F01600216808602068406920F080001D
:103BD00021684861206C08B9A06C28B12068006891
:103BE00020F008002168086094F85C103F208840AD
:103BF000A860012084F8350000BF002084F834005C
:103C000000BF206D10B12046216D8847F8BD2068A7
:103C1000006800F4802080B12068006800F4002073
:103C200028B9606C10B12046616C88471DE0E06BDC
:103C3000D8B12046E16B884717E02068006800F49F
:103C4000807068B92068006820F010002168086062
:103C5000012084F8350000BF002084F8340000BF44
:103C6000E06B10B12046E16B8847606D38B3606D42
:103C700000F00100F0B1052084F8350020680068EC
:103C800020F001002168086000BF0098401C0090EF
:103C9000B84200D905E02068006800F00100002863
:103CA000F3D100BF012084F8350000BF002084F864
:103CB000340000BFE06C10B12046E16C884700BFC3
:103CC000A4E70000880000202DE9F041044600250B
:103CD00000F0CEF9074614B90120BDE8F081606A12
:103CE00000B100BF022084F8350000BF002084F836
:103CF000340000BF2068006820F0010021680860DF
:103D00000AE000F0B5F9C01B052805D92020606540
:103D1000032084F83500E0E72068006800F0010027
:103D20000028EED12068056821480540D4E901014A
:103D30000843E16808432169084361690843A169B0
:103D40000843E1690843216A08430543606A04287F
:103D500003D1D4E90B0108430543206805602068BE
:103D6000456925F00705606A0543606A04280DD19E
:103D7000A06A0543E06A48B12046FEF75BFA28B125
:103D800040206065012084F83500A6E72068456181
:103D90002046FEF735FA064694F85C103F2088402E
:103DA000B06000206065012084F83500002094E7B1
:103DB0003F8010F02DE9F04704460D4616461F4699
:103DC0004FF00008D4F8589000BF94F83400012850
:103DD00002D10220BDE8F087012084F8340000BF42
:103DE00094F83500012825D1022084F83500002000
:103DF00060653B46324629462046FEF770FA94F845
:103E00005C103F208840C9F808002068006840F036
:103E1000160021680860206C28B12068006840F016
:103E20000800216808602068006840F001002168EF
:103E3000086006E000BF002084F8340000BF4FF0A7
:103E400002084046C6E7000070B5044600F010F9CD
:103E500006462546681C10B104480078054400BF9A
:103E600000F006F9801BA842FAD370BD8400002040
:103E7000F8B502460B460025002400200021D6E0BC
:103E8000012606FA01F51E6806EA0504AC4274D163
:103E90001E7906F00306012E04D01E7906F00306F3
:103EA000022E13D190684F000326BE40B0434F004E
:103EB000DE68BE4030439060506801268E40B043BB
:103EC0001E79C6F300168E40304350601E7906F00E
:103ED0000306032E09D0D0684F000326BE40B0432E
:103EE0004F009E68BE403043D0601E7906F0030646
:103EF000022E13D1CF0802F1200656F827004E07F4
:103F0000F70E0F26BE40B0434F07FF0E1E69BE409E
:103F10003043CF0802F1200646F8270010684F0012
:103F20000326BE40B0431E7906F003064F00BE4094
:103F3000304310605E6806F44036002E76D000BF35
:103F4000002600963C4E366846F480463A4F3E6066
:103F50003E46366806F48046009600BF00BF374EE6
:103F60008F0856F827008E07370F0F26BE40B04344
:103F7000334EB24202D1002624E057E0314EB24225
:103F800001D101261EE0304EB24201D1022619E0D5
:103F90002E4EB24201D1032614E02D4EB24201D181
:103FA00004260FE02B4EB24201D105260AE02A4E2C
:103FB000B24201D1062605E0284EB24201D10726C1
:103FC00000E008268F073F0FBE4030431B4E8F088E
:103FD00046F82700224E3068A0435E6806F480163B
:103FE00006B120431E4E3060361D3068A0435E6827
:103FF00006F4001606B12043194E361D3060184EE7
:10400000361F3068A0435E6806F4003606B12043D0
:10401000134E361F3060361F3068A0435E6806F4CA
:10402000803606B120430E4E083E3060491C1029F0
:10403000FFF426AFF8BD00004438024008380140C4
:10404000000002400004024000080240000C024050
:10405000001002400014024000180240001C024000
:10406000083C01400AB1816101E00B0483617047A3
:1040700001480068704700007C0000200348006889
:104080000349097808440149086070477C00002012
:104090008400002010B50D48006840F400700B4902
:1040A00008600846006840F48060086008460068C0
:1040B00040F480700860032000F0A6F80F2000F0A4
:1040C00007F800F02BF8002010BD0000003C024073
:1040D00070B504460E4800784FF47A71B1FBF0F0E9
:1040E0000C490968B1FBF0F5284600F02FFC08B137
:1040F000012070BD102C07D200222146501E00F076
:1041000045F80548046001E00120F2E70020F0E7EF
:1041100084000020880000208000002008B500BF37
:10412000002000900E48006840F480400C49086070
:104130000846006800F48040009000BF00BF00BF48
:1041400000200090081F006840F08050091F0860A0
:104150000846006800F08050009000BF00BF08BD16
:10416000443802400146084600280DDB00BF00BF6E
:1041700000F01F0301229A4043099B0003F1E02352
:10418000C3F8002100BF00BF00BF70472DE9F05FFA
:1041900080460D461646002702F0DAFD07463946EE
:1041A0002A46334601F00700C0F1070ABAF1040FAE
:1041B00002D94FF0040A01E0C0F1070AD14600F12C
:1041C000040ABAF1070F02D24FF0000A01E0A0F191
:1041D000030AD4464FF0010A0AFA09FAAAF1010AC1
:1041E0000AEA020A0AFA0CFA4FF0010B0BFA0CFB6E
:1041F000ABF1010B0BEA030B4AEA0B0421464046E4
:1042000002F0AEFDBDE8F09F00BF00F00702064BD4
:1042100019684FF6FF031940044B0B4343EA022190
:10422000014B196000BF70470CED00E00000FA057B
:1042300070B504460D460CB9012070BD58480068A1
:1042400000F00700A84209D255490D7008460068E1
:1042500000F00700A84201D00120EEE7207800F02E
:10426000020002281DD1207800F00400042805D1A6
:104270004C48006840F4E0504A490860207800F05B
:104280000800082805D14748006840F460404549C7
:1042900008604448006820F0F000A16808434149E4
:1042A0000860207800F00100A8B36068012807D1F9
:1042B0003C4808380068C0F34040B8B90120BCE76A
:1042C0006068022802D06068032807D135480838A2
:1042D0000068C0F3406048B90120AEE731480838B3
:1042E0000068C0F3400008B90120A6E72D48006827
:1042F00020F00300616808432A490860FFF7B8FE10
:10430000064609E0FFF7B4FE801B41F2883188427F
:1043100002D9032091E707E02248006800F00C0072
:104320006168B0EB810FEDD11D48006800F0070017
:10433000A84209D91A490D700846006800F0070024
:10434000A84201D0012078E7207800F0040004287A
:1043500007D11448006820F4E050E168084311498F
:104360000860207800F00800082808D10D4800688F
:1043700020F46040216940EAC1000A49086000F069
:104380003FF808490968C1F30311074A515CC84066
:104390000649086006480068FFF79AFE00204CE7CF
:1043A000003C024008380240988D01088800002037
:1043B000800000200148006870470000880000204D
:1043C00000B5FFF7F7FF04490968C1F38221034AEA
:1043D000515CC84000BD000008380240A88D0108AB
:1043E00000B5FFF7E7FF04490968C1F34231034A0A
:1043F000515CC84000BD000008380240A88D01088B
:104400002DE9F047002400250026A1462548006834
:1044100000F00C0020B1042805D008283AD105E0AE
:10442000DFF8849039E0DFF8849036E01D48001F03
:10443000006800F03F041B48001F006800F4800083
:1044400078B11A481749091F0968C1F38811A0FB00
:1044500001700146224600233846FBF77BFF0546E4
:104460000EE011480F49091F0968C1F38811A0FB2C
:1044700001700146224600233846FBF76BFF0546D4
:104480000848001F0068C0F30140401C4600B5FB0F
:10449000F6F902E0DFF8109000BF00BF4846BDE823
:1044A000F0870000083802400024F40040787D01C5
:1044B000F8B504460CB90120F8BD207800F00100E1
:1044C000002874D0F948006800F00C0004280DD0D2
:1044D000F648006800F00C00082813D1F348001FCC
:1044E000006800F48000B0F5800F0BD1EF48083869
:1044F0000068C0F34040002859D06068002856D1B9
:104500000120D9E700BF6068B0F5803F08D1E748D7
:104510000838006840F48030E449083908601EE03B
:104520006068B0F5A02F0DD1E0480838006840F46D
:104530008020DE49083908600846006840F4803071
:1045400008600CE0D9480838006820F48030D7496A
:10455000083908600846006820F48020086000BF21
:10456000606890B1FFF784FD054606E0FFF780FD27
:10457000401B642801D903209EE7CC480838006816
:10458000C0F340400028F1D011E0FFF771FD05466F
:1045900006E0FFF76DFD401B642801D903208BE77F
:1045A000C24808380068C0F340400028F1D12078A4
:1045B00000F0020002285FD1BC48006800F00C0047
:1045C00058B1BA48006800F00C0008281CD1B74860
:1045D000001F006800F48000B0B9B44808380068D3
:1045E000C0F3400020B1E068012801D0012063E75A
:1045F000AE480838006820F0F800216940EAC100A0
:10460000AA490839086037E0E06800B30120A849EA
:104610000860FFF72DFD054606E0FFF729FD401B6A
:10462000022801D9032047E7A04808380068C0F3F2
:1046300040000028F1D09D480838006820F0F800BC
:10464000216940EAC10099490839086014E0002056
:1046500097490860FFF70CFD054606E0FFF708FDE7
:10466000401B022801D9032026E79048083800683B
:10467000C0F340000028F1D1207800F0080008289D
:104680002CD16069A8B101208A490860FFF7F0FCCD
:10469000054606E0FFF7ECFC401B022801D9032089
:1046A0000AE782486C300068C0F340000028F1D06F
:1046B00014E000207F490860FFF7DAFC054606E0B9
:1046C000FFF7D6FC401B022801D90320F4E6774807
:1046D0006C300068C0F340000028F1D1207800F071
:1046E0000400042870D1002770483830006800F0BA
:1046F000805090B900BF002000906C4838300068AE
:1047000040F080506949383108600846006800F080
:104710008050009000BF00BF01276748006800F488
:104720008070B0B96448006840F4807062490860E5
:10473000FFF79EFC054606E0FFF79AFC401B0228A7
:1047400001D90320B8E65C48006800F480700028B6
:10475000F2D000BFA068012808D154486830006832
:1047600040F001005149683108601DE0A06805284B
:104770000DD14E486830006840F004004B49683164
:1047800008600846006840F0010008600CE04748F7
:104790006830006820F0010044496831086008462C
:1047A000006820F00400086000BFA068A8B1FFF70F
:1047B0005FFC054609E0FFF75BFC401B41F28831D6
:1047C000884202D9032077E626E03848683000683E
:1047D000C0F340000028EED013E0FFF749FC054687
:1047E00008E0FFF745FC401B41F28831884201D9BF
:1047F000032061E62D4868300068C0F340000028BF
:10480000EFD1012F07D129483830006820F08050BF
:1048100026493831086000BFA069002845D02348E8
:10482000006800F00C0008285DD0A069022845D17E
:1048300000201F490866FFF71BFC054606E0FFF74E
:1048400017FC401B022801D9032035E61748083819
:104850000068C0F340600028F1D1D4E907010843A3
:10486000616A40EA81110122A06AC2EB500041EA6C
:1048700000412C20005D41EA00600C49091F0860DE
:1048800001200B490866FFF7F3FB054606E0FFF73A
:10489000EFFB401B022801D903200DE6034808382E
:1048A0000068C0F340600028F1D049E008380240B9
:1048B00000004742800E474200700040002021491E
:1048C0000866FFF7D5FB054606E0FFF7D1FB401B66
:1048D000022801D90320EFE51B480068C0F34060BF
:1048E0000028F2D12CE0A069012800D1E4E51648A7
:1048F000001D0668A069012820D006F48001E06947
:1049000081421BD106F03F01206A814216D147F651
:10491000C0703040616AB0EB811F0FD106F44031A6
:104920000122A06AC2EB5000B1EB004F06D106F0A5
:1049300070612C20005DB1EB006F01D00120BBE560
:104940000020B9E5000047420038024070B5044637
:104950002546681EB0F1807F01D301200FE0681E5C
:104960004FF0E02148610F214FF0FF3002F0F8F9DD
:1049700000204FF0E021886107200861002070BD11
:104980007047704730B502460B4600BF92F83C00B6
:10499000012801D1022030BD012082F83C0000BF77
:1049A000022082F83D00106844681068816824F095
:1049B00070041868044310684460184D1068A842D9
:1049C0001BD01068B0F1804F17D0154D1068A84269
:1049D00013D0144D1068A8420FD0134D1068A84290
:1049E0000BD0124D1068A84207D0114D1068A84294
:1049F00003D0104D1068A84205D121F080015868FD
:104A0000014310688160012082F83D0000BF002052
:104A100082F83C0000BF00BFBDE70000000001407D
:104A20000004004000080040000C00400004014069
:104A3000004001400018004010B504460CB90120A8
:104A400010BD94F83D0028B9002084F83C002046B1
:104A500000F026F8022084F83D00211D206801F0B6
:104A60009DFD012084F8460000BF84F83E0001212E
:104A70003F200155402001554120015500BF00BF96
:104A8000012084F84200432001554420015545206F
:104A9000015500BF012084F83D000020D0E7000050
:104AA00038B5044618492068884218D100BF002054
:104AB00000901648006840F010001449086008464D
:104AC000006800F01000009000BF00BF00221146F7
:104AD0003620FFF75BFB3620FFF744FB13E00C4961
:104AE000206888420FD100BF00200090074800686E
:104AF00040F02000054908600846006800F02000EA
:104B0000009000BF00BF38BD001000404038024098
:104B100000140040014691F83D00012801D0012019
:104B20007047022081F83D000868C06840F001002D
:104B30000B68D8601A4B086898421BD00868B0F11F
:104B4000804F17D0174B0868984213D0164B08684F
:104B500098420FD0154B086898420BD0144B086848
:104B6000984207D0134B0868984203D0124B08684C
:104B700098420CD10868806800F00702062A0CD021
:104B80000868006840F001000B68186005E00868DC
:104B9000006840F001000B6818600020C0E70000CA
:104BA000000001400004004000080040000C0040EC
:104BB000000401400040014000180040704770B5FB
:104BC00004462068C5682068066906F002000228CD
:104BD00019D105F00200022815D1401F2168086193
:104BE000012020772068806900F0030018B120467A
:104BF000FFF7E4FF05E0204600F097F8204600F0BC
:104C000095F80020207706F00400042819D105F05B
:104C10000400042815D1C0432168086102202077D0
:104C20002068806900F4407018B12046FFF7C6FF85
:104C300005E0204600F079F8204600F077F80020E3
:104C4000207706F00800082819D105F00800082888
:104C500015D1C04321680861042020772068C0690D
:104C600000F0030018B12046FFF7A8FF05E020463A
:104C700000F05BF8204600F059F80020207706F09D
:104C80001000102819D105F01000102815D1C043CC
:104C900021680861082020772068C06900F440700E
:104CA00018B12046FFF78AFF05E0204600F03DF8E6
:104CB000204600F03BF80020207706F0010048B1C4
:104CC00005F0010030B16FF0010021680861204655
:104CD00000F02EF806F08000802809D105F0800051
:104CE000802805D1C043216808612046FFF748FEAF
:104CF00006F04000402809D105F04000402805D1C9
:104D0000C04321680861204600F0E6FA06F0200062
:104D1000202809D105F02000202805D1C0432168B2
:104D200008612046FFF72DFE70BD704770470000F8
:104D300070B52DED028B0546FE492868884232D1B8
:104D4000FD48007805282FD100241FE0C4EBC400E3
:104D500000EB0410F94901EB800090ED0B0AC4EB65
:104D6000C40000EB041001EB800080ED0F0A9FED02
:104D7000F40AC4EBC40000EB041001EB800080EDEA
:104D8000100AE0B2EF49FDF7C5FF641C042CDDDB1F
:104D9000ED480078FDF766FFEB480078401C00F016
:104DA0000300E949087086E2E348007801287DD1D4
:104DB00000246FE0E54800EB840090ED000AE44831
:104DC00000EB8400D0ED000A9FEDE21A70EEC10AFC
:104DD000B4EEE00AF1EE10FA0ED2DC4800EB8400EB
:104DE00090ED000ADFEDDB0A30EE200AD74800EB39
:104DF000840080ED000A2BE0D44800EB840090EDA5
:104E0000000AD34800EB8400D0ED000A9FEDD11AD0
:104E100070EE810AB4EEE00AF1EE10FA0EDDCB4836
:104E200000EB840090ED000ADFEDCA0A30EE600A64
:104E3000C64800EB840080ED000A09E0C44800EB9E
:104E4000840090ED000AC14800EB840080ED000A68
:104E50009FEDC10AC4EBC40000EB0410B74901EB9D
:104E6000800080ED0F0AB94800EB840090ED000A45
:104E7000C4EBC40000EB041001EB800080ED100ACD
:104E8000C4EBC40101EB0411AC4A02EB8100FDF755
:104E9000EDFA641C042C8DDBDFEDB00AB6EE000ADF
:104EA000A9480078FDF724FDA74800E006E0007857
:104EB000401C00F00300A4490870FCE19E48007803
:104EC000022803D09C48007803280FD1A44800781A
:104ED00099490978884201D013F060F99648007822
:104EE0009F490870984813F075F9E4E196480078F6
:104EF00000286BD19B4890ED000B51EC100B13F088
:104F0000B5FA08EE100A984890ED001BB0EE410A81
:104F1000F0EE610A51EC100B13F0A8FA08EE900ABB
:104F20009248D0ED000AB0EE600A9FED8C2AF0EEB8
:104F3000481AB0EE681ADFED880A012200218C4879
:104F400013F01EF98A4B0B2200218A4813F016F841
:104F5000874B0A220021874813F010F8814890ED12
:104F6000000B51EC100B13F081FA08EE100A7E488A
:104F700090ED041BB0EE410AF0EE610A51EC100B0B
:104F800013F074FA08EE900A7848D0ED020AB0EEF9
:104F9000600A9FED722AF0EE481AB0EE681ADFED53
:104FA0006E0A01220221724813F0EAF8704B0B22BC
:104FB0000021714812F0E2FF6D4B0A2200216E4879
:104FC00012F0DCFF01206049087074E15E4800784F
:104FD00001286BD1634890ED000B51EC100B13F0DE
:104FE00045FA08EE100A604890ED021BB0EE410A47
:104FF000F0EE610A51EC100B13F038FA08EE900A4B
:105000005A48D0ED010AB0EE600A9FED542AF0EE46
:10501000481AB0EE681ADFED500A012211465448D2
:1050200013F0AEF8524B0B220021524812F0A6FFAB
:105030004F4B0A2200214F4812F0A0FF494890ED43
:10504000000B51EC100B13F011FA08EE100A464851
:1050500090ED061BB0EE410AF0EE610A51EC100B28
:1050600013F004FA08EE900A4048D0ED030AB0EEBF
:10507000600A9FED3A2AF0EE481AB0EE681ADFEDAA
:10508000360A012203213A4813F07AF8384B0B22F2
:105090000021394812F072FF354B0A2200213648B0
:1050A00012F06CFF02202849087004E126480078BD
:1050B00002283ED12B4890ED000B51EC100B13F061
:1050C000D5F908EE100A284890ED081BB0EE410A09
:1050D000F0EE610A51EC100B13F0C8F908EE900ADB
:1050E0002248D0ED040AB0EE600A9FED1C2AF0EED3
:1050F000481AB0EE681ADFED180A012204211C4894
:1051000013F03EF81A4B0B2200211B4812F036FF19
:10511000174B0A220021184812F030FF114890ED79
:10512000000B51EC100B13F0A1F908EE100A0E4819
:1051300024E051E00010004030000020B80A0020B8
:10514000AE4761BE34000020000000202000002097
:10515000100000206F12033A000000000AD7233C21
:1051600074000020D8000020480A0020880A00208F
:1051700078020020880600206006002090ED0C1BBD
:10518000B0EE410AF0EE610A51EC100B13F06EF92B
:1051900008EE900A4948D0ED060AB0EE600A1FED0D
:1051A000112AF0EE481AB0EE681A5FED150A0122D6
:1051B0000621434812F0E4FF414B0B2200214148F5
:1051C00012F0DCFE3E4B0A2200213E4812F0D6FED1
:1051D00003203D4908706EE03B48007803286AD1FF
:1051E0003A4890ED000B51EC100B13F03FF908EE2C
:1051F000100A374890ED0A1BB0EE410AF0EE610A42
:1052000051EC100B13F032F908EE900A2B48D0ED58
:10521000050AB0EE600A1FED2F2AF0EE481AB0EE34
:10522000681A5FED330A01220521254812F0A8FF14
:10523000234B0B220021274812F0A0FE204B0A220C
:105240000021244812F09AFE204890ED000B51EC0A
:10525000100B13F00BF908EE100A1D4890ED0E1B11
:10526000B0EE410AF0EE610A51EC100B13F0FEF8BB
:1052700008EE900A1148D0ED070AB0EE600A1FED63
:10528000492AF0EE481AB0EE681A5FED4D0A012285
:1052900007210B4812F074FF094B0B22002109482B
:1052A00012F06CFE064B0A220021064812F066FE40
:1052B000002005490870BDEC028B70BD880A0020F3
:1052C000780200208806002000000020D80000207E
:1052D000480A0020600600207047F8B504460E46D4
:1052E000174694F8420020282ED106B10FB90120AC
:1052F000F8BD01202063002060633A463146204615
:1053000001F04CFC0546EDB9206B012819D100BF16
:10531000002000902068006800902068406800909D
:1053200000BF00BF00BF00BF21680C3151E8001F63
:1053300041F0100021680C3141E80002002AF3D14D
:1053400000E001252846D3E70220D1E770B50546E5
:105350000C460F492868884218D1284600F022F8E8
:1053600022460C490C4812F06BFC7F210948FBF7E0
:1053700032F97F2207490948FFF7AFFF0848006864
:10538000006820F0080006490968086070BD000048
:105390000044004038090020B80900208807002098
:1053A0007808002070B50446002520684069C0F3E5
:1053B000C01594F84100212817D1B5B100BF00BF36
:1053C0002168143151E8001F21F080002168143158
:1053D00041E80002002AF3D100BFA06B10B1A06B1E
:1053E000FEF7E7FA204601F031FA20684069C0F381
:1053F000801594F84200222817D1B5B100BF00BF34
:105400002168143151E8001F21F040002168143157
:1054100041E80002002AF3D100BFE06B10B1E06B5D
:10542000FEF7C7FA204601F0CBF9002070BD00005E
:1054300010B5044604492068884204D11222034969
:10544000034800F00FFB10BD001001406602002071
:10545000400700202DE9F84F0446206805682068C1
:10546000C668206847694FF00009CA4605F00F0971
:10547000B9F1000F0AD105F0200038B106F0200084
:1054800020B1204601F0F5F9BDE8F88FB9F1000F21
:105490007CD007F0010018B906F49070002875D090
:1054A00005F0010030B106F4807018B1606C40F076
:1054B0000100606405F0040030B107F0010018B18C
:1054C000606C40F00200606405F0020030B107F04B
:1054D000010018B1606C40F00400606405F0080041
:1054E00048B106F0200010B907F0010018B1606C57
:1054F00040F008006064606C002846D005F0200091
:1055000028B106F0200010B1204601F0B2F9206861
:105510004069C0F3801A606C00F0080010B9BAF15D
:10552000000F2DD0204601F04BF92068406900F0B3
:105530004000402820D100BF00BF2168143151E84D
:10554000001F21F040002168143141E80002002AC8
:10555000F3D100BFE06B50B17748E16B0865E06BB9
:10556000FEF77DFA88B1E06B016D88470DE02046BB
:10557000FFF75EFF09E009E02046FFF759FF04E06E
:105580002046FFF755FF002060647DE7206B01286F
:1055900078D105F01000002874D006F01000002823
:1055A000FAD000BF002000902068006800902068BA
:1055B0004068009000BF00BF2068406900F04000D4
:1055C000402860D1E06B006840681FFA80F8B8F1AD
:1055D000000F56D0A08D404553DDA4F82E80E06B1F
:1055E000C069B0F5807F43D000BF00BF21680C3197
:1055F00051E8001F21F4807021680C3141E800025D
:10560000002AF3D100BF00BF00BF2168143151E868
:10561000001F21F001002168143141E80002002A36
:10562000F3D100BF00BF00BF2168143151E8001F53
:1056300021F040002168143141E80002002AF3D132
:1056400000BF202084F842000020206300BF00BF7C
:1056500021680C3151E8001F21F0100021680C3145
:1056600041E80002002AF3D100BFE06BFEF7A1F988
:1056700002206063A08DE28D801A81B22046FFF780
:1056800065FE01E742E0A08DE18D401A1FFA80F827
:10569000E08DD0B3B8F1000F37D000BF00BF216854
:1056A0000C3151E8001F21F4907021680C3141E861
:1056B0000002002AF3D100BF00BF00BF21681431EF
:1056C00051E8001F21F001002168143141E8000277
:1056D000002AF3D100BF202084F84200002020637C
:1056E00000BF00BF21680C3151E8001F21F01000FD
:1056F00021680C3141E80002002AF3D100BF0220EA
:10570000606341462046FFF721FEBDE605F08000BC
:1057100030B106F0800018B1204601F0A3FAB3E6DC
:1057200005F0400030B106F0400018B1204601F00D
:105730007DF8A9E600BFA7E68566000810B5044617
:105740000CB9012010BDA06900B100E000BF94F8C1
:10575000410028B9002084F84000204600F02AF8D3
:10576000242084F841002068C06820F4005021689B
:10577000C860204601F0FCF82068006920F49040E1
:10578000216808612068406920F02A00216848618A
:105790002068C06840F400502168C8600020606440
:1057A000202084F8410084F842000020606300BF9C
:1057B000C8E7000010B586B00446142101A8FAF726
:1057C0000AFF9B492068884278D100BF00200090E2
:1057D0009848006840F01000964908600846006844
:1057E00000F01000009000BF00BF00BF002000903C
:1057F00090481438006840F001008E491439086060
:105800000846006800F00100009000BF00BF00BF24
:10581000002000900846006840F00200086008463A
:10582000006800F00200009000BF00BF4815019022
:10583000022002900020039003200490072005908E
:1058400001A97D48FEF714FB802001900220029000
:1058500000200390032004900720059001A97748B9
:10586000FEF706FB7648774908604FF00060486015
:10587000002174488160C1604FF4806101610021A2
:10588000416181614FF48071C1614FF44031016227
:1058900000214162FEF718FA08B1FCF788FD00BF4D
:1058A0006848E063846300BF002211462520FEF7AC
:1058B0006DFC2520FEF756FCB8E0FFE76249206842
:1058C00088425AD100BF002000905A48001F00684B
:1058D00040F400305749091F08600846006800F48A
:1058E0000030009000BF00BF00BF00200090514872
:1058F0001438006840F008004E4914390860084622
:10590000006800F00800009000BF00BF6020019018
:1059100002200290002003900320049007200590AD
:1059200001A94A48FEF7A4FA49484A4908604FF0DD
:1059300000604860002147488160C1604FF4806189
:1059400001610021416181614FF48071C1610021D9
:1059500001624162FEF7B8F908B1FCF728FD00BF0B
:105960003C48E063846300BF002211462620FEF716
:105970000DFC2620FEF7F6FB58E0374920688842E8
:1059800054D100BF002000902A48006840F0200059
:10599000284908600846006800F02000009000BF19
:1059A00000BF00BF0020009022481438006840F07B
:1059B00004002049143908600846006800F004001B
:1059C000009000BF00BFC020019002200290002084
:1059D0000390032004900820059001A91F48FEF7BA
:1059E00047FA174860381E49086080054860002162
:1059F0001B488160C1604FF48061016100214161F9
:105A00008161C16101624162FEF75EF908B1FCF794
:105A1000CEFC00BF1248E063846300BF0022114641
:105A20004720FEF7B3FB4720FEF79CFB06B010BDF6
:105A300000100140443802400000024000040240CF
:105A4000886402401808002000440040000C024016
:105A500088600240780800200014014000080240DD
:105A6000D808002070B504460D46164694F842004A
:105A700020280BD105B10EB9012070BD0020206394
:105A800032462946204601F089F8F6E70220F4E77D
:105A900034490978334A527841EA0221C1F30A01B4
:105AA000314A11802F494978C9102E4A927841EA2B
:105AB0004211C1F30A012C4A51802A49897889117F
:105AC000284AD27841EA8201264A127941EA8221A3
:105AD000C1F30A01244A9180224909794910214AD7
:105AE000527941EAC211C1F30A011F4AD1801D490E
:105AF00049790911890811721A494979C1F30111CB
:105B000051721849097C174A527C41EA0221164A0F
:105B1000518114498979134AD27941EA0221124A02
:105B200091811049097A0F4A527A41EA02220E49BC
:105B3000CA810C49897A0B4AD27A41EA02220A497F
:105B40000A8208490A7B08498A7406494A7B064941
:105B5000CA740449897B034AD27B41EA0221024A82
:105B60009182704766020020500200207047704703
:105B700000BFFEE710B50E480E49086003204860DC
:105B800000210C488160C1604FF4102101614FF485
:105B9000001141610021017641768176C17601775D
:105BA0004177FDF7D1FC08B1FCF701FC10BD000006
:105BB000006400406006002010B50E480E490860E1
:105BC0000320486000210C488160C1604FF410211F
:105BD00001614FF400114161002101764176817627
:105BE000C17601774177FDF7AFFC08B1FCF7DFFB29
:105BF00010BD0000006800408806002008B500BF06
:105C0000002000901A48006840F48000184908609D
:105C10000846006800F48000009000BF00BF00BF8D
:105C2000002000900846006840F400100860084614
:105C3000006800F40010009000BF00BF0022114671
:105C40001020FEF7A3FA1020FEF78CFA002211466E
:105C50003920FEF79BFA3920FEF784FA002211461C
:105C60004420FEF793FA4420FEF77CFA08BD0000BA
:105C70003038024000B587B0142102A8FAF7ABFC17
:105C800000BF002001902E48006840F080002C49A1
:105C900008600846006800F08000019000BF00BF67
:105CA00000BF002001900846006840F00400086032
:105CB0000846006800F00400019000BF00BF00BF6C
:105CC000002001900846006840F001000860084686
:105CD000006800F00100019000BF00BF00BF00207D
:105CE00001900846006840F0080008600846006817
:105CF00000F00800019000BF00BF00BF002001902D
:105D00000846006840F0020008600846006800F09D
:105D10000200019000BF00BF002218210948FEF7D1
:105D2000A1F9182002901120039000200490022075
:105D3000059002A90348FEF79BF807B000BD0000DC
:105D400030380240000C02401CB500200090019049
:105D50000E480F49086042F2CF00486000210C480D
:105D600081601321C16080218161FEF765FE08B169
:105D7000FCF71DFB00200090019069460448FEF7E7
:105D800001FE08B1FCF713FB1CBD00000010004031
:105D9000B00600201CB50020009001900E480F496D
:105DA00008605320486000210C4881604FF6FF7165
:105DB000C16000218161FEF73FFE08B1FCF7F7FAF0
:105DC00000200090019069460448FEF7DBFD08B111
:105DD000FCF7EDFA1CBD000000140040F80600209E
:105DE00010B50C480C4908600C4848604FF48051CD
:105DF000094881600021C1604FF4806101610C217C
:105E0000416100218161C161FFF798FC08B1FCF795
:105E1000CEFA10BD0010014040070020A08601000E
:105E200010B50B480B4908604FF4E1304860002181
:105E300008488160C16001610C21416100218161DC
:105E4000C161FFF77BFC08B1FCF7B1FA10BD00009F
:105E5000004400408807002010B50B480B4908603B
:105E60004FF4E1304860002108488160C160016161
:105E70000C21416100218161C161FFF75FFC08B124
:105E8000FCF795FA10BD000000140140D007002077
:105E900000BFFEE700BFFEE700200CE0002106E0A7
:105EA0000022064B03EBC0135A544A1CD1B280297E
:105EB000F6DB421CD0B20828F0DB7047A00C0020B3
:105EC0002DE9F04304460D4616461F46284638E0A5
:105ED000224631E0002A2DDB7F2A2BDC002829DB3B
:105EE0003F2827DC4FEAE07C00EB5C7C4FEAEC0CBF
:105EF000DFF8588008EBCC1C1CF802C003464FEAC0
:105F0000E07800EB58784FEAE808A0EBC8094FF0BA
:105F1000010808FA09F82CEA080C01464FEAE07873
:105F200000EB58784FEAE808DFF8209009EBC81832
:105F300008F802C0511C0AB2A1199142CADC411CE6
:105F400008B2E9198142C3DCBDE8F083A00C00204F
:105F500070B5002406E0002500E06D1CB5F57A7FE1
:105F6000FBD3641CB4F57A7FF5D3012000F052FA1C
:105F7000012000F063FA70BD70B50546002411E001
:105F800080212141294009B1012100E0002108467A
:105F900000F054FA012000F03DFA002000F03AFA37
:105FA000601CC4B2082CEBDB012000F033FA0020A7
:105FB00000F030FA70BD10B5012000F03FFA01206A
:105FC00000F028FA002000F039FA002000F022FA50
:105FD00010BD10B5002000F031FA012000F01AFACF
:105FE000012000F02BFA10BD10B5FFF7B1FFAE2075
:105FF00000F038FAD52000F035FA802000F032FAAF
:10600000A82000F02FFA3F2000F02CFAD32000F057
:1060100029FA002000F026FA402000F023FAA120FF
:1060200000F020FAC82000F01DFADA2000F01AFA79
:10603000122000F017FA812000F014FACF2000F0AF
:1060400011FAD92000F00EFAF12000F00BFADB2053
:1060500000F008FA302000F005FAA42000F002FA5F
:10606000A62000F0FFF98D2000F0FCF9142000F0CC
:10607000F9F9AF2000F0F6F9FFF70EFF00F0B6F9DE
:1060800010BD0FB470B5C2B005460E4614464AA8FE
:10609000019002A8019A4999FAF7D4F900200190D9
:1060A000234602AA3146284600F0BEF842B070BC32
:1060B0005DF814FB70B505460C4645F0B00000F0E5
:1060C000D1F9102141EA141000F0CCF904F00F00CE
:1060D00000F0C8F970BD0000F8B506460F4614463A
:1060E0001D46082D0CD1A4F120000E4901EB001033
:1060F0001023082239460090304600F017F80FE0D0
:10610000062D0DD1A4F1200000EB4000064901EB63
:1061100040000823062239460090304600F006F879
:10612000F8BD0000508F0108409501082DE9FF4F90
:1061300080460E469146DDF834B0002500244A46DC
:1061400031464046039BFFF7BBFE00BF5EE00025E3
:1061500058E008EB0500002852DB08EB05007F281B
:106160004EDC3046F11706EB5171C9100FB2F11732
:1061700006EB5171C910A6EBC10A002E05DA781E94
:1061800007B20AF108000FFA80FA3819002817DB65
:106190003819072814DC3819224901EBC01008EB24
:1061A0000501405C04FB09511BF8011001FA0AF1DA
:1061B000084339191B4A02EBC11108EB0502885448
:1061C0003819401C00281BDB3819401C072817DC35
:1061D0003819401C134901EBC01008EB0501405C65
:1061E00004FB09511BF80110CAF1080211410843D0
:1061F0003919491C0B4A02EBC11108EB05028854FE
:10620000681CC5B24D45A4DB601CC4B20399481E8E
:10621000C11700EB5171012202EBE101A14296DCB2
:10622000BDE8FF8FA00C00202DE9FE4F07468A46EF
:10623000144698460025AB460026CBE0605D00F092
:10624000800058B94FF0010B2846691C8DB2205CC4
:106250008DF8040000208DF805006BE0605D00F013
:10626000E000C02814D14FF0020B2846691C8DB203
:10627000205C8DF80400605D00B9AFE02846691C21
:106280008DB2205C8DF8050000208DF8060051E0ED
:10629000605D00F0F000E0281DD14FF0030B2846B0
:1062A000691C8DB2205C8DF80400605D00B995E03A
:1062B0002846691C8DB2205C8DF80500605D00B930
:1062C0008CE02846691C8DB2205C8DF80600002009
:1062D0008DF807002EE0605D00F0F800F02826D170
:1062E0004FF0040B2846691C8DB2205C8DF8040029
:1062F000605D00B972E02846691C8DB2205C8DF8A3
:106300000500605D00B969E02846691C8DB2205C1B
:106310008DF80600605D00B960E02846691C8DB20A
:10632000205C8DF8070000208DF8080002E0681C52
:1063300085B24FE0BBF1010F0BD19DF80420B919D4
:1063400008B243465146FFF7C7FE06EB080086B287
:106350003FE04FF000090EE009EB890101EB491124
:10636000204A881801A9FAF75DF900B90EE009F191
:1063700001001FFA80F909EB890101EB4911194A63
:10638000881819A1FAF74EF90028E5D100BFB8F135
:10639000080F12D109EB890000EB4910114908449C
:1063A000401DB919009008B210231A465146FFF754
:1063B000BDFE06F1100086B20BE0B8F1060F08D161
:1063C000B91908B206233F225146FFF785FEB01DDA
:1063D00086B200BF605D00287FF430AF00BFBDE82B
:1063E000FE8F00007A9701080000000010B500241D
:1063F0000BE000212046FFF75DFE054901EBC410CC
:10640000802100F03FF8601CC4B2082CF1DB10BD05
:10641000A00C002010B50446224610210648FDF7C6
:1064200021FE00BF00BF00BF00BF00BF00BF00BF14
:1064300000BF00BF00BF10BD000C024010B50446F5
:10644000224608210648FDF70DFE00BF00BF00BF31
:1064500000BF00BF00BF00BF00BF00BF00BF10BD36
:10646000000C024010B50446FFF7A5FD7820FFF7A9
:1064700083FD0020FFF780FD2046FFF77DFDFFF73D
:10648000A8FD10BD70B505460E46FFF794FD7820B7
:10649000FFF772FD4020FFF76FFD002404E0285D48
:1064A000FFF76AFD601CC4B2B442F8DBFFF791FD50
:1064B00070BD7047704710B5FDF7E0FD10BD0000DE
:1064C00000B593B0302107A8FAF785F8142102A887
:1064D000FAF781F800BF002001902548006840F0DD
:1064E0008050234908600846006800F08050019001
:1064F00000BF00BF00BF002001901E48006840F4AC
:1065000080401C4908600846006800F48040019003
:1065100000BF00BF0220079001200A9010200B90BE
:1065200002200D9000210E9108210F91A8211091B9
:10653000022111910421129107A8FDF7B9FF08B1BA
:10654000FBF735FF0F2002900220039000200490FB
:106550004FF4A05005904FF480500690052102A8FA
:10656000FDF766FE08B1FBF722FF13B000BD000087
:1065700040380240007000400348006840F470005A
:10658000014908607047000088ED00E010B502483E
:10659000FEF715FB10BD0000B006002010B5026824
:1065A0002D4B98420ED0B0F1804F0BD02B4B984220
:1065B00008D02B4B984205D02A4B984202D02A4B48
:1065C000984203D122F070024B681A43224B984242
:1065D00020D0B0F1804F1DD0204B98421AD0204BD4
:1065E000984217D01F4B984214D01F4B984211D09D
:1065F0001E4B98420ED01E4B98420BD01D4B98421A
:1066000008D01D4B984205D01C4B984202D01C4B21
:10661000984203D122F44072CB681A4322F08003DF
:106620004C6943EA040202608B68C3620B688362B0
:10663000094B984202D00C4B984201D10B6903637D
:1066400001234361036903F001031BB1036923F0D4
:106650000103036110BD0000000001400004004080
:1066600000080040000C00400004014000400140D0
:10667000004401400048014000180040001C004058
:106680000020004070B50546AC6B0020E085E0843A
:106690002046FEF7CDFE70BD70B506460025B46BF2
:1066A00020684069C0F3C01594F84100212805D145
:1066B00025B10020E084204600F0C8F82068406939
:1066C000C0F3801594F84200222805D125B100209E
:1066D000E085204600F074F8606C40F010006064C3
:1066E0002046FEF7A5FE70BD70B50546AC6B286868
:1066F000006800F48070002842D1E08500BF00BF30
:1067000021680C3151E8001F21F4807021680C31A0
:1067100041E80002002AF3D100BF00BF00BF21689A
:10672000143151E8001F21F001002168143141E8C3
:106730000002002AF3D100BF00BF00BF216814315E
:1067400051E8001F21F040002168143141E80002A7
:10675000002AF3D100BF202084F84200206B0128DA
:106760000ED100BF00BF21680C3151E8001F21F09D
:10677000100021680C3141E80002002AF3D100BF6B
:1067800000206063206B012804D1A18D2046FEF714
:10679000DDFD02E02046FFF77BF970BD70B50546D0
:1067A000AC6B01206063206B012805D1A08D4108EE
:1067B0002046FEF7CBFD02E02046FFF7D7F970BD7B
:1067C00000BF00BF02680C3252E8002F22F4907123
:1067D00002680C3242E80013002BF3D100BF00BF67
:1067E00000BF0268143252E8002F22F00101026853
:1067F000143242E80013002BF3D100BF016B0129D2
:106800000ED100BF00BF02680C3252E8002F22F008
:10681000100102680C3242E80013002BF3D100BFD4
:10682000202180F8421000210163704710B5044612
:106830002068C06820F040002168C860202084F8EB
:1068400041002046FFF793F9002010BD00BF00BFB4
:1068500002680C3252E8002F22F0C00102680C32AC
:1068600042E80013002BF3D100BF202180F8411033
:106870007047F8B5044694F84200222875D1A06804
:10688000B0F5805F0CD1206950B90025A66A206858
:106890004068C0F308003080A06A801CA06215E048
:1068A000A56A0026A068B0F5805F03D0A06828B96B
:1068B000206918B920684068287004E020684068A2
:1068C00000F07F002870A06A401CA062E08D401E8E
:1068D00080B2E085002846D12068C06820F0200002
:1068E0002168C8602068C06820F480702168C86092
:1068F0002068406920F0010021684861202084F868
:10690000420000206063206B012826D10020206314
:1069100000BF00BF21680C3151E8001F21F01000BA
:1069200021680C3141E80002002AF3D100BF206841
:10693000006800F0100010280AD100BF002000906D
:1069400020680068009020684068009000BF00BF89
:10695000A18D2046FEF7FAFC02E02046FFF798F8EA
:106960000020F8BD01E00020FBE70220F9E700006D
:106970002DE9F84F04462068006920F44050E16892
:106980000843216808612169A068084361690843D8
:10699000E169084300902068C06849F20C618843AF
:1069A000009908432168C8602068406920F440705D
:1069B000A16908432168486176492068884203D06C
:1069C00075492068884203D1FDF70AFD814602E03F
:1069D000FDF7F6FC8146E069B0F5004F6CD102206E
:1069E0006168A0FB015003461920A9FB0070014615
:1069F0002A463846F9F7AEFC6421B0FBF1F04FEAC5
:106A0000001A02206168A0FB01510B461920A9FB66
:106A100000712A463846F9F79DFC834602206168DA
:106A2000A0FB015003461920A9FB00712A463846F5
:106A3000F9F790FC6421B0FBF1F000EBC00101EB31
:106A40000010ABEB8000322101EBC0006421B0FBF1
:106A5000F1F000F0F8000AEB400A02206168A0FBA8
:106A6000015003461920A9FB007001462A4638460A
:106A7000F9F770FC834602206168A0FB01500346D1
:106A80001920A9FB00712A463846F9F763FC6421F6
:106A9000B0FBF1F000EBC00101EB0010ABEB8000AC
:106AA000322101EBC0006421B0FBF1F000F00700DF
:106AB0005044216888606AE004206168A0FB0150AE
:106AC00003461920A9FB007001462A463846F9F70B
:106AD00041FC824604206168A0FB01500346192056
:106AE000A9FB007001462A463846F9F733FC6421B9
:106AF000B0FBF1F000EBC00101EB0010AAEB80004D
:106B0000322101EB00106421B0FBF1F000F0F00A3B
:106B100004206168A0FB017003461920A9FB005105
:106B20003A462846F9F716FC6421B0FBF1F00AEB6F
:106B3000001A04206168A0FB01510B461920A9FB33
:106B400000712A463846F9F705FC8346042061683F
:106B5000A0FB015003461920A9FB007001462A46FC
:106B60003846F9F7F7FB6421B0FBF1F000EBC00108
:106B700001EB0010ABEB8000322101EB001064212F
:106B8000B0FBF1F000F00F00504421688860BDE8D0
:106B9000F88F0000001001400014014077B581B06B
:106BA000044615460298A062A58500206064222054
:106BB00084F842002848E16BC8632848E16B086408
:106BC0002748E16BC8640020E16B086502AE3268BB
:106BD0002368191D2B46E06BFDF7ECF800BF002081
:106BE000009020680068009020684068009000BF16
:106BF00000BF206970B100BF00BF21680C3151E8AF
:106C0000001F41F4807021680C3141E80002002A25
:106C1000F3D100BF00BF00BF2168143151E8001F4D
:106C200041F001002168143141E80002002AF3D14B
:106C300000BF00BF00BF2168143151E8001F41F0C0
:106C400040002168143141E80002002AF3D100BF5E
:106C5000002004B070BD0000E96600089D670008D0
:106C600099660008014691F84100212828D18868DA
:106C7000B0F5805F0BD1086948B90A6A1088C0F383
:106C800008000B685860086A801C086205E00B6AFF
:106C9000581C086218780B685860C88C401E80B277
:106CA000C88458B90868C06820F080000B68D860B4
:106CB0000868C06840F040000B68D860002070474A
:106CC0000220FCE710B50248FEF7C4FB10BD00002F
:106CD0004007002010B50248FEF7BCFB10BD0000C5
:106CE0008807002010B50248FEF7B4FB10BD000075
:106CF000D007002000BFFEE703B4019841000098D0
:106D000050EAC12018BF04204A0D18BF40F001000E
:106D100040F2FF72B2EB515F08BF40F00200012861
:106D200008BF052002B070474100080218BF0420C8
:106D30000A0E18BF40F001004FF07F4232EA010115
:106D400008BF40F00200012808BF0520704700007E
:106D500002480068C0F30220704700000CED00E01C
:106D600010B5002804DB0A07130E054A135406E089
:106D70000A07140E034A00F00F031B1FD45410BD62
:106D800000E400E018ED00E010B510EE104A4FF0FE
:106D90001A402DED028B00EB4400B0F1C85F4AD8D9
:106DA0004FF0FC40B0EB440F22D2B0EEC00AF7EE39
:106DB000000A30EEC00AF6EE000A20EE208A18EE35
:106DC000100A10F0F7FF00EE100A14F0004F1DBF7C
:106DD0009FED281ADFED280AB1EE400A9FED271A31
:106DE00008BFF0EE410AF8EE001A20EE210A05E095
:106DF00020EE008A9FED221ADFED220ADFED221A33
:106E00009FED222A70EEC00A20EE080A08EE212A21
:106E1000DFED1F1A48EE021A9FED1E2A08EE212A06
:106E2000DFED1D1A48EE021ABDEC028B40EE610A3E
:106E300030EE810A10BD4FF0CC40B0EB440F82BF62
:106E40009FED160ABDEC028B10BD4FF07F40B0EBFA
:106E5000440F05D2BDEC028BBDE8104000F05BBBD7
:106E60000120F9F727FCBDEC028BBDE8104000F0D3
:106E700059BB00000000494022AA7D3A00000000F2
:106E80000000C93F22AAFD3924FE1C3DC78AD83C18
:106E90001E67383D1B93993DAFAA2A3EDB0FC93FC1
:106EA00070B54FF068422DED048BF0EE408A18EE7D
:106EB000900AB0EE608A18EE101A02EB4003B3F1AC
:106EC000654F3CBF02EB4102B2F1654F7DD200BF7E
:106ED000C0F3C753C1F3C7529A1A1B2A09DD10F039
:106EE000004F14BF9FED830A9FED830ABDEC048B16
:106EF00070BD12F11A0F36DA11F0004F09D010F000
:106F0000004F0CBF9FED7D0A9FED7D0ABDEC048B09
:106F100070BD88EE889A19EE100AFFF705FF042865
:106F200008BF00F007FB18EE900AFFF7FDFE0546CC
:106F300018EE100AFFF7F8FE044619EE100AFFF7E4
:106F4000F3FE042D18BF052D08D1042C18BF052C05
:106F500004D1002804BF0220F9F7ACFBB0EE490AC7
:106F6000BDEC048B70BD4200B2EB410F3AD910F07A
:106F7000004F19BFDFED630A9FED630ADFED630A7F
:106F80009FED630AB0EE481A0A46B1EE688A80F0B7
:106F90000041F0EE418A10460A1A5200B2F1807F99
:106FA00034D2484010F0004FDFED5A1A9FED5A2AB4
:106FB0001DBFBEEE001A70EEE10A30EE420AB6EED8
:106FC000001A08BF70EEA10A00E040E008BF30EEF2
:106FD000020AB0EE682A01EE482A08EE818AC2EE63
:106FE000081A15E011F0004F04BF9FED4C0AF0EEB7
:106FF000400AD1D010F0004F19BFDFED490A9FEDD4
:10700000490ADFED490A9FED490AC5E7C8EE881A2B
:1070100021EEA11A9FED462ADFED462A41EE022A13
:107020009FED452A01EE222ADFED442A41EE022A95
:107030009FED432ABDEC048B01EE222A21EE811A3A
:1070400001EE020A30EE210A30EE200A70BD4FF048
:107050007F42B2EB400F28BFB2EB410F09D2F0EEF6
:10706000480AB0EE680ABDEC048BBDE8704000F041
:1070700055BA40EA01035B0008BF41F0FF410BD065
:10708000B2EB400F08BFB2EB410F08D120F08040B7
:1070900008EE900A21F0804108EE101A18E7B2EBD2
:1070A000400F12BF5FEA410340F0FF4001F0004192
:1070B0003FF40EAFB2EB410F12BF5FEA400200F0A7
:1070C000004041F0FF413FF403AF4A0092EA400321
:1070D0003FF5FEAE002AACBF9FED1A0A9FED1A0ADB
:1070E00068EE808A28EE008A18EE900A18EE101AD0
:1070F000EEE60000DB0FC9BFDB0FC93FDB0F4940E5
:10710000DB0F49C00000C9BF22AAFDB90000C93F7A
:1071100022AAFD390060ED3EC30ACE370000000010
:10712000000049C022AA7DBA0000494022AA7D3A47
:107130002DAD65BD8FB8D53D0FB511BE61C84C3EB4
:10714000A8AAAABE0000804F0000802F10EE101ADF
:1071500008B5444A6846B2EB410F28D94FF0E640E3
:10716000B0EB410F94BF00204FF0FF30009000982B
:10717000002861DB60EE000A10F0010F45D010F02E
:10718000020FDFED391A9FED391A00EEE11ADFED3B
:10719000381A40EE811A21EEA01AF0EE400A40EEB5
:1071A000010A08BFF1EE600AB0EE600A08BD314B7B
:1071B00021F0004293423CD911F0004FDFED2E0A3E
:1071C00020EE201ADFED2D0A19BF31EE601A71EEA4
:1071D000200A31EE201A71EE600ABDEEE01A11EEBF
:1071E000100A9FED271A00F0030000EEC10A9FED80
:1071F000251A009000EEC10A9FED231A00EEC10A85
:107200009FED221A00EEC10AB1E79FED211A9FED12
:10721000210A10F0020F00EE810A9FED1F1A00EE06
:10722000801AB7EE000A00EE810A18BFB1EE400ADC
:1072300008BD00F087F99AE710EE100A4000B0F19F
:107240007F4F3CBFB7EE000A08BD07D14FF00100E9
:10725000F9F730FABDE8084000F064B9BDE808402D
:1072600000F059B9B61F927E336D4C39DA82083C72
:10727000A0AA2ABE490E494683F9223F0000004BCE
:107280000000C93F00A0FD390020A2331A61342C50
:10729000B93AB2BACA9F2A3DDDFFFFBE10B52DED47
:1072A000028BF0EE408A18EE900AB0EE608A20F071
:1072B0000040C0F1FF40C00F07D118EE100A20F0C7
:1072C0000040C0F1FF40C00F2BD018EE101A18EE8E
:1072D000900A11F0C9FC00EE100A10EE100A6FEAD5
:1072E000D05010F0FF0F04BFBDEC028B10BD18EEA4
:1072F000900A00F0004110EE100A00F000408142B8
:1073000004BFBDEC028B10BD18EE101A10EE100A6F
:10731000BDEC028B61F31E0000EE900A30EE600AB5
:1073200010BD18EE900A4FF07F41B1EB400F1CBF2B
:1073300018EE100A5FEA4000C7D10120F9F7BAF948
:10734000BDEC028BBDE8104000F0ECB800B510EECB
:10735000101A2DED028B81B0524A6846B2EB410FF4
:107360002ED94FF0E640B0EB410F94BF00204FF014
:10737000FF3000900098B0EE408A00286ADB10F0E1
:10738000010F4BD068EE080A9FED471A9FED470AA0
:1073900000EE810A9FED461A10F0020F00EE801AEF
:1073A000B7EE000A00EE810A02BF01B0BDEC028B0D
:1073B00000BD00BF01B0B1EE400ABDEC028B00BDC4
:1073C0003C4B21F00042934241D911F0004FDFEDD8
:1073D0003A0A20EE201ADFED390A19BF31EE601AA1
:1073E00071EE200A31EE201A71EE600ABDEEE01A4D
:1073F00011EE100A9FED321A00F0030000EEC10AF0
:107400009FED301A009000EEC10A9FED2F1A00EE9A
:10741000C10A9FED2E1A00EEC10AABE728EE080A5A
:107420009FED2B1ADFED2B0A10F0020F40EE410A00
:107430009FED291A00EE201A61EE000AB0EE480A0C
:1074400008EE200AB6D101B0BDEC028B00BD00F001
:1074500079F88FE718EE100A4000B0F17F4F0DD297
:1074600018EE100AFFF760FC042808BF00F062F86D
:10747000B0EE480A01B0BDEC028B00BD09D101207D
:10748000F9F718F901B0BDEC028B5DF804EB00F0E0
:1074900049B801B0B0EE480ABDEC028B5DF804EBD0
:1074A00000F039B8B61F927EB93AB2BACA9F2A3DE7
:1074B000DDFFFFBE490E494683F9223F0000004B25
:1074C0000000C93F00A0FD390020A2331A61342C0E
:1074D000336D4C39DA82083CA0AA2ABE10B52DEDD6
:1074E000028BB1EEC08A18EE100A20F00040C0F105
:1074F000FF40C00F0AD010EE100A20F00040C0F18B
:10750000FF40C00F04BF0120F9F7D4F8B0EE480ADD
:10751000BDEC028B10BD30EE000A704730EE200A41
:1075200070470000DFED020A80EEA00A70470000FD
:10753000000000009FED020A20EE000A70470000E4
:10754000000000102DE9F0014FF07F42B2EB410F37
:107550009FBF4FF0FF310160BDE8F00170474FF071
:10756000004242EA0123C1F3C752783A551112F0A2
:107570001F0C434CCCF120067C44C1F3C752A2F14E
:1075800078024FEA621204EB820254F8254008BFE9
:10759000D2E9015612D0556804FA0CF425FA06F720
:1075A0003C43976805FA0CF527FA06F8D26807FA03
:1075B0000CFCF24045EA08054CEA0206A4FB034C29
:1075C000A5FB0352A6FB03631D449D4234BF012665
:1075D00000261319334416B1934202D903E09342B3
:1075E00001D2012200E00022624402F1200C920646
:1075F000DC0C42EA443200EE102A5B03DFED210A84
:10760000F8EEC01A00EE103A4FEA9C1C11F0004F41
:10761000B8EE400AC0F800C020EE201A00EE105A62
:10762000DFED190AB8EE400A20EE200A71EE810A59
:1076300070EE800A10EE902A02F500626FF30B02E2
:1076400000EE902A70EEE11A31EEC11ADFED101A49
:1076500030EE411A9FED0D0A20EE800A01EE210A5C
:107660009FED0C1A00EE810A04BFBDE8F0017047DF
:10767000CCF180510160BDE8F001B1EE400A7047E5
:1076800048230100000000360000802C22AAFD29BA
:10769000DB0FC92F0000C92F30380A2801D2012082
:1076A000704700207047F0EE401AB0EE602A21EEDD
:1076B000010AF0EE400A20EE810AF0EE402AB7EE11
:1076C000000AB0EE083A03EE600AB0EE003A03EEAC
:1076D000220A20EE210AB0EE083A20EE833AF0EEBC
:1076E000003A03EEE23A02EE030A704700B595B0A5
:1076F00001201390002011900120129000200B9087
:107700000C900D900E9010900F900BA91348FBF762
:1077100097FC1248FCF717F902211048FBF7D6FB3B
:10772000012009900020079001200890002001907E
:107730000290039004900E200A900690002005907D
:1077400001A90748FBF77CFC0548FCF7FCF802217F
:107750000348FBF7BBFB15B000BD0000600600202E
:107760008806002010B52DED068B9FEDF80AB0EECF
:10777000408A4DE018EE100A11F000FA41EC190BA6
:10778000F34890ED000B53EC102B51EC190B11F05A
:10779000FFF8F04AC2E9080118EE100A11F0EEF9FC
:1077A00041EC190BEC4890ED000B53EC102B51EC15
:1077B000190B11F0EDF8E74AC2E90A0118EE100AB8
:1077C00011F0DCF941EC190BE44890ED000B53EC9F
:1077D000102B51EC190B10F07BFEDE4AC2E90C01B4
:1077E00018EE100A11F0CAF941EC190BDC4890EDC3
:1077F000000B53EC102B51EC190B10F069FED54A1D
:10780000C2E90E019FEDD70A38EE000AB0EE408AB9
:10781000B0EE080AB4EEC08AF1EE10FAAAD9DFED94
:10782000CB0AB0EE600A05E0DFEDCF0A70EE200A69
:10783000B0EE600AF0EE000AB4EEE00AF1EE10FAE3
:10784000F2D99FEDC20AB0EE408A6DE018EE100A40
:1078500011F094F941EC190B9FEDC40B53EC102B74
:10786000BB4890ED000B51EC100B11F09DF841EC72
:107870001A0B53EC192B10F02BFEB64AC2E9080183
:1078800018EE100A11F07AF941EC190B9FEDB70BC5
:1078900053EC102BB04890ED000B51EC100B11F095
:1078A00083F841EC1A0B53EC192B10F011FEA94A86
:1078B000C2E90A0118EE100A11F060F941EC190B47
:1078C0009FEDAA0B53EC102BA44890ED000B51EC4C
:1078D000100B10F0FDFD41EC1A0B53EC192B11F0BD
:1078E00063F89C4AC2E90C0118EE100A11F046F93F
:1078F00041EC190B9FED9D0B53EC102B984890ED2C
:10790000000B51EC100B10F0E3FD41EC1A0B53ECA3
:10791000192B11F049F88F4AC2E90E019FED910A27
:1079200038EE000AB0EE408AB0EE080AB4EEC08A23
:10793000F1EE10FA8AD9DFED850AB0EE600A05E0B3
:10794000DFED890A70EE200AB0EE600AF0EE000A60
:10795000B4EEE00AF1EE10FAF2D99FED7C0AB0EE37
:10796000408A4CE018EE100A11F008F941EC190BAE
:10797000804890ED000B53EC102B51EC190B10F0DC
:10798000A7FD744A03C218EE100A11F0F7F841EC93
:10799000190B794890ED000B53EC102B51EC190B9F
:1079A00010F096FD6B4AC2E9020118EE100A11F0C0
:1079B000E5F841EC190B714890ED000B53EC102BDE
:1079C00051EC190B10F0E4FF624AC2E9040118EE11
:1079D000100A11F0D3F841EC190B694890ED000B37
:1079E00053EC102B51EC190B10F0D2FF594AC2E99D
:1079F00006019FED5C0A38EE000AB0EE408AB0EE58
:107A0000080AB4EEC08AF1EE10FAABD9DFED4F0AE6
:107A1000B0EE600A05E0DFED540A70EE200AB0EE29
:107A2000600AF0EE000AB4EEE00AF1EE10FAF2D9C4
:107A30009FED460AB0EE408A6CE018EE100A11F095
:107A40009DF841EC190B9FED490B53EC102B494865
:107A500090ED000B51EC100B10F03AFD41EC1A0BBD
:107A600053EC192B10F0A0FF3A4A03C218EE100A8B
:107A700011F084F841EC190B9FED3C0B53EC102BEB
:107A80003D4890ED000B51EC100B10F021FD41EC46
:107A90001A0B53EC192B10F087FF2E4AC2E9020192
:107AA00018EE100A11F06AF841EC190B9FED2F0B3C
:107AB00053EC102B314890ED000B51EC100B10F0F3
:107AC00073FF41EC1A0B53EC192B10F001FD214A06
:107AD000C2E9040118EE100A11F050F841EC190B3C
:107AE0009FED220B53EC102B254890ED000B51EC31
:107AF000100B10F059FF41EC1A0B53EC192B10F03E
:107B0000E7FC144AC2E906019FED160A38EE000AA6
:107B1000B0EE408AB0EE080AB4EEC08AF1EE10FA78
:107B20008BD9DFED0A0AB0EE600A05E0DFED0E0A40
:107B300070EE200AB0EE600AF0EE000AB4EEE00A41
:107B4000F1EE10FAF2D9BDEC068B10BD000000007A
:107B5000B8000020480A0020C0000020C800002013
:107B6000D000002052491D39ACC527370000000065
:107B70000000084098000020A0000020A80000207D
:107B8000B000002010B52DED0A8BB0EE408AB0EEAB
:107B9000609A9FEDFD0BFE4880ED000B9FEDFA0B08
:107BA000FC4880ED000B9FEDF80BFB4880ED000BCF
:107BB0009FEDF50BF94880ED000B9FEDF30BF848B6
:107BC00080ED000B9FEDF00BF64880ED000B9FED74
:107BD000EE0BF54880ED000B9FEDEB0BF34880EDCD
:107BE000000B9FEDF30AF0EE408A0EE318EE900AC8
:107BF00010F0C4FF41EC1A0B9FEDEE0B53EC102B71
:107C0000EE4890ED000B51EC100B10F0CDFE41EC66
:107C10001B0B53EC1A2B10F05BFCE94A03C29FEDDF
:107C2000E90A28EE800A10EE101A084610F0A6FFA6
:107C300041EC1A0B9FEDDF0B53EC102BE24890ED5B
:107C4000000B51EC100B10F043FC41EC1B0B53EC00
:107C50001A2B10F0A9FEDA4AC2E9020118EE900AC6
:107C600010F08CFF41EC1A0B9FEDD20B53EC102B54
:107C7000D64890ED000B51EC100B10F029FC41ECB4
:107C80001B0B53EC1A2B10F08FFECD4AC2E90401F6
:107C90009FEDCC0A28EE800A10EE101A084610F06C
:107CA0006DFF41EC1A0B9FEDC30B53EC102BC84832
:107CB00090ED000B51EC100B10F076FE41EC1B0B1D
:107CC00053EC1A2B10F004FCBD4AC2E906019FEDEB
:107CD000AE0B53EC102BAE4890ED000B51EC100B9B
:107CE00010F0AAFC7ED19FEDB30B53EC102BB948DA
:107CF00090ED000B51EC100B10F0EAFB41EC1A0B6D
:107D0000A54890ED000B53EC102B51EC1A0B10F022
:107D10004BFEAB4AC2E908019FEDA60B53EC102BBA
:107D2000AD4890ED000B51EC100B10F03DFE41EC16
:107D30001A0B994890ED000B53EC102B51EC1A0BD9
:107D400010F032FE9E4AC2E90A019FED9A0B53ECF5
:107D5000102BA24890ED000B51EC100B10F024FEFC
:107D600041EC1A0B8C4890ED000B53EC102B51ECAE
:107D70001A0B10F0ADFB924AC2E90C019FED8D0B7E
:107D800053EC102B964890ED000B51EC100B10F0BB
:107D90009FFB41EC1A0B804890ED000B53EC102B2D
:107DA00051EC1A0B10F094FB854AC2E90E0118EE53
:107DB000100A10F0E3FE41EC1A0B774890ED000B2F
:107DC00053EC102B51EC1A0B10F082FB724A03C2D9
:107DD0009FED840B53EC102B6F4890ED000B51EC92
:107DE000100B00E018E010F09DFD04D89FED7D0B16
:107DF000694880ED000B9FED7B0B53EC102B664820
:107E000090ED000B51EC100B10F08CFD04D89FEDA1
:107E1000770B5F4880ED000B9FED740B53EC102B3C
:107E20005B4890ED000B51EC100B10F005FC7DD180
:107E30009FED600B53EC102B664890ED000B51EC5E
:107E4000100B10F045FB41EC1B0B9FED660B53EC48
:107E5000102B10F0A9FD41EC1A0B514890ED000BCE
:107E600053EC102B51EC1A0B10F09EFD544AC2E952
:107E700008019FED500B53EC102B494890ED000B7F
:107E800051EC100B10F050FC41EC1A0B9FED490B1C
:107E900053EC102B504890ED000B51EC100B10F0F0
:107EA00083FD41EC1C0B9FED4F0B53EC102B10F09E
:107EB0007BFD41EC1B0B53EC1A2B10F009FB404AE5
:107EC000C2E90A019FED3B0B53EC102B434890EDA8
:107ED000000B51EC100B10F067FD41EC1B0B9FEDFC
:107EE000410B53EC102B10F0F3FA41EC1A0B2C4819
:107EF00090ED000B53EC102B51EC1A0B10F0E8FA3C
:107F00002F4AC2E90C019FED2B0B53EC102B244898
:107F100090ED000B51EC100B10F006FC41EC1A0B2D
:107F20009FED240B53EC102B2D4800E084E090EDE6
:107F3000000B51EC100B10F0CBFA41EC1C0B9FED39
:107F4000290B53EC102B10F0C3FA41EC1B0B53EC34
:107F50001A2B10F029FD1A4AC2E90E0118EE100A78
:107F600010F00CFE41EC1A0B0D4890ED000B53EC99
:107F7000102B51EC1A0B10F0ABFA094A03C29FED1B
:107F80001D0B53EC102B39E0000000000000000036
:107F9000E0000020E8000020F0000020F8000020B1
:107FA000000100200801002010010020180100201D
:107FB0009A99993F000000403333E33F9800002036
:107FC000480A00209A99193FA0000020A80000202C
:107FD000B0000020B8000020C0000020C800002031
:107FE000D00000200000004033330B4000000000B0
:107FF0000000F03F000000403333F33FFD4890EDB8
:10800000000B51EC100B10F08DFC04D81FED070B8A
:10801000F84880ED000B1FED090B53EC102BF548D1
:1080200090ED000B51EC100B10F07CFC04D89FED90
:10803000F20BF34880ED000B9FEDEF0B53EC102B90
:10804000EF4890ED000B51EC100B10F0F5FA7DD1DC
:108050001FED280B53EC102BEA4890ED000B51EC70
:10806000100B10F035FA41EC1C0BE74890ED000BBB
:1080700053EC102B51EC1C0B10F02AFA41EC1B0BAB
:108080001FED280B53EC102B10F08EFC41EC1A0B5B
:108090001FED280B53EC102B10F086FCDB4AC2E9D5
:1080A00008011FED3C0B53EC102BD94890ED000B51
:1080B00051EC100B10F078FC41EC1C0BD24890ED09
:1080C000000B53EC102B51EC1C0B10F001FA41EC9F
:1080D0001B0B1FED3C0B53EC102B10F065FC41EC1F
:1080E0001A0B9FEDCC0B53EC102B10F0F1F9C74A93
:1080F000C2E90A011FED510B53EC102BC74890ED5C
:10810000000B51EC100B10F04FFC41EC1C0BBE4867
:1081100090ED000B53EC102B51EC1C0B10F044FCB9
:1081200041EC1B0B1FED510B53EC102B10F0D0F951
:1081300041EC1A0B1FED510B53EC102B10F0C8F94A
:10814000B24AC2E90C011FED650B00E059E053ECA7
:10815000102BB34890ED000B51EC100B10F0B8F958
:1081600041EC1C0BA84890ED000B53EC102B51EC8C
:108170001C0B10F019FC41EC1B0B1FED660B53ECB4
:10818000102B10F0A5F941EC1A0B9FEDA20B53EC4C
:10819000102B10F009FC9D4AC2E90E0118EE100ADE
:1081A00010F0ECFC41EC1A0B974890ED000B53ECEF
:1081B000102B51EC1A0B10F08BF9934A03C21FEDF0
:1081C000770B53EC102B904890ED000B51EC100BFB
:1081D00010F0A8FB04D81FED7D0B8B4880ED000B41
:1081E0001FED800B53EC102B874890ED000B51ECEA
:1081F000100B10F097FB04D89FED8A0B804880EDA0
:10820000000B38EEC90AF0EE408AF5EEC08AF1EEB6
:1082100010FA3FF7EBAC1FED9A0AF0EE408AFDE250
:1082200018EE900A10F0AAFC41EC1A0B1FED9F0B00
:1082300053EC102B734890ED000B51EC100B10F029
:1082400047F941EC1B0B53EC1A2B10F0ADFB6F4AB6
:10825000C2E908011FEDA50A28EE800A10EE101AE7
:10826000084610F08BFC41EC1A0B1FEDAE0B53ECE3
:10827000102B674890ED000B51EC100B10F094FBA5
:1082800041EC1B0B53EC1A2B10F022F95F4AC2E9A8
:108290000A0118EE900A10F071FC41EC1A0B1FED68
:1082A000BB0B53EC102B5D4890ED000B51EC100B09
:1082B00010F07AFB41EC1B0B53EC1A2B10F008F971
:1082C000524AC2E90C011FEDC10A28EE800A10EEE5
:1082D000101A084610F052FC41EC1A0B1FEDCB0BA4
:1082E00053EC102B4E4890ED000B51EC100B10F09E
:1082F000EFF841EC1B0B53EC1A2B10F055FB434AE3
:10830000C2E90E011FEDE00B53EC102B474890ED36
:10831000000B51EC100B10F08FF96AD11FEDDB0B45
:1083200053EC102B424890ED000B51EC100B10F069
:108330003BFB41EC1A0B3F4890ED000B53EC102B2C
:1083400051EC1A0B10F0C4F8304A03C21FEDE70BD2
:1083500053EC102B384890ED000B51EC100B10F043
:10836000B7F841EC1A0B334890ED000B53EC102B8F
:1083700051EC1A0B10F0ACF8244AC2E902011FEDCF
:10838000F30B53EC102B2D4890ED000B51EC100B20
:1083900010F09EF841EC1A0B264890ED000B53ECC0
:1083A000102B51EC1A0B10F0FFFA184AC2E9040125
:1083B0009FED230B53EC102B234890ED000B51EC59
:1083C000100B10F0F1FA41EC1A0B1A4890ED000B6B
:1083D00053EC102B51EC1A0B10F0E6FA0B4AC2E9E1
:1083E000060118EE100A10F0C9FB41EC1A0B1148F7
:1083F0002CE057E0000100200000000000000040D9
:10840000E0000020B800002010010020480A0020F1
:10841000C0000020000000803D0AE73FC8000020A7
:10842000D00000200000000000001040E800002004
:1084300098000020F8000020A0000020A8000020E4
:10844000000000403333E33FB000002090ED000B0C
:1084500053EC102B51EC1A0B10F03AF8F44A03C20B
:108460009FEDF40B53EC102BF14890ED000B51EC09
:10847000100B10F057FA04D89FEDEE0BEC4880ED8E
:10848000000B9FEDEC0B53EC102BE94890ED000B2B
:1084900051EC100B10F046FA04D89FEDE80BE948B8
:1084A00080ED000B9FEDE50B53EC102BE54890EDB4
:1084B000000B51EC100B10F0BFF87CD11FED200B1E
:1084C00053EC102BE04890ED000B51EC100B10F02A
:1084D0006BFA41EC1B0B9FEDD70B53EC102B0FF0FD
:1084E000F7FF41EC1A0BD94890ED000B53EC102B21
:1084F00051EC1A0B0FF0ECFFD54A03C21FED300B05
:1085000053EC102BD14890ED000B51EC100B10F0F8
:108510000BF941EC1A0B1FED360B53EC102BCD4829
:1085200090ED000B51EC100B0FF0D2FF41EC1C0B47
:108530009FEDC00B53EC102B0FF0CAFF41EC1B0B4F
:1085400053EC1A2B10F030FAC14AC2E902011FEDB8
:10855000440B53EC102BC04890ED000B51EC100B6A
:108560000FF0B6FF41EC1B0B9FEDB20B53EC102B41
:1085700010F01AFA41EC1A0BB44890ED000B53ECD2
:10858000102B51EC1A0B10F00FFAB14AC2E904019A
:108590001FED550B53EC102BAC4890ED000B51EC3C
:1085A000100B10F0C1F841EC1A0B1FED5B0B53ECF4
:1085B000102BAA4800E049E090ED000B51EC100BA5
:1085C00010F0F2F941EC1C0B9FED9A0B53EC102BC1
:1085D00010F0EAF941EC1B0B53EC1A2B0FF078FF6B
:1085E0009B4AC2E9060118EE100A10F0C7FA41ECE6
:1085F0001A0B964890ED000B53EC102B51EC1A0B14
:108600000FF066FF914A03C29FED950B53EC102BC0
:108610008E4890ED000B51EC100B10F083F904D84C
:108620009FED8F0B894880ED000B9FED8D0B53EC78
:10863000102B864890ED000B51EC100B10F072F9E6
:1086400004D81FED930B7F4880ED000B1FED960BB8
:1086500053EC102B7B4890ED000B51EC100B0FF0FE
:10866000EBFF7AD11FED8A0B53EC102B764890ED7F
:10867000000B51EC100B10F097F941EC1C0B7A48F1
:1086800090ED000B53EC102B51EC1C0B10F08CF9FF
:1086900041EC1B0B9FED670B53EC102B0FF018FFF9
:1086A00041EC1A0B9FED6E0B53EC102B0FF010FFEB
:1086B000674A03C21FED9E0B53EC102B654890EDEB
:1086C000000B51EC100B0FF003FF41EC1C0B664844
:1086D00090ED000B53EC102B51EC1C0B10F064F9D7
:1086E00041EC1B0B9FED530B53EC102B0FF0F0FEE6
:1086F00041EC1A0B1FEDB90B53EC102B10F054F991
:10870000534AC2E902011FEDB20B53EC102B524841
:1087100090ED000B51EC100B0FF0DAFE41EC1C0B4E
:10872000514890ED000B53EC102B51EC1C0B0FF04B
:10873000CFFE41EC1B0B9FED3F0B53EC102B10F0C9
:1087400033F941EC1A0B9FED460B53EC102B10F054
:108750002BF93F4AC2E9040100E05BE01FEDC80BC2
:1087600053EC102B3D4890ED000B51EC100B10F02A
:108770001BF941EC1C0B3C4890ED000B53EC102B0B
:1087800051EC1C0B0FF0A4FE41EC1B0B9FED290BD1
:1087900053EC102B10F008F941EC1A0B1FEDE30B12
:1087A00053EC102B0FF094FE294AC2E9060118EE93
:1087B000100A10F0E3F941EC1A0B2B4890ED000B76
:1087C00053EC102B51EC1A0B0FF082FE264A03C219
:1087D0009FED180B53EC102B234890ED000B51EC40
:1087E000100B10F09FF804D89FED120B1E4880ED7F
:1087F000000B9FED100B53EC102B1B4890ED000B62
:1088000051EC100B10F08EF804D81FEDFA0B0D4848
:1088100080ED000B38EEC90AF0EE408AF5EEC08A12
:10882000F1EE10FA3FF7FCACBDEC0A8B10BD000076
:10883000F80000200000004033330B40000000002F
:108840000000F03FE8000020980000200801002010
:10885000480A0020A0000020A8000020B00000204E
:10886000000000403333F33F1801002010B52DED18
:10887000048B9FED5A0AB0EE408A9EE018EE100A73
:1088800010F07CF941EC190B554890ED000B53ECBE
:10889000102B51EC190B0FF01BFE524A03C29FED37
:1088A000520A28EE000A10EE101A084610F066F977
:1088B00041EC190B4D4890ED000B53EC102B51EC93
:1088C000190B10F065F8474AC2E9020118EE100AC8
:1088D00010F054F941EC190B454890ED000B53ECA6
:1088E000102B51EC190B10F053F83E4AC2E9040169
:1088F0009FED3D0A28EE000A10EE101A084610F00F
:108900003DF941EC190B3B4890ED000B53EC102B5B
:1089100051EC190B0FF0DCFD324AC2E9060118EEEA
:10892000100A10F02BF941EC190B334890ED000BB5
:1089300053EC102B51EC190B0FF0CAFD294AC2E978
:10894000080118EE100A10F019F941EC190B2B4828
:1089500090ED000B53EC102B51EC190B10F018F8A4
:10896000204AC2E90A0118EE100A10F007F941EC9A
:10897000190B234890ED000B53EC102B51EC190B05
:1089800010F006F8174AC2E90C0118EE100A10F0B0
:10899000F5F841EC190B1B4890ED000B53EC102B34
:1089A00051EC190B0FF094FD0E4AC2E90E019FED38
:1089B000160A38EE000AB0EE408A9FED140AB4EEB3
:1089C000C08AF1EE10FA7FF659AF9FED110B1248F5
:1089D00080ED000BBDEC048B10BD0000000000001A
:1089E00098000020480A0020CDCC4C3EA00000207A
:1089F000A8000020B0000020B8000020C000002027
:108A0000C8000020D000002017B751389A99193FAC
:108A1000000000000000E03FD800002010B52DED60
:108A2000068B9FED770AB0EE408ADEE018EE100A62
:108A300010F0A4F841EC190B9FED720B53EC102BC6
:108A4000724890ED000B51EC100B0FF041FD41EC22
:108A50001A0B53EC192B0FF0A7FF6D4A03C29FEDC1
:108A60006D0A28EE000A10EE101A084610F086F87B
:108A700041EC190B9FED680B53EC102B684890EDFF
:108A8000000B51EC100B0FF08FFF41EC1A0B53EC65
:108A9000192B0FF01DFD5E4AC2E9020118EE100A03
:108AA00010F06CF841EC190B9FED560B53EC102BAA
:108AB0005C4890ED000B51EC100B0FF075FF41EC92
:108AC0001A0B53EC192B0FF003FD514AC2E90401B4
:108AD0009FED500A28EE000A10EE101A084610F01A
:108AE0004DF841EC190B9FED4C0B53EC102B4E48FD
:108AF00090ED000B51EC100B0FF0EAFC41EC1A0B5F
:108B000053EC192B0FF050FF414AC2E9060118EE51
:108B1000100A10F033F841EC190B9FED3A0B53ECAF
:108B2000102B424890ED000B51EC100B0FF0D0FCD5
:108B300041EC1A0B53EC192B0FF036FF344AC2E903
:108B4000080118EE100A10F019F841EC190B9FED0E
:108B50002D0B53EC102B364890ED000B51EC100B05
:108B60000FF022FF41EC1A0B53EC192B0FF0B0FC65
:108B7000274AC2E90A0118EE100A0FF0FFFF41EC84
:108B8000190B9FED200B53EC102B2A4890ED000B96
:108B900051EC100B0FF008FF41EC1A0B53EC192BA2
:108BA0000FF096FC1A4AC2E90C0118EE100A0FF0F9
:108BB000E5FF41EC190B9FED130B53EC102B1E48F6
:108BC00090ED000B51EC100B0FF082FC41EC1A0BF6
:108BD00053EC192B0FF0E8FE0D4AC2E90E019FED90
:108BE000170A38EE000AB0EE408A9FED150AB4EE7F
:108BF000C08AF1EE10FA7FF619AFBDEC068B10BDFE
:108C000000000000000000403333E33F98000020E4
:108C1000480A0020CDCC4C3E0000000052B8BE3FB8
:108C2000A0000020A8000020B0000020B800002014
:108C3000C0000020C8000020D000002017B7513825
:108C40009A99193F10B52DED0A8BB0EE408AB0EE1F
:108C5000609A9FEDFD0BFE4880ED000B9FEDFA0B37
:108C6000FC4880ED000B9FEDF80BFB4880ED000BFE
:108C70009FEDF50BF94880ED000B9FEDF30BF848E5
:108C800080ED000B9FEDF00BF64880ED000B9FEDA3
:108C9000EE0BF54880ED000B9FEDEB0BF34880EDFC
:108CA000000BB1EE040AF0EE408A10E318EE900AD1
:108CB0000FF064FF41EC1A0B9FEDED0B53EC102B02
:108CC000ED4890ED000B51EC100B0FF06DFE41ECF8
:108CD0001B0B53EC1A2B0FF0FBFBE84A03C29FED72
:108CE000E80A28EE800A10EE101A08460FF046FF38
:108CF00041EC1A0B9FEDDE0B53EC102BE14890ED8D
:108D0000000B51EC100B0FF0E3FB41EC1B0B53EC91
:108D10001A2B0FF049FED94AC2E9020118EE900A57
:108D20000FF02CFF41EC1A0B9FEDD10B53EC102BE5
:108D3000D54890ED000B51EC100B0FF0C9FB41EC46
:108D40001B0B53EC1A2B0FF02FFECC4AC2E9040187
:108D50009FEDCB0A28EE800A10EE101A08460FF09D
:108D60000DFF41EC1A0B9FEDC20B53EC102BC748C3
:108D700090ED000B51EC100B0FF016FE41EC1B0BAD
:108D800053EC1A2B0FF0A4FBBC4AC2E906019FED7D
:108D9000AE0B53EC102BAE4890ED000B51EC100BCA
:108DA0000FF04AFC7ED19FEDB20B53EC102BB8486C
:108DB00090ED000B51EC100B0FF08AFB41EC1A0BFD
:108DC000A54890ED000B53EC102B51EC1A0B0FF053
:108DD000EBFDAA4AC2E908019FEDA50B53EC102B4D
:108DE000AC4890ED000B51EC100B0FF0DDFD41ECA9
:108DF0001A0B994890ED000B53EC102B51EC1A0B09
:108E00000FF0D2FD9D4AC2E90A019FED990B53EC88
:108E1000102BA14890ED000B51EC100B0FF0C4FD8E
:108E200041EC1A0B8C4890ED000B53EC102B51ECDD
:108E30001A0B0FF04DFB914AC2E90C019FED8C0B10
:108E400053EC102B954890ED000B51EC100B0FF0EC
:108E50003FFB41EC1A0B804890ED000B53EC102BBC
:108E600051EC1A0B0FF034FB844AC2E90E0118EEE4
:108E7000100A0FF083FE41EC1A0B774890ED000BBF
:108E800053EC102B51EC1A0B0FF022FB724A03C269
:108E90009FED830B53EC102B6F4890ED000B51ECC2
:108EA000100B00E018E00FF03DFD04D89FED7C0BA7
:108EB000694880ED000B9FED7A0B53EC102B664850
:108EC00090ED000B51EC100B0FF02CFD04D89FED32
:108ED000760B5F4880ED000B9FED730B53EC102B6E
:108EE0005B4890ED000B51EC100B0FF0A5FB7DD112
:108EF0009FED5F0B53EC102B654890ED000B51EC90
:108F0000100B0FF0E5FA41EC1B0B9FED650B53ECDA
:108F1000102B0FF049FD41EC1A0B514890ED000B5E
:108F200053EC102B51EC1A0B0FF03EFD534AC2E9E3
:108F300008019FED5F0B53EC102B494890ED000B9F
:108F400051EC100B0FF0F0FB41EC1A0B9FED480BAE
:108F500053EC102B4F4890ED000B51EC100B0FF021
:108F600023FD41EC1C0B9FED4E0B53EC102B0FF02F
:108F70001BFD41EC1B0B53EC1A2B0FF0A9FA3F4AD7
:108F8000C2E90A019FED3A0B53EC102B424890EDD9
:108F9000000B51EC100B0FF007FD41EC1B0B9FED8C
:108FA000400B53EC102B0FF093FA41EC1A0B2C48AA
:108FB00090ED000B53EC102B51EC1A0B0FF088FACC
:108FC0002E4AC2E90C019FED3A0B53EC102B2448BA
:108FD00090ED000B51EC100B0FF0A6FB41EC1A0BBF
:108FE0009FED230B53EC102B2C4800E086E090ED16
:108FF000000B51EC100B0FF06BFA41EC1C0B9FEDCA
:10900000280B53EC102B0FF063FA41EC1B0B53ECC5
:109010001A2B0FF0C9FC194AC2E90E0118EE100A0A
:109020000FF0ACFD41EC1A0B0D4890ED000B53EC2A
:10903000102B51EC1A0B0FF04BFA094A03C29FEDAB
:109040001E0B53EC102B3BE0000000000000000062
:10905000E0000020E8000020F0000020F8000020E0
:10906000000100200801002010010020180100204C
:10907000000000000000044098000020480A002082
:109080009A99193FA0000020A8000020B0000020FD
:10909000B8000020C0000020C8000020D000002040
:1090A0000000006066660640000000000000F03F1F
:1090B000000000403333E33F000000000000144094
:1090C000FD4890ED000B51EC100B0FF02BFC04D879
:1090D0001FED070BF84880ED000B1FED090B53EC5B
:1090E000102BF54890ED000B51EC100B0FF01AFC13
:1090F00004D89FEDF20BF34880ED000B9FEDEF0BD2
:1091000053EC102BEF4890ED000B51EC100B0FF0CF
:1091100093FA7BD11FED2A0B53EC102BEA4890ED0C
:10912000000B51EC100B0FF0D3F941EC1C0BE7488E
:1091300090ED000B53EC102B51EC1C0B0FF0C8F909
:1091400041EC1B0B1FED2A0B53EC102B0FF02CFCEA
:1091500041EC1A0B1FED280B53EC102B0FF024FCE5
:10916000DB4AC2E908011FED3E0B53EC102BD94836
:1091700090ED000B51EC100B0FF016FC41EC1C0BAA
:10918000D24890ED000B53EC102B51EC1C0B0FF060
:109190009FF941EC1B0B1FED3E0B53EC102B0FF016
:1091A00003FC41EC1A0B9FEDCC0B53EC102B0FF092
:1091B0008FF9C74AC2E90A011FED530B53EC102B7C
:1091C000C74890ED000B51EC100B0FF0EDFB41EC9C
:1091D0001C0BBE4890ED000B53EC102B51EC1C0BFC
:1091E0000FF0E2FB41EC1B0B1FED530B53EC102B6C
:1091F0000FF06EF941EC1A0B1FED510B53EC102BD5
:109200000FF066F9B24AC2E90C0100E05BE01FED25
:10921000680B53EC102BB34890ED000B51EC100B86
:109220000FF056F941EC1C0BA84890ED000B53ECE5
:10923000102B51EC1C0B0FF0B7FB41EC1B0B1FED7F
:10924000680B53EC102B0FF043F941EC1A0B9FED18
:10925000A20B53EC102B0FF0A7FB9D4AC2E90E01A5
:1092600018EE100A0FF08AFC41EC1A0B974890EDAB
:10927000000B53EC102B51EC1A0B0FF029F9934A09
:1092800003C21FED790B53EC102B904890ED000BAF
:1092900051EC100B0FF046FB04D81FED7F0B8B48F1
:1092A00080ED000B1FED820B53EC102B874890EDE7
:1092B000000B51EC100B0FF035FB04D89FED8A0B1F
:1092C000804880ED000B38EEC90AF0EE408AF5EEDA
:1092D000C08AF1EE10FA3FF7E9ACB1EE040AF0EE05
:1092E000408AFDE218EE900A0FF048FC41EC1A0BA0
:1092F0001FEDA10B53EC102B734890ED000B51ECBC
:10930000100B0FF0E5F841EC1B0B53EC1A2B0FF090
:109310004BFB6F4AC2E908011FEDA70A28EE800A3D
:1093200010EE101A08460FF029FC41EC1A0B1FED45
:10933000B00B53EC102B674890ED000B51EC100B69
:109340000FF032FB41EC1B0B53EC1A2B0FF0C0F863
:109350005F4AC2E90A0118EE900A0FF00FFC41ECD7
:109360001A0B1FEDBD0B53EC102B5D4890ED000B5D
:1093700051EC100B0FF018FB41EC1B0B53EC1A2BAC
:109380000FF0A6F8524AC2E90C011FEDC30A28EEFD
:10939000800A10EE101A08460FF0F0FB41EC1A0B91
:1093A0001FEDCD0B53EC102B4E4890ED000B51EC04
:1093B000100B0FF08DF841EC1B0B53EC1A2B0FF038
:1093C000F3FA434AC2E90E011FEDE10B53EC102BF7
:1093D000474890ED000B51EC100B0FF02DF96AD1BE
:1093E0001FEDDD0B53EC102B424890ED000B51ECC0
:1093F000100B0FF0D9FA41EC1A0B3F4890ED000B1F
:1094000053EC102B51EC1A0B0FF062F8304A03C2E8
:109410001FEDE90B53EC102B384890ED000B51EC8D
:10942000100B0FF055F841EC1A0B334890ED000B80
:1094300053EC102B51EC1A0B0FF04AF8244AC2E9F6
:1094400002011FEDF50B53EC102B2D4890ED000B96
:1094500051EC100B0FF03CF841EC1A0B264890ED44
:10946000000B53EC102B51EC1A0B0FF09DFA184A1D
:10947000C2E904019FED230B53EC102B234890ED20
:10948000000B51EC100B0FF08FFA41EC1A0B1A483D
:1094900090ED000B53EC102B51EC1A0B0FF084FAEB
:1094A0000B4AC2E9060118EE100A0FF067FB41EC07
:1094B0001A0B11482CE057E00001002000000000CA
:1094C00000000040E0000020B80000201001002053
:1094D000480A0020C00000200000000000000840F2
:1094E000C8000020D0000020000000000000104054
:1094F000E800002098000020F8000020A0000020D4
:10950000A80000200000000000000440B00000207F
:1095100090ED000B53EC102B51EC1A0B0EF0D8FF12
:10952000F44A03C29FEDF40B53EC102BF14890ED7D
:10953000000B51EC100B0FF0F5F904D89FEDEE0B7A
:10954000EC4880ED000B9FEDEC0B53EC102BE94841
:1095500090ED000B51EC100B0FF0E4F904D89FEDE7
:10956000E80BE94880ED000B9FEDE50B53EC102B69
:10957000E54890ED000B51EC100B0FF05DF87CD13D
:109580001FED200B53EC102BE04890ED000B51EC3D
:10959000100B0FF009FA41EC1B0B9FEDD70B53ECAE
:1095A000102B0EF095FF41EC1A0BD94890ED000BF3
:1095B00053EC102B51EC1A0B0EF08AFFD54A03C264
:1095C0009FEDD50B53EC102BD14890ED000B51ECD7
:1095D000100B0FF0A9F841EC1A0B1FED360B53ECF2
:1095E000102BCF4890ED000B51EC100B0EF070FFDC
:1095F00041EC1C0B9FEDC00B53EC102B0EF068FFE1
:1096000041EC1B0B53EC1A2B0FF0CEF9C14AC2E907
:1096100002011FED440B53EC102BC24890ED000BE0
:1096200051EC100B0EF054FF41EC1B0B9FEDB20BF5
:1096300053EC102B0FF0B8F941EC1A0BB44890ED35
:10964000000B53EC102B51EC1A0B0FF0ADF9B14A93
:10965000C2E904019FEDB00B53EC102BAC4890ED28
:10966000000B51EC100B0FF05FF841EC1A0B1FEDE3
:109670005B0B53EC102BAC4800E049E090ED000B85
:1096800051EC100B0FF090F941EC1C0B9FED9A0B75
:1096900053EC102B0FF088F941EC1B0B53EC1A2BF9
:1096A0000EF016FF9B4AC2E9060118EE100A0FF0F1
:1096B00065FA41EC1A0B964890ED000B53EC102B19
:1096C00051EC1A0B0EF004FF914A03C29FED970B69
:1096D00053EC102B8E4890ED000B51EC100B0FF05B
:1096E00021F904D89FED910B894880ED000B9FED87
:1096F0008F0B53EC102B864890ED000B51EC100BA8
:109700000FF010F904D81FED930B7F4880ED000B8C
:109710001FED960B53EC102B7B4890ED000B51EC9A
:10972000100B0EF089FF7CD11FED8A0B53EC102B30
:10973000764890ED000B51EC100B0FF035F941EC31
:109740001C0B7C4890ED000B53EC102B51EC1C0BC8
:109750000FF02AF941EC1B0B9FED670B53EC102B1C
:109760000EF0B6FE41EC1A0B9FED700B53EC102B74
:109770000EF0AEFE674A03C21FED9E0B53EC102B9A
:10978000674890ED000B51EC100B0EF0A1FE41EC80
:109790001C0B684890ED000B53EC102B51EC1C0B8C
:1097A0000FF002F941EC1B0B9FED530B53EC102B08
:1097B0000EF08EFE41EC1A0B1FEDB90B53EC102B83
:1097C0000FF0F2F8534AC2E902011FEDB20B53EC5D
:1097D000102B544890ED000B51EC100B0EF078FE5E
:1097E00041EC1C0B534890ED000B53EC102B51EC4B
:1097F0001C0B0EF06DFE41EC1B0B9FED3F0B53EC71
:10980000102B0FF0D1F841EC1A0B9FED480B53ECE5
:10981000102B0FF0C9F83F4AC2E904011FEDC70B36
:1098200000E059E053EC102B3F4890ED000B51EC59
:10983000100B0FF0B9F841EC1C0B3E4890ED000BFB
:1098400053EC102B51EC1C0B0EF042FE41EC1B0BA9
:109850009FED290B53EC102B0FF0A6F841EC1A0BDF
:109860001FEDE30B53EC102B0EF032FE294AC2E938
:10987000060118EE100A0FF081F941EC1A0B2D4881
:1098800090ED000B53EC102B51EC1A0B0EF020FE58
:10989000284A03C29FED180B53EC102B254890ED7E
:1098A000000B51EC100B0FF03DF804D89FED120B9C
:1098B000204880ED000B9FED100B53EC102B1D4842
:1098C00090ED000B51EC100B0FF02CF804D81FEDAD
:1098D000FA0B0D4880ED000B38EEC90AF0EE408A15
:1098E000F5EEC08AF1EE10FA3FF7FCACBDEC0A8B46
:1098F00010BD0000F8000020000000606666064011
:10990000000000000000F03FE80000209800002068
:1099100008010020480A0020000000403333E33FE4
:10992000A0000020A8000020B000002000000000DF
:10993000000014401801002010B52DED048B9FEDA0
:109940005A0AB0EE408A9EE018EE100A0FF016F99F
:1099500041EC190B554890ED000B53EC102B51ECDA
:10996000190B0EF0B5FD524A03C29FED520A28EEC4
:10997000000A10EE101A08460FF000F941EC190B1E
:109980004D4890ED000B53EC102B51EC190B0EF0E1
:10999000FFFF474AC2E9020118EE100A0FF0EEF885
:1099A00041EC190B454890ED000B53EC102B51EC9A
:1099B000190B0EF0EDFF3E4AC2E904019FED3D0A8E
:1099C00028EE000A10EE101A08460FF0D7F841EC06
:1099D000190B3B4890ED000B53EC102B51EC190B7D
:1099E0000EF076FD324AC2E9060118EE100A0FF0B9
:1099F000C5F841EC190B334890ED000B53EC102BDC
:109A000051EC190B0EF064FD294AC2E9080118EE69
:109A1000100A0FF0B3F841EC190B2B4890ED000B36
:109A200053EC102B51EC190B0EF0B2FF204AC2E997
:109A30000A0118EE100A0FF0A1F841EC190B2348A7
:109A400090ED000B53EC102B51EC190B0EF0A0FF16
:109A5000174AC2E90C0118EE100A0FF08FF841EC1A
:109A6000190B1B4890ED000B53EC102B51EC190B0C
:109A70000EF02EFD0E4AC2E90E019FED160A38EED9
:109A8000000AB0EE408AB0EE040AB4EEC08AF1EEED
:109A900010FA7FF659AF9FED100B114880ED000BC7
:109AA000BDEC048B10BD00000000000098000020F9
:109AB000480A0020CDCC4C3EA0000020A800002089
:109AC000B0000020B8000020C0000020C800002026
:109AD000D000002082A87B38000000000000E03F9A
:109AE000D800002010B52DED068B9FED770AB0EE63
:109AF000408ADEE018EE100A0FF040F841EC190B36
:109B00009FED720B53EC102B724890ED000B51EC53
:109B1000100B0EF0DDFC41EC1A0B53EC192B0EF080
:109B200043FF6D4A03C29FED6D0A28EE000A10EE56
:109B3000101A08460FF022F841EC190B9FED680B44
:109B400053EC102B684890ED000B51EC100B0EF00D
:109B50002BFF41EC1A0B53EC192B0EF0B9FC5E4AAB
:109B6000C2E9020118EE100A0FF008F841EC190BD7
:109B70009FED560B53EC102B5C4890ED000B51EC15
:109B8000100B0EF011FF41EC1A0B53EC192B0EF0D9
:109B90009FFC514AC2E904019FED500A28EE000AD9
:109BA00010EE101A08460EF0E9FF41EC190B9FED7C
:109BB0004C0B53EC102B4E4890ED000B51EC100B5E
:109BC0000EF086FC41EC1A0B53EC192B0EF0ECFE58
:109BD000414AC2E9060118EE100A0EF0CFFF41EC2F
:109BE000190B9FED3A0B53EC102B424890ED000BF4
:109BF00051EC100B0EF06CFC41EC1A0B53EC192BD2
:109C00000EF0D2FE344AC2E9080118EE100A0EF036
:109C1000B5FF41EC190B9FED2D0B53EC102B364883
:109C200090ED000B51EC100B0EF0BEFE41EC1A0B48
:109C300053EC192B0EF04CFC274AC2E90A0118EE2E
:109C4000100A0EF09BFF41EC190B9FED200B53EC1B
:109C5000102B2A4890ED000B51EC100B0EF0A4FED7
:109C600041EC1A0B53EC192B0EF032FC1A4AC2E9E4
:109C70000C0118EE100A0EF081FF41EC190B9FED5C
:109C8000130B53EC102B1E4890ED000B51EC100BF6
:109C90000EF01EFC41EC1A0B53EC192B0EF084FE57
:109CA0000D4AC2E90E019FED170A38EE000AB0EE28
:109CB000408AB0EE040AB4EEC08AF1EE10FA7FF6E4
:109CC00019AFBDEC068B10BD0000000000000000C5
:109CD0000000044098000020480A0020CDCC4C3EF3
:109CE000000000000000E03FA0000020A8000020CD
:109CF000B0000020B8000020C0000020C8000020F4
:109D0000D0000020F7CC923810B52DED068B9FEDDA
:109D1000FD0BFE4880ED000B9FEDFD0AB0EE408A82
:109D200094E018EE100A0EF029FF41EC190BF948E7
:109D300090ED000B53EC102B51EC190B0EF0C8FBFF
:109D4000F54A03C218EE100A0EF018FF41EC190B89
:109D5000F24890ED000B53EC102B51EC190B0EF068
:109D6000B7FBED4AC2E9020118EE100A0EF006FF39
:109D700041EC190BEA4890ED000B53EC102B51EC21
:109D8000190B0EF005FEE44AC2E9040118EE100AB0
:109D90000EF0F4FE41EC190BE24890ED000B53EC91
:109DA000102B51EC190B0EF0F3FDDB4AC2E9060152
:109DB00018EE100A0EF0E2FE41EC190BDA4890EDB5
:109DC000000B53EC102B51EC190B0EF0E1FDD24AB5
:109DD000C2E9080118EE100A0EF0D0FE41EC190B92
:109DE000D24890ED000B53EC102B51EC190B0EF0F8
:109DF000CFFDC94AC2E90A0118EE100A0EF0BEFEF4
:109E000041EC190BCA4890ED000B53EC102B51ECB0
:109E1000190B0EF05DFBC04AC2E90C0118EE100AE6
:109E20000EF0ACFE41EC190BC24890ED000B53EC68
:109E3000102B51EC190B0EF04BFBB74AC2E90E0187
:109E40009FEDBD0A38EE000AB0EE408A9FEDBB0AD6
:109E5000B4EEC08AF1EE10FA7FF663AFC820F9F7CE
:109E6000F3FF9FEDAB0AB0EE408AD4E018EE100A83
:109E70000EF084FE41EC190B9FEDB10B53EC102B4F
:109E8000A44890ED000B51EC100B0EF021FB41ECBF
:109E90001A0B53EC192B0EF01BFB9F4A03C218EE52
:109EA000100A0EF06BFE41EC190B9FEDA50B53EC65
:109EB000102B9A4890ED000B51EC100B0EF008FBA4
:109EC00041EC1A0B53EC192B0EF06EFD924AC2E9CD
:109ED000020118EE100A0EF051FE41EC190B9FED35
:109EE000980B53EC102B8E4890ED000B51EC100B9F
:109EF0000EF05AFD41EC1A0B53EC192B0EF054FDE9
:109F0000854AC2E9040118EE100A0EF037FE41EC52
:109F1000190B9FED8B0B53EC102B824890ED000B2F
:109F200051EC100B0EF040FD41EC1A0B53EC192BC9
:109F30000EF0CEFA784AC2E9060118EE100A0EF0C9
:109F40001DFE41EC190B9FED7E0B53EC102B764858
:109F500090ED000B51EC100B0EF026FD41EC1A0BAE
:109F600053EC192B0EF020FD6B4AC2E9080118EEE4
:109F7000100A0EF003FE41EC190B9FED710B53EC30
:109F8000102B6A4890ED000B51EC100B0EF00CFDFD
:109F900041EC1A0B53EC192B0EF09AFA5E4AC2E907
:109FA0000A0118EE100A0EF0E9FD41EC190B9FEDC5
:109FB000640B53EC102B5E4890ED000B51EC100B32
:109FC0000EF086FA41EC1A0B53EC192B0EF080FAC6
:109FD000514AC2E90C0118EE100A0EF0CFFD41EC17
:109FE000190B9FED570B53EC102B524890ED000BC3
:109FF00051EC100B0EF06CFA41EC1A0B53EC192BD0
:10A000000EF0D2FC444AC2E90E019FED4F0A38EE31
:10A01000000AB0EE408A9FED4D0AB4EEC08AF1EE20
:10A0200010FA7FF623AF1420F9F70EFF9FED480BCF
:10A03000364880ED000B4FF41670F9F705FF9FEDE1
:10A04000400B53EC102B334890ED000B51EC100BF0
:10A050000EF03EFA41EC190B9FED3F0B53EC102B29
:10A060000EF036FA41EC180B9FED3D0B53EC102B24
:10A070000EF09AFC284A03C29FED310B53EC102BD3
:10A08000264890ED000B51EC100B0EF021FA41EC3C
:10A09000190B9FED310B53EC102B0EF085FC41ECAE
:10A0A000180B9FED2F0B53EC102B0EF07DFC1A4A72
:10A0B000C2E902019FED220B53EC102B184890EDE2
:10A0C000000B51EC100B0EF06FFC41EC190B9FEDE7
:10A0D000220B53EC102B0EF067FC41EC180B9FED9C
:10A0E000200B53EC102B0EF0F3F90B4AC2E90401DC
:10A0F0009FED130B53EC102B0A4890ED000B51EC25
:10A10000100B31E09A9999999999D93FD80000207C
:10A110000000000098000020480A0020A000002055
:10A12000A8000020B0000020B8000020C0000020DF
:10A13000C8000020D000002082A87B38CDCC6C4025
:10A140009A99999999990D40ACC52738CDCC0C4076
:10A150000000000000003240000000A0999901407A
:10A16000000000C0CCCC30400EF01EFC41EC190BBE
:10A170001FED070B53EC102B0EF0AAF941EC180B56
:10A180001FED090B53EC102B0EF0A2F97A4AC2E92D
:10A1900006011FED150B53EC102B784890ED000BCA
:10A1A00051EC100B0EF000FC41EC190B1FED160BDF
:10A1B00053EC102B0EF0F8FB41EC180B1FED180BB5
:10A1C00053EC102B0EF084F96B4AC2E908011FED25
:10A1D000240B53EC102B6A4890ED000B51EC100B44
:10A1E0000EF0E2FB41EC190B1FED250B53EC102B8D
:10A1F0000EF06EF941EC180B1FED270B53EC102BF2
:10A200000EF066F95C4AC2E90A011FED330B53EC0C
:10A21000102B5C4890ED000B51EC100B0EF058F930
:10A2200041EC190B1FED340B53EC102B0EF050F9D1
:10A2300041EC180B1FED360B53EC102B0EF0B4FB5A
:10A240004D4AC2E90C011FED420B53EC102B4E4856
:10A2500090ED000B51EC100B0EF03AF941EC190B9C
:10A260001FED430B53EC102B0EF09EFB41EC180B33
:10A270001FED450B53EC102B0EF096FB3E4AC2E946
:10A280000E01C820F9F7E0FD9FED400B414880ED3D
:10A29000000B1FED4F0B53EC102B3F4890ED000BC4
:10A2A00051EC100B0EF080FB334A03C21FED560B2E
:10A2B00053EC102B394890ED000B51EC100B0EF0C5
:10A2C00007F92D4AC2E902011FED5D0B53EC102B7B
:10A2D000334890ED000B51EC100B0EF0F9F8264AC4
:10A2E000C2E904011FED640B53EC102B2D4890EDD7
:10A2F000000B51EC100B0EF057FB1F4AC2E9060190
:10A300001FED6B0B53EC102B1C4890ED000B51EC28
:10A31000100B0EF0DDF8184AC2E908011FED720BB0
:10A3200053EC102B164890ED000B51EC100B0EF077
:10A330003BFB114AC2E90A011FED790B53EC102BCC
:10A34000104890ED000B51EC100B0EF02DFB0A4A5B
:10A35000C2E90C011FED800B53EC102B0A4890ED65
:10A36000000B51EC100B0EF0B3F8034AC2E90E01DA
:10A37000BDEC068B10BD0000480A0020B80000208C
:10A38000C0000020C8000020D0000020000000A075
:10A390009999E93FD800002098000020A0000020F3
:10A3A000A8000020B000002010B52DED068B9FED19
:10A3B000FD0BFE4880ED000B9FEDFD0AB0EE408ADC
:10A3C00094E018EE100A0EF0D9FB41EC190BF94895
:10A3D00090ED000B53EC102B51EC190B0EF078F8AC
:10A3E000F54A03C218EE100A0EF0C8FB41EC190B37
:10A3F000F24890ED000B53EC102B51EC190B0EF0C2
:10A4000067F8ED4AC2E9020118EE100A0EF0B6FB39
:10A4100041EC190BEA4890ED000B53EC102B51EC7A
:10A42000190B0EF0B5FAE44AC2E9040118EE100A5D
:10A430000EF0A4FB41EC190BE24890ED000B53EC3D
:10A44000102B51EC190B0EF0A3FADB4AC2E90601FE
:10A4500018EE100A0EF092FB41EC190BDA4890ED61
:10A46000000B53EC102B51EC190B0EF091FAD24A61
:10A47000C2E9080118EE100A0EF080FB41EC190B3E
:10A48000D24890ED000B53EC102B51EC190B0EF051
:10A490007FFAC94AC2E90A0118EE100A0EF06EFBF3
:10A4A00041EC190BCA4890ED000B53EC102B51EC0A
:10A4B000190B0EF00DF8C04AC2E90C0118EE100A93
:10A4C0000EF05CFB41EC190BC24890ED000B53EC15
:10A4D000102B51EC190B0DF0FBFFB74AC2E90E012E
:10A4E0009FEDBD0A38EE000AB0EE408A9FEDBB0A30
:10A4F000B4EEC08AF1EE10FA7FF663AFC820F9F728
:10A50000A3FC9FEDAB0AB0EE408A6CE018EE100A97
:10A510000EF034FB41EC190B9FEDB10B53EC102BFB
:10A52000A44890ED000B51EC100B0DF0D1FF41EC65
:10A530001A0B53EC192B0DF0CBFF9F4A03C218EEF8
:10A54000100A0EF01BFB41EC190B9FEDA50B53EC11
:10A55000102B9A4890ED000B51EC100B0DF0B8FF4A
:10A5600041EC1A0B53EC192B0EF01EFA924AC2E979
:10A57000020118EE100A0EF001FB41EC190B9FEDE1
:10A58000980B53EC102B904890ED000B51EC100BF6
:10A590000EF00AFA41EC1A0B53EC192B0EF004FAE8
:10A5A000854AC2E9080118EE100A0EF0E7FA41ECFC
:10A5B000190B9FED8B0B53EC102B844890ED000B87
:10A5C00051EC100B0EF0F0F941EC1A0B53EC192B77
:10A5D0000DF07EFF784AC2E90A019FED7F0A38EE4E
:10A5E000000AB0EE408AB2EE000AB4EEC08AF1EE84
:10A5F00010FA8BD91420F9F727FC9FED7B0B6B48E1
:10A6000080ED000B4FF41670F9F71EFC9FED740BF4
:10A6100053EC102B6A4890ED000B51EC100B0EF030
:10A62000C3F941EC180B9FED720B53EC102B0DF09E
:10A630004FFF614AC2E904019FED690B53EC102BF7
:10A64000604890ED000B51EC100B0EF0ADF941ECB1
:10A65000180B9FED670B53EC102B0DF039FF564A8A
:10A66000C2E906019FED5E0B53EC102B584890EDAC
:10A67000000B51EC100B0DF02BFF41EC180B9FED74
:10A680005C0B53EC102B0EF08FF94B4AC2E90C0116
:10A690009FED530B53EC102B4E4890ED000B51ECFB
:10A6A000100B0DF015FF41EC180B9FED510B53EC07
:10A6B000102B0EF079F9404AC2E90E010A20F9F791
:10A6C000C3FB9FED4D0B394880ED000B9620F9F749
:10A6D000BBFB9FED430B53EC102B394890ED000B67
:10A6E00051EC100B0EF060F941EC190B9FED400B93
:10A6F00053EC102B0DF0ECFE41EC180B9FED400BD2
:10A7000053EC102B0EF050F92B4AC2E904019FEDD7
:10A71000340B53EC102B2B4890ED000B51EC100B2D
:10A720000EF042F941EC190B9FED310B53EC102B5D
:10A730000DF0CEFE41EC180B9FED310B53EC102BBE
:10A740000EF032F91C4AC2E906019FED250B53ECCD
:10A75000102B1F4890ED000B51EC100B0DF0B8FEC4
:10A7600041EC190B9FED220B53EC102B0EF01CF952
:10A7700041EC180B9FED220B53EC102B0DF0A8FEB3
:10A780000D4AC2E90C019FED160B53EC102B11483A
:10A7900090ED000B51EC100B0DF09AFE41EC190BF3
:10A7A00032E000009A9999999999D93FD8000020F0
:10A7B0000000000098000020480A0020A0000020AF
:10A7C000A8000020B0000020B8000020C000002039
:10A7D000C8000020D0000020ACC5A737CDCC6C400D
:10A7E0009A99999999990D40000000000000324013
:10A7F0000000000000002840333333333333E33F9D
:10A8000000000000000024401FED070B53EC102B4C
:10A810000EF0CAF841EC180B1FED070B53EC102B90
:10A820000DF056FEE34AC2E90E010A20F9F70CFBCF
:10A830001FED130BE04880ED000BC820F9F704FB77
:10A840001FED190B53EC102BDC4890ED000B51EC75
:10A85000100B0DF03DFE41EC190B9FEDD90B53ECA5
:10A86000102B0DF035FE41EC180B1FED210B53ECB6
:10A87000102B0EF099F8CF4A03C21FED270B53ECB3
:10A88000102BD14890ED000B51EC100B0DF020FE79
:10A8900041EC190B9FEDCA0B53EC102B0EF084F812
:10A8A00041EC180B9FEDC90B53EC102B0EF07CF80C
:10A8B000C04AC2E902011FED360B53EC102BC5480C
:10A8C00090ED000B51EC100B0EF06EF841EC190BF3
:10A8D0009FEDBB0B53EC102B0EF066F841EC180B00
:10A8E0001FED3F0B53EC102B0DF0F2FDB14AC2E906
:10A8F00008011FED450B53EC102BB74890ED000BF2
:10A9000051EC100B0EF050F841EC190B9FEDAC0B15
:10A9100053EC102B0DF0DCFD41EC180B9FEDAB0B55
:10A9200053EC102B0DF0D4FDA24AC2E90A019FEDB1
:10A93000AB0BA14880ED000BE620F9F785FA1FED7F
:10A94000580B53EC102BA74890ED000B51EC100B5B
:10A950000EF02AF841EC1A0B1FED5B0B53EC102B99
:10A960000DF0B6FD41EC190B1FED5B0B53EC102BFA
:10A970000EF01AF841EC180B9FED9B0B53EC102BCB
:10A980000DF0A6FD8B4AC2E904011FED6B0B53ECE1
:10A99000102B974890ED000B51EC100B0EF004F8C3
:10A9A00041EC1A0B1FED6E0B53EC102B0DF090FDCC
:10A9B00041EC190B1FED6E0B53EC102B0DF0F4FF57
:10A9C00041EC180B9FED880B53EC102B0DF0ECFFB6
:10A9D000784AC2E906011FED7E0B53EC102B854827
:10A9E00090ED000B51EC100B0DF072FD41EC1A0BC9
:10A9F0001FED810B53EC102B0DF0D6FF41EC190B22
:10AA00001FED810B53EC102B0DF062FD41EC180B88
:10AA10009FED750B53EC102B0DF0C6FF654AC2E994
:10AA20000C011FED910B53EC102B734890ED000BB4
:10AA300051EC100B0DF04CFD41EC1A0B1FED940B7B
:10AA400053EC102B0DF0B0FF41EC190B1FED940BE4
:10AA500053EC102B0DF03CFD41EC180B9FED620BFD
:10AA600053EC102B0DF034FD524AC2E90E011FEDDC
:10AA7000A40B53EC102B514890ED000B51EC100B34
:10AA80000DF026FD41EC1A0B9FED4D0B53EC102BF6
:10AA90000DF01EFD41EC190B1FEDAD0B53EC102B0F
:10AAA0000DF082FF41EC180B9FED540B53EC102B73
:10AAB0000DF00EFD3F4A03C21FEDB70B53EC102BF8
:10AAC000414890ED000B51EC100B0DF001FD41ECF5
:10AAD0001A0B9FED3B0B53EC102B0DF065FF41EC77
:10AAE000190B9FED3A0B53EC102B0DF05DFF41EC71
:10AAF000180B9FED440B53EC102B0DF0E9FC2D4A85
:10AB0000C2E902011FEDCA0B53EC102B314890ED46
:10AB1000000B51EC100B0DF047FF41EC1A0B9FEDB1
:10AB2000280B53EC102B0DF03FFF41EC190B1FEDE0
:10AB3000D20B53EC102B0DF0CBFC41EC180B9FED1E
:10AB40002F0B53EC102B0DF02FFF1A4AC2E908010E
:10AB50001FEDDD0B53EC102B1F4890ED000B51EC5B
:10AB6000100B0DF021FF41EC1A0B9FED150B53EC70
:10AB7000102B0DF0ADFC41EC190B9FED140B53ECB9
:10AB8000102B0DF0A5FC41EC180B9FED1E0B53ECA8
:10AB9000102B0DF009FF074AC2E90A019FED1B0BBC
:10ABA000054880ED000B4FF49670F9F74DF9BDECB8
:10ABB000068B10BD480A0020D80000209800002015
:10ABC0000000000000002040A00000200000000065
:10ABD00000003040B8000020C00000209A999999E8
:10ABE0009999E93FA80000200000000000001440EF
:10ABF000B0000020C8000020D000002000000000AD
:10AC0000000031400000000000002E40000000A0C5
:10AC10009999D93F00B591B020220D4909A8F5F7BF
:10AC2000A8FC09A8B1EE0A0A03F05AF94FF416700D
:10AC3000F9F70AF920220649203101A8F5F799FC15
:10AC400001A8B1EE0A0A03F04BF911B000BD0000F3
:10AC5000F08D010810B52DED0A8BB0EE408AB0EEF4
:10AC6000609A9FEDFD0BFE4880ED000B9FEDFA0B07
:10AC7000FC4880ED000B9FEDF80BFB4880ED000BCE
:10AC80009FEDF50BF94880ED000B9FEDF30BF848B5
:10AC900080ED000B9FEDF00BF64880ED000B9FED73
:10ACA000EE0BF54880ED000B9FEDEB0BF34880EDCC
:10ACB000000B9FEDF30AF0EE408A0EE39FEDF10AE0
:10ACC00028EE800A10EE101A08460DF057FF41ECEE
:10ACD0001A0B9FEDED0B53EC102BED4890ED000B94
:10ACE00051EC100B0DF0F4FB41EC1B0B53EC1A2B49
:10ACF0000DF05AFEE74A03C218EE900A0DF03EFF2F
:10AD000041EC1A0B9FEDE00B53EC102BE24890ED59
:10AD1000000B51EC100B0DF047FE41EC1B0B53ECFC
:10AD20001A2B0DF0D5FBDB4AC2E902019FEDD50AD3
:10AD300028EE800A10EE101A08460DF01FFF41ECB5
:10AD40001A0B9FEDD10B53EC102BD44890ED000B58
:10AD500051EC100B0DF028FE41EC1B0B53EC1A2BA1
:10AD60000DF0B6FBCB4AC2E9040118EE900A0DF0D3
:10AD700005FF41EC1A0B9FEDC40B53EC102BC84898
:10AD800090ED000B51EC100B0DF0A2FB41EC1B0BF6
:10AD900053EC1A2B0DF008FEBE4AC2E906019FEDE6
:10ADA000AE0B53EC102BAE4890ED000B51EC100B9A
:10ADB0000DF042FC7ED19FEDB40B53EC102BB94843
:10ADC00090ED000B51EC100B0DF0EEFD41EC1A0B69
:10ADD000A54890ED000B53EC102B51EC1A0B0DF025
:10ADE000E3FDAC4AC2E908019FEDA70B53EC102B21
:10ADF000AD4890ED000B51EC100B0DF069FB41ECF0
:10AE00001A0B994890ED000B53EC102B51EC1A0BD8
:10AE10000DF0CAFD9F4AC2E90A019FED9B0B53EC5E
:10AE2000102BA24890ED000B51EC100B0DF050FBD5
:10AE300041EC1A0B8C4890ED000B53EC102B51ECAD
:10AE40001A0B0DF045FB934AC2E90C019FED8E0BE6
:10AE500053EC102B964890ED000B51EC100B0DF0BD
:10AE6000A3FD41EC1A0B804890ED000B53EC102B26
:10AE700051EC1A0B0DF02CFB864AC2E90E0118EEBC
:10AE8000100A0DF07BFE41EC1A0B774890ED000B99
:10AE900053EC102B51EC1A0B0DF01AFB724A03C243
:10AEA0009FED840B53EC102B6F4890ED000B51EC91
:10AEB000100B00E018E00DF035FD04D89FED7D0B80
:10AEC000694880ED000B9FED7B0B53EC102B66481F
:10AED00090ED000B51EC100B0DF024FD04D89FED0C
:10AEE000770B5F4880ED000B9FED740B53EC102B3C
:10AEF0005B4890ED000B51EC100B0DF09DFB7CD1ED
:10AF00009FED610B53EC102B594890ED000B51EC69
:10AF1000100B0DF009FC41EC1A0B9FED5B0B53EC91
:10AF2000102B604890ED000B51EC100B0DF03CFD28
:10AF300041EC1C0B9FED5F0B53EC102B0DF034FD1F
:10AF400041EC1B0B53EC1A2B0DF0C2FA514AC2E92B
:10AF500008019FED4D0B53EC102B534890ED000B67
:10AF600051EC100B0DF0B4FA41EC1B0B9FED510BA3
:10AF700053EC102B0DF018FD41EC1A0B3C4890EDF2
:10AF8000000B53EC102B51EC1A0B0DF00DFD414A48
:10AF9000C2E90A019FED3C0B53EC102B344890EDB5
:10AFA000000B51EC100B0DF0BFFB41EC1A0B9FEDA9
:10AFB000360B53EC102B3D4890ED000B51EC100B71
:10AFC0000DF086FA41EC1C0B9FED3A0B53EC102B65
:10AFD0000DF07EFA41EC1B0B53EC1A2B0DF0E4FC48
:10AFE0002C4AC2E90C019FED280B53EC102B304882
:10AFF00090ED000B51EC100B00E085E00DF0D4FC5F
:10B0000041EC1B0B9FED2B0B53EC102B0DF060FA5A
:10B0100041EC1A0B164890ED000B53EC102B51EC41
:10B020001A0B0DF055FA1B4AC2E90E0118EE100A70
:10B030000DF0A4FD41EC1A0B0D4890ED000B53EC04
:10B04000102B51EC1A0B0DF043FA094A03C29FED85
:10B050001D0B53EC102B39E0000000000000000035
:10B06000E0000020E8000020F0000020F8000020B0
:10B07000000100200801002010010020180100201C
:10B080009A99993F9A99193F000000403333E33F62
:10B0900098000020480A0020A0000020A8000020FE
:10B0A000B0000020B8000020C0000020C800002030
:10B0B000D00000200000004033330B4000000000AF
:10B0C0000000F03F000000403333F33FFD4890EDB7
:10B0D000000B51EC100B0DF025FC04D81FED070BF5
:10B0E000F84880ED000B1FED090B53EC102BF548D1
:10B0F00090ED000B51EC100B0DF014FC04D89FEDFB
:10B10000F20BF34880ED000B9FEDEF0B53EC102B8F
:10B11000EF4890ED000B51EC100B0DF08DFA7DD146
:10B120001FED270B53EC102BEA4890ED000B51EC70
:10B13000100B0DF039FC41EC1C0BE74890ED000BB7
:10B1400053EC102B51EC1C0B0DF0C2F941EC1B0B16
:10B150001FED280B53EC102B0DF026FC41EC1A0BC5
:10B160009FEDDE0B53EC102B0DF0B2F9DD4AC2E976
:10B1700008011FED3B0B53EC102BDB4890ED000B4F
:10B1800051EC100B0DF0A4F941EC1C0BD24890EDE2
:10B19000000B53EC102B51EC1C0B0DF099F941EC0A
:10B1A0001B0B1FED3C0B53EC102B0DF0FDFB41EC8A
:10B1B0001A0B1FED3C0B53EC102B0DF0F5FBC94A9D
:10B1C000C2E90A011FED500B53EC102BC74890ED5C
:10B1D000000B51EC100B0DF07BF941EC1C0BBE4841
:10B1E00090ED000B53EC102B51EC1C0B0DF0DCFB25
:10B1F00041EC1B0B1FED510B53EC102B0DF068F9BC
:10B2000041EC1A0B9FEDB50B53EC102B0DF0CCFB62
:10B21000B44AC2E90C011FED640B00E059E053ECA5
:10B22000102BB34890ED000B51EC100B0DF0BCFB54
:10B2300041EC1C0BA84890ED000B53EC102B51EC8B
:10B240001C0B0DF0B1FB41EC1B0B1FED660B53EC1F
:10B25000102B0DF03DF941EC1A0B1FED660B53EC72
:10B26000102B0DF035F99F4AC2E90E0118EE100AB5
:10B270000DF084FC41EC1A0B974890ED000B53EC59
:10B28000102B51EC1A0B0DF023F9934A03C21FED5A
:10B29000770B53EC102B904890ED000B51EC100BFA
:10B2A0000DF040FB04D81FED7D0B8B4880ED000BAB
:10B2B0001FED800B53EC102B874890ED000B51ECE9
:10B2C000100B0DF02FFB04D89FED8A0B804880ED0A
:10B2D000000B38EEC90AF0EE408AF5EEC08AF1EEB6
:10B2E00010FA3FF7EBAC1FED9A0AF0EE408AFDE250
:10B2F0001FED9C0A28EE800A10EE101A08460DF089
:10B300003DFC41EC1B0B1FEDA00B53EC102B7148C7
:10B3100090ED000B51EC100B0DF046FB41EC1A0BBD
:10B3200053EC1B2B0DF0D4F86E4AC2E9080118EE5D
:10B33000900A0DF023FC41EC1A0B1FEDAD0B53EC02
:10B34000102B694890ED000B51EC100B0DF0C0F87C
:10B3500041EC1B0B53EC1A2B0DF026FB614AC2E9A2
:10B360000A011FEDB80A28EE800A10EE101A0846EE
:10B370000DF004FC41EC1A0B1FEDBD0B53EC102B30
:10B380005A4890ED000B51EC100B0DF0A1F841EC78
:10B390001B0B53EC1A2B0DF007FB524AC2E90C01B0
:10B3A00018EE900A0DF0EAFB41EC1A0B1FEDCA0BE8
:10B3B00053EC102B4E4890ED000B51EC100B0DF0A0
:10B3C000F3FA41EC1B0B53EC1A2B0DF081F8454AB4
:10B3D000C2E90E011FEDE00B53EC102B474890ED36
:10B3E000000B51EC100B0DF027F96AD11FEDDA0BB1
:10B3F00053EC102B424890ED000B51EC100B0DF06C
:10B4000067F841EC1A0B3F4890ED000B53EC102B02
:10B4100051EC1A0B0DF05CF8324A03C21FEDE60B3B
:10B4200053EC102B384890ED000B51EC100B0DF045
:10B43000BBFA41EC1A0B334890ED000B53EC102B88
:10B4400051EC1A0B0DF044F8264AC2E902011FED37
:10B45000F20B53EC102B2D4890ED000B51EC100B20
:10B460000DF0A2FA41EC1A0B264890ED000B53ECBC
:10B47000102B51EC1A0B0DF097FA1A4AC2E904018D
:10B480009FED230B53EC102B234890ED000B51EC58
:10B49000100B0DF01DF841EC1A0B1A4890ED000B43
:10B4A00053EC102B51EC1A0B0DF07EFA0D4AC2E949
:10B4B000060118EE100A0DF061FB41EC1A0B114861
:10B4C0002CE057E0000100200000000000000040D8
:10B4D000E0000020B80000201001002000000080E3
:10B4E0003D0AE73F480A0020C0000020C8000020B5
:10B4F000D00000200000000000001040E800002004
:10B5000098000020F8000020A0000020A8000020E3
:10B51000000000403333E33FB000002090ED000B0B
:10B5200053EC102B51EC1A0B0CF0D2FFF44A03C26F
:10B530009FEDF40B53EC102BF14890ED000B51EC08
:10B54000100B0DF0EFF904D89FEDEE0BEC4880EDF9
:10B55000000B9FEDEC0B53EC102BE94890ED000B2A
:10B5600051EC100B0DF0DEF904D89FEDE80BE94823
:10B5700080ED000B9FEDE50B53EC102BE54890EDB3
:10B58000000B51EC100B0DF057F87DD11FED200B87
:10B5900053EC102BE04890ED000B51EC100B0DF02C
:10B5A000C3F841EC1A0B1FED260B53EC102BDB48B4
:10B5B00090ED000B51EC100B0CF08AFF41EC1C0BD2
:10B5C0009FEDD00B53EC102B0CF082FF41EC1B0BCA
:10B5D00053EC1A2B0DF0E8F9D14A03C21FED340BDE
:10B5E00053EC102BCF4890ED000B51EC100B0DF0ED
:10B5F000DBF941EC1B0B9FEDC30B53EC102B0CF054
:10B6000067FF41EC1A0BC44890ED000B53EC102B74
:10B6100051EC1A0B0CF05CFFC14AC2E902011FEDAC
:10B62000440B53EC102BBC4890ED000B51EC100B6D
:10B630000DF07AF841EC1A0B1FED4B0B53EC102B6D
:10B64000B94890ED000B51EC100B0DF0ADF941EC49
:10B650001C0B9FEDAC0B53EC102B0DF0A5F941EC3E
:10B660001B0B53EC1A2B0CF033FFAD4AC2E904015B
:10B670001FED590B53EC102BAC4890ED000B51EC27
:10B68000100B0CF025FF00E048E041EC1B0B9FED98
:10B690009D0B53EC102B0DF087F941EC1A0B9E48D3
:10B6A00090ED000B53EC102B51EC1A0B0DF07CF9C4
:10B6B0009B4AC2E9060118EE100A0DF05FFA41EC50
:10B6C0001A0B954890ED000B53EC102B51EC1A0B14
:10B6D0000CF0FEFE904A03C29FED950B53EC102B2D
:10B6E0008D4890ED000B51EC100B0DF01BF904D8B8
:10B6F0009FED8F0B884880ED000B9FED8D0B53EC79
:10B70000102B854890ED000B51EC100B0DF00AF951
:10B7100004D81FED930B7F4880ED000B1FED960BB7
:10B7200053EC102B7B4890ED000B51EC100B0CF000
:10B7300083FF7AD11FED8A0B53EC102B774890EDE5
:10B74000000B51EC100B0CF0C3FE41EC1C0B7A48C3
:10B7500090ED000B53EC102B51EC1C0B0DF024F969
:10B7600041EC1B0B9FED670B53EC102B0CF0B0FE64
:10B7700041EC1A0B1FEDA70B53EC102B0DF014F935
:10B78000674A03C21FED9E0B53EC102B654890EDEA
:10B79000000B51EC100B0DF007F941EC1C0B664847
:10B7A00090ED000B53EC102B51EC1C0B0DF0FCF842
:10B7B00041EC1B0B9FED530B53EC102B0CF088FE50
:10B7C00041EC1A0B9FED5A0B53EC102B0CF080FE42
:10B7D000534AC2E902011FEDB20B53EC102B524841
:10B7E00090ED000B51EC100B0DF0DEF841EC1C0B52
:10B7F000514890ED000B53EC102B51EC1C0B0CF04E
:10B8000067FE41EC1B0B9FED3F0B53EC102B0DF033
:10B81000CBF841EC1A0B1FEDCF0B53EC102B0CF0B7
:10B8200057FE3F4AC2E9040100E05BE01FEDC80B90
:10B8300053EC102B3D4890ED000B51EC100B0CF02D
:10B8400047FE41EC1C0B3C4890ED000B53EC102BD9
:10B8500051EC1C0B0CF03CFE41EC1B0B9FED290B3B
:10B8600053EC102B0DF0A0F841EC1A0B9FED300BB0
:10B8700053EC102B0DF098F8294AC2E9060118EE96
:10B88000100A0DF07BF941EC1A0B2B4890ED000BE0
:10B8900053EC102B51EC1A0B0CF01AFE264A03C283
:10B8A0009FED180B53EC102B234890ED000B51EC3F
:10B8B000100B0DF037F804D89FED120B1E4880EDE9
:10B8C000000B9FED100B53EC102B1B4890ED000B61
:10B8D00051EC100B0DF026F804D81FEDFA0B0D48B3
:10B8E00080ED000B38EEC90AF0EE408AF5EEC08A12
:10B8F000F1EE10FA3FF7FCACBDEC0A8B10BD000076
:10B90000F80000200000004033330B40000000002E
:10B910000000F03FE800002008010020980000200F
:10B92000480A0020A0000020A8000020B00000204D
:10B93000000000403333F33F1801002010B52DED17
:10B94000048B9FED5A0AB0EE408A9EE09FED580AA4
:10B9500028EE000A10EE101A08460DF00FF941EC1F
:10B96000190B544890ED000B53EC102B51EC190BB4
:10B970000DF00EF8504A03C218EE100A0DF0FEF852
:10B9800041EC190B4D4890ED000B53EC102B51EC92
:10B99000190B0CF09DFD484AC2E902019FED440AD3
:10B9A00028EE000A10EE101A08460DF0E7F841ECF8
:10B9B000190B434890ED000B53EC102B51EC190B75
:10B9C0000CF086FD3C4AC2E9040118EE100A0DF0A5
:10B9D000D5F841EC190B3B4890ED000B53EC102BC4
:10B9E00051EC190B0CF0D4FF334AC2E9060118EEF2
:10B9F000100A0DF0C3F841EC190B334890ED000B21
:10BA000053EC102B51EC190B0CF0C2FF2A4AC2E97F
:10BA1000080118EE100A0DF0B1F841EC190B2B4893
:10BA200090ED000B53EC102B51EC190B0CF050FD6A
:10BA3000214AC2E90A0118EE100A0DF09FF841EC04
:10BA4000190B234890ED000B53EC102B51EC190B04
:10BA50000CF03EFD184AC2E90C0118EE100A0DF078
:10BA60008DF841EC190B1B4890ED000B53EC102B9B
:10BA700051EC190B0CF08CFF0F4AC2E90E019FED3F
:10BA8000160A38EE000AB0EE408A9FED140AB4EEB2
:10BA9000C08AF1EE10FA7FF659AF9FED110B1248F4
:10BAA00080ED000BBDEC048B10BD00000000000019
:10BAB000CDCC4C3E98000020480A0020A000002079
:10BAC000A8000020B0000020B8000020C000002026
:10BAD000C8000020D000002017B751389A99193FAC
:10BAE000000000000000E03FD800002010B52DED60
:10BAF000068B9FED770AB0EE408ADEE09FED750A77
:10BB000028EE000A10EE101A08460DF037F841EC46
:10BB1000190B9FED710B53EC102B714890ED000B3E
:10BB200051EC100B0CF040FF41EC1A0B53EC192BAD
:10BB30000CF0CEFC6B4A03C218EE100A0DF01EF892
:10BB400041EC190B9FED680B53EC102B684890EDFE
:10BB5000000B51EC100B0CF0BBFC41EC1A0B53EC3E
:10BB6000192B0CF021FF5F4AC2E902019FED590A2F
:10BB700028EE000A10EE101A08460CF0FFFF41EC08
:10BB8000190B9FED550B53EC102B5A4890ED000B01
:10BB900051EC100B0CF09CFC41EC1A0B53EC192BE4
:10BBA0000CF002FF4F4AC2E9040118EE100A0CF033
:10BBB000E5FF41EC190B9FED4C0B53EC102B4E485D
:10BBC00090ED000B51EC100B0CF0EEFE41EC1A0B5B
:10BBD00053EC192B0CF07CFC424AC2E9060118EE2A
:10BBE000100A0CF0CBFF41EC190B9FED3F0B53EC0F
:10BBF000102B424890ED000B51EC100B0CF0D4FED2
:10BC000041EC1A0B53EC192B0CF062FC354AC2E9DB
:10BC1000080118EE100A0CF0B1FF41EC190B9FED72
:10BC2000320B53EC102B364890ED000B51EC100BFF
:10BC30000CF04EFC41EC1A0B53EC192B0CF0B4FE3B
:10BC4000284AC2E90A0118EE100A0CF097FF41ECED
:10BC5000190B9FED250B53EC102B2A4890ED000B90
:10BC600051EC100B0CF034FC41EC1A0B53EC192B7B
:10BC70000CF09AFE1B4AC2E90C0118EE100A0CF0F7
:10BC80007DFF41EC190B9FED180B53EC102B1E4858
:10BC900090ED000B51EC100B0CF086FE41EC1A0BF2
:10BCA00053EC192B0CF014FC0E4AC2E90E019FED67
:10BCB000170A38EE000AB0EE408A9FED150AB4EE7E
:10BCC000C08AF1EE10FA7FF619AFBDEC068B10BDFD
:10BCD00000000000CDCC4C3E0000000052B8BE3F3A
:10BCE00098000020480A0020000000403333E33F62
:10BCF000A0000020A8000020B0000020B800002014
:10BD0000C0000020C8000020D000002017B7513824
:10BD10009A99193F10B52DED0A8BB0EE408AB0EE1E
:10BD2000609A9FEDFD0BFE4880ED000B9FEDFA0B36
:10BD3000FC4880ED000B9FEDF80BFB4880ED000BFD
:10BD40009FEDF50BF94880ED000B9FEDF30BF848E4
:10BD500080ED000B9FEDF00BF64880ED000B9FEDA2
:10BD6000EE0BF54880ED000B9FEDEB0BF34880EDFB
:10BD7000000BB1EE040AF0EE408A10E39FEDF00AEA
:10BD800028EE800A10EE101A08460CF0F7FE41EC7F
:10BD90001A0B9FEDEC0B53EC102BEC4890ED000BC5
:10BDA00051EC100B0CF094FB41EC1B0B53EC1A2BD9
:10BDB0000CF0FAFDE64A03C218EE900A0CF0DEFE23
:10BDC00041EC1A0B9FEDDF0B53EC102BE14890ED8B
:10BDD000000B51EC100B0CF0E7FD41EC1B0B53EC8E
:10BDE0001A2B0CF075FBDA4AC2E902019FEDD40A66
:10BDF00028EE800A10EE101A08460CF0BFFE41EC47
:10BE00001A0B9FEDD00B53EC102BD34890ED000B89
:10BE100051EC100B0CF0C8FD41EC1B0B53EC1A2B32
:10BE20000CF056FBCA4AC2E9040118EE900A0CF065
:10BE3000A5FE41EC1A0B9FEDC30B53EC102BC7482A
:10BE400090ED000B51EC100B0CF042FB41EC1B0B86
:10BE500053EC1A2B0CF0A8FDBD4AC2E906019FED78
:10BE6000AE0B53EC102BAE4890ED000B51EC100BC9
:10BE70000CF0E2FB7ED19FEDB30B53EC102BB848D6
:10BE800090ED000B51EC100B0CF08EFD41EC1A0BF9
:10BE9000A54890ED000B53EC102B51EC1A0B0CF055
:10BEA00083FDAB4AC2E908019FEDA60B53EC102BB2
:10BEB000AC4890ED000B51EC100B0CF009FB41EC81
:10BEC0001A0B994890ED000B53EC102B51EC1A0B08
:10BED0000CF06AFD9E4AC2E90A019FED9A0B53ECF1
:10BEE000102BA14890ED000B51EC100B0CF0F0FA68
:10BEF00041EC1A0B8C4890ED000B53EC102B51ECDD
:10BF00001A0B0CF0E5FA924AC2E90C019FED8D0B79
:10BF100053EC102B954890ED000B51EC100B0CF0EE
:10BF200043FD41EC1A0B804890ED000B53EC102BB5
:10BF300051EC1A0B0CF0CCFA854AC2E90E0118EE4E
:10BF4000100A0CF01BFE41EC1A0B774890ED000B29
:10BF500053EC102B51EC1A0B0CF0BAFA724A03C2D4
:10BF60009FED830B53EC102B6F4890ED000B51ECC1
:10BF7000100B00E018E00CF0D5FC04D89FED7C0B12
:10BF8000694880ED000B9FED7A0B53EC102B66484F
:10BF900090ED000B51EC100B0CF0C4FC04D89FED9D
:10BFA000760B5F4880ED000B9FED730B53EC102B6D
:10BFB0005B4890ED000B51EC100B0CF03DFB7CD17D
:10BFC0009FED6F0B53EC102B594890ED000B51EC8B
:10BFD000100B0CF0A9FB41EC1A0B9FED5A0B53EC24
:10BFE000102B5F4890ED000B51EC100B0CF0DCFCBB
:10BFF00041EC1C0B9FED5E0B53EC102B0CF0D4FCB2
:10C0000041EC1B0B53EC1A2B0CF062FA504AC2E9BC
:10C0100008019FED4C0B53EC102B524890ED000B98
:10C0200051EC100B0CF054FA41EC1B0B9FED500B34
:10C0300053EC102B0CF0B8FC41EC1A0B3C4890ED83
:10C04000000B53EC102B51EC1A0B0CF0ADFC404ADA
:10C05000C2E90A019FED4A0B53EC102B344890EDD6
:10C06000000B51EC100B0CF05FFB41EC1A0B9FED39
:10C07000350B53EC102B3C4890ED000B51EC100BA2
:10C080000CF026FA41EC1C0B9FED390B53EC102BF6
:10C090000CF01EFA41EC1B0B53EC1A2B0CF084FC39
:10C0A0002B4AC2E90C019FED270B53EC102B2F48B4
:10C0B00090ED000B51EC100B00E087E00CF074FCED
:10C0C00041EC1B0B9FED2A0B53EC102B0CF000FAEC
:10C0D00041EC1A0B164890ED000B53EC102B51EC71
:10C0E0001A0B0CF0F5F91A4AC2E90E0118EE100A03
:10C0F0000CF044FD41EC1A0B0D4890ED000B53EC95
:10C10000102B51EC1A0B0CF0E3F9094A03C29FED16
:10C110001E0B53EC102B3BE0000000000000000061
:10C12000E0000020E8000020F0000020F8000020DF
:10C13000000100200801002010010020180100204B
:10C140009A99193F00000000000004409800002068
:10C15000480A0020A0000020A8000020B000002015
:10C16000B8000020C0000020C8000020D00000203F
:10C170000000006066660640000000000000F03F1E
:10C18000000000403333E33F000000000000144093
:10C19000FD4890ED000B51EC100B0CF0C3FB04D8E4
:10C1A0001FED070BF84880ED000B1FED090B53EC5A
:10C1B000102BF54890ED000B51EC100B0CF0B2FB7E
:10C1C00004D89FEDF20BF34880ED000B9FEDEF0BD1
:10C1D00053EC102BEF4890ED000B51EC100B0CF0D2
:10C1E0002BFA7BD11FED290B53EC102BEA4890ED75
:10C1F000000B51EC100B0CF0D7FB41EC1C0BE7488B
:10C2000090ED000B53EC102B51EC1C0B0CF060F973
:10C2100041EC1B0B1FED2A0B53EC102B0CF0C4FB55
:10C2200041EC1A0B9FEDDE0B53EC102B0CF050F988
:10C23000DD4AC2E908011FED3D0B53EC102BDB4832
:10C2400090ED000B51EC100B0CF042F941EC1C0B83
:10C25000D24890ED000B53EC102B51EC1C0B0CF062
:10C2600037F941EC1B0B1FED3E0B53EC102B0CF080
:10C270009BFB41EC1A0B1FED3C0B53EC102B0CF00D
:10C2800093FBC94AC2E90A011FED520B53EC102B74
:10C29000C74890ED000B51EC100B0CF019F941EC74
:10C2A0001C0BBE4890ED000B53EC102B51EC1C0BFB
:10C2B0000CF07AFB41EC1B0B1FED530B53EC102BD6
:10C2C0000CF006F941EC1A0B9FEDB50B53EC102B5B
:10C2D0000CF06AFBB44AC2E90C0100E05BE01FED20
:10C2E000670B53EC102BB34890ED000B51EC100B87
:10C2F0000CF05AFB41EC1C0BA84890ED000B53ECE2
:10C30000102B51EC1C0B0CF04FFB41EC1B0B1FEDE9
:10C31000680B53EC102B0CF0DBF841EC1A0B1FED03
:10C32000660B53EC102B0CF0D3F89F4AC2E90E01B8
:10C3300018EE100A0CF022FC41EC1A0B974890ED15
:10C34000000B53EC102B51EC1A0B0CF0C1F8934A74
:10C3500003C21FED790B53EC102B904890ED000BAE
:10C3600051EC100B0CF0DEFA04D81FED7F0B8B485C
:10C3700080ED000B1FED820B53EC102B874890EDE6
:10C38000000B51EC100B0CF0CDFA04D89FED8A0B8A
:10C39000804880ED000B38EEC90AF0EE408AF5EED9
:10C3A000C08AF1EE10FA3FF7E9ACB1EE040AF0EE04
:10C3B000408AFDE21FED9E0A28EE800A10EE101A58
:10C3C00008460CF0DBFB41EC1B0B1FEDA20B53EC02
:10C3D000102B714890ED000B51EC100B0CF0E4FAAF
:10C3E00041EC1A0B53EC1B2B0CF072F86E4AC2E9AD
:10C3F000080118EE900A0CF0C1FB41EC1A0B1FED7E
:10C40000AF0B53EC102B694890ED000B51EC100B67
:10C410000CF05EF841EC1B0B53EC1A2B0CF0C4FA39
:10C42000614AC2E90A011FEDBA0A28EE800A10EE3D
:10C43000101A08460CF0A2FB41EC1A0B1FEDBF0BC3
:10C4400053EC102B5A4890ED000B51EC100B0CF0F4
:10C450003FF841EC1B0B53EC1A2B0CF0A5FA524A97
:10C46000C2E90C0118EE900A0CF088FB41EC1A0BA3
:10C470001FEDCC0B53EC102B4E4890ED000B51EC04
:10C48000100B0CF091FA41EC1B0B53EC1A2B0CF037
:10C490001FF8454AC2E90E011FEDE10B53EC102BCA
:10C4A000474890ED000B51EC100B0CF0C5F86AD129
:10C4B0001FEDDC0B53EC102B424890ED000B51ECC0
:10C4C000100B0CF005F841EC1A0B3F4890ED000BF7
:10C4D00053EC102B51EC1A0B0BF0FAFF324A03C24B
:10C4E0001FEDE80B53EC102B384890ED000B51EC8E
:10C4F000100B0CF059FA41EC1A0B334890ED000B7D
:10C5000053EC102B51EC1A0B0BF0E2FF264AC2E958
:10C5100002011FEDF40B53EC102B2D4890ED000B96
:10C5200051EC100B0CF040FA41EC1A0B264890ED40
:10C53000000B53EC102B51EC1A0B0CF035FA1A4A85
:10C54000C2E904019FED230B53EC102B234890ED1F
:10C55000000B51EC100B0BF0BBFF41EC1A0B1A480F
:10C5600090ED000B53EC102B51EC1A0B0CF01CFA55
:10C570000D4AC2E9060118EE100A0CF0FFFA41EC70
:10C580001A0B11482CE057E00001002000000000C9
:10C5900000000040E0000020B80000201001002052
:10C5A0000000000000000840480A0020C0000020F1
:10C5B000C8000020D0000020000000000000104053
:10C5C000E800002098000020F8000020A0000020D3
:10C5D000A80000200000000000000440B00000207F
:10C5E00090ED000B53EC102B51EC1A0B0BF070FF7D
:10C5F000F44A03C29FEDF40B53EC102BF14890ED7D
:10C60000000B51EC100B0CF08DF904D89FEDEE0BE4
:10C61000EC4880ED000B9FEDEC0B53EC102BE94840
:10C6200090ED000B51EC100B0CF07CF904D89FED51
:10C63000E80BE94880ED000B9FEDE50B53EC102B68
:10C64000E54890ED000B51EC100B0BF0F5FF7DD1A0
:10C650009FEDE20B53EC102BE24890ED000B51ECF8
:10C66000100B0CF061F841EC1A0B1FED260B53EC8C
:10C67000102BDD4890ED000B51EC100B0BF028FF58
:10C6800041EC1C0B9FEDD00B53EC102B0BF020FF5B
:10C6900041EC1B0B53EC1A2B0CF086F9D34A03C266
:10C6A0001FED340B53EC102BD14890ED000B51ECE7
:10C6B000100B0CF079F941EC1B0B9FEDC30B53EC05
:10C6C000102B0BF005FF41EC1A0BC64890ED000B48
:10C6D00053EC102B51EC1A0B0BF0FAFEC34AC2E9D3
:10C6E00002019FEDBE0B53EC102BBE4890ED000BEA
:10C6F00051EC100B0CF018F841EC1A0B1FED4B0B22
:10C7000053EC102BBB4890ED000B51EC100B0CF0D0
:10C710004BF941EC1C0B9FEDAC0B53EC102B0CF0C8
:10C7200043F941EC1B0B53EC1A2B0BF0D1FEAF4A33
:10C73000C2E904011FED590B53EC102BAE4890EDEC
:10C74000000B51EC100B0BF0C3FE00E048E041EC95
:10C750001B0B9FED9D0B53EC102B0CF025F941ECBE
:10C760001A0BA04890ED000B53EC102B51EC1A0B58
:10C770000CF01AF99D4AC2E9060118EE100A0CF0F5
:10C78000FDF941EC1A0B974890ED000B53EC102B80
:10C7900051EC1A0B0BF09CFE924A03C29FED970BD3
:10C7A00053EC102B8F4890ED000B51EC100B0CF05C
:10C7B000B9F804D89FED910B8A4880ED000B9FEDEE
:10C7C0008F0B53EC102B874890ED000B51EC100BA6
:10C7D0000CF0A8F804D81FED930B7F4880ED000BF8
:10C7E0001FED960B53EC102B7B4890ED000B51EC9A
:10C7F000100B0BF021FF7CD11FED8A0B53EC102B9B
:10C80000794890ED000B51EC100B0BF061FE41EC00
:10C810001C0B7C4890ED000B53EC102B51EC1C0BC7
:10C820000CF0C2F841EC1B0B9FED670B53EC102B87
:10C830000BF04EFE41EC1A0B1FEDA70B53EC102B27
:10C840000CF0B2F8694A03C21FED9E0B53EC102B9B
:10C85000674890ED000B51EC100B0CF0A5F841EC83
:10C860001C0B684890ED000B53EC102B51EC1C0B8B
:10C870000CF09AF841EC1B0B9FED530B53EC102B73
:10C880000BF026FE41EC1A0B9FED5C0B53EC102BCA
:10C890000BF01EFE554AC2E902011FEDB20B53EC2C
:10C8A000102B544890ED000B51EC100B0CF07CF861
:10C8B00041EC1C0B534890ED000B53EC102B51EC4A
:10C8C0001C0B0BF005FE41EC1B0B9FED3F0B53ECDB
:10C8D000102B0CF069F841EC1A0B1FEDCF0B53EC49
:10C8E000102B0BF0F5FD414AC2E904011FEDC70B07
:10C8F00000E059E053EC102B3F4890ED000B51EC59
:10C90000100B0BF0E5FD41EC1C0B3E4890ED000BCD
:10C9100053EC102B51EC1C0B0BF0DAFD41EC1B0B14
:10C920009FED290B53EC102B0CF03EF841EC1A0B49
:10C930009FED320B53EC102B0CF036F82B4AC2E96A
:10C94000060118EE100A0CF019F941EC1A0B2D48EB
:10C9500090ED000B53EC102B51EC1A0B0BF0B8FDC3
:10C96000284A03C29FED180B53EC102B254890ED7D
:10C97000000B51EC100B0BF0D5FF04D89FED120B00
:10C98000204880ED000B9FED100B53EC102B1D4841
:10C9900090ED000B51EC100B0BF0C4FF04D81FED11
:10C9A000FA0B0D4880ED000B38EEC90AF0EE408A14
:10C9B000F5EEC08AF1EE10FA3FF7FCACBDEC0A8B45
:10C9C00010BD0000F8000020000000606666064010
:10C9D000000000000000F03FE800002000000040E0
:10C9E0003333E33F0801002098000020480A00206C
:10C9F000A0000020A8000020B000002000000000DF
:10CA0000000014401801002010B52DED048B9FED9F
:10CA10005A0AB0EE408A9EE09FED580A28EE000ABE
:10CA200010EE101A08460CF0A9F841EC190B544806
:10CA300090ED000B53EC102B51EC190B0BF0A8FFF1
:10CA4000504A03C218EE100A0CF098F841EC190B8A
:10CA50004D4890ED000B53EC102B51EC190B0BF0E3
:10CA600037FD484AC2E902019FED440A28EE000A58
:10CA700010EE101A08460CF081F841EC190B4348EF
:10CA800090ED000B53EC102B51EC190B0BF020FD2B
:10CA90003C4AC2E9040118EE100A0CF06FF841ECB0
:10CAA000190B3B4890ED000B53EC102B51EC190B7C
:10CAB0000BF06EFF334AC2E9060118EE100A0CF0C3
:10CAC0005DF841EC190B334890ED000B53EC102B43
:10CAD00051EC190B0BF05CFF2A4AC2E9080118EE71
:10CAE000100A0CF04BF841EC190B2B4890ED000BA1
:10CAF00053EC102B51EC190B0BF0EAFC214AC2E964
:10CB00000A0118EE100A0CF039F841EC190B234811
:10CB100090ED000B53EC102B51EC190B0BF0D8FCE3
:10CB2000184AC2E90C0118EE100A0CF027F841EC83
:10CB3000190B1B4890ED000B53EC102B51EC190B0B
:10CB40000BF026FF0F4AC2E90E019FED160A38EEE0
:10CB5000000AB0EE408AB0EE040AB4EEC08AF1EEEC
:10CB600010FA7FF659AF9FED100B114880ED000BC6
:10CB7000BDEC048B10BD000000000000CDCC4C3E8D
:10CB800098000020480A0020A0000020A8000020F3
:10CB9000B0000020B8000020C0000020C800002025
:10CBA000D000002082A87B38000000000000E03F99
:10CBB000D800002010B52DED068B9FED770AB0EE62
:10CBC000408ADEE09FED750A28EE000A10EE101A8A
:10CBD00008460BF0D3FF41EC190B9FED710B53ECA2
:10CBE000102B714890ED000B51EC100B0BF0DCFE9C
:10CBF00041EC1A0B53EC192B0BF06AFC6B4A03C285
:10CC000018EE100A0BF0BAFF41EC190B9FED680B00
:10CC100053EC102B684890ED000B51EC100B0BF00F
:10CC200057FC41EC1A0B53EC192B0BF0BDFE5F4A7D
:10CC3000C2E902019FED590A28EE000A10EE101A0F
:10CC400008460BF09BFF41EC190B9FED550B53EC85
:10CC5000102B5A4890ED000B51EC100B0BF038FCE8
:10CC600041EC1A0B53EC192B0BF09EFE4F4AC2E914
:10CC7000040118EE100A0BF081FF41EC190B9FED37
:10CC80004C0B53EC102B4E4890ED000B51EC100B5D
:10CC90000BF08AFE41EC1A0B53EC192B0BF018FC2D
:10CCA000424AC2E9060118EE100A0BF067FF41EC98
:10CCB000190B9FED3F0B53EC102B424890ED000BEE
:10CCC00051EC100B0BF070FE41EC1A0B53EC192BCE
:10CCD0000BF0FEFB354AC2E9080118EE100A0BF012
:10CCE0004DFF41EC190B9FED320B53EC102B3648E6
:10CCF00090ED000B51EC100B0BF0EAFB41EC1A0B22
:10CD000053EC192B0BF050FE284AC2E90A0118EE29
:10CD1000100A0BF033FF41EC190B9FED250B53EC80
:10CD2000102B2A4890ED000B51EC100B0BF0D0FBB0
:10CD300041EC1A0B53EC192B0BF036FE1B4AC2E9DF
:10CD40000C0118EE100A0BF019FF41EC190B9FEDC6
:10CD5000180B53EC102B1E4890ED000B51EC100BF0
:10CD60000BF022FE41EC1A0B53EC192B0BF0B0FB2D
:10CD70000E4AC2E90E019FED170A38EE000AB0EE26
:10CD8000408AB0EE040AB4EEC08AF1EE10FA7FF6E3
:10CD900019AFBDEC068B10BD00000000CDCC4C3EA1
:10CDA000000000000000E03F98000020480A00203A
:10CDB0000000000000000440A0000020A8000020A7
:10CDC000B0000020B8000020C0000020C8000020F3
:10CDD000D000002082A87B3810B52DED0A8BB0EE74
:10CDE000408AB0EE609A9FEDFD0BFE4880ED000B8F
:10CDF0009FEDFA0BFC4880ED000B9FEDF80BFB4814
:10CE000080ED000B9FEDF50BF94880ED000B9FEDD9
:10CE1000F30BF84880ED000B9FEDF00BF64880ED2A
:10CE2000000B9FEDEE0BF54880ED000B9FEDEB0B3B
:10CE3000F34880ED000B9FEDF30AF0EE408AC9E164
:10CE40009FEDF10A28EE800A10EE101A08460BF04A
:10CE500095FE41EC1A0B9FEDED0B53EC102BED48BA
:10CE600090ED000B51EC100B0BF09EFD41EC1B0BF9
:10CE700053EC1A2B0BF02CFBE74AC2E9040118EE25
:10CE8000900A0BF07BFE41EC1A0B9FEDE00B53EC8C
:10CE9000102BE24890ED000B51EC100B0BF018FB3F
:10CEA00041EC1B0B53EC1A2B0BF07EFDDA4AC2E966
:10CEB00006019FEDCA0B53EC102BCA4890ED000BF6
:10CEC00051EC100B0BF0B8FB64D19FEDD00B53EC81
:10CED000102BD34890ED000B51EC100B0BF0F8FA2F
:10CEE00041EC1A0BC14890ED000B53EC102B51ECA8
:10CEF0001A0B0BF0EDFAC84AC2E90C019FEDC30B07
:10CF000053EC102BC74890ED000B51EC100B0BF0BD
:10CF10004BFD41EC1A0BB54890ED000B53EC102B78
:10CF200051EC1A0B0BF0D4FABB4AC2E90E0118EE11
:10CF3000100A0BF023FE41EC1A0BAC4890ED000BED
:10CF400053EC102B51EC1A0B0BF0C2FAA74A03C298
:10CF50009FEDB50B53EC102BA44890ED000B51EC5A
:10CF6000100B0BF0DFFC04D89FEDAF0B9F4880ED5A
:10CF7000000B9FEDAD0B53EC102B9C4890ED000B7C
:10CF800051EC100B0BF0CEFC04D89FEDA90B95488B
:10CF900080ED000B9FEDA60B53EC102B914890ED0C
:10CFA000000B51EC100B0BF047FB7CD19FEDA20B5B
:10CFB00053EC102B8F4890ED000B51EC100B0BF045
:10CFC000B3FB41EC1A0B9FED910B53EC102B9448E3
:10CFD00090ED000B51EC100B0BF07AFA41EC1C0BAE
:10CFE0009FED910B53EC102B0BF072FA41EC1B0BE5
:10CFF00053EC1A2B0BF0D8FC874AC2E90C019FEDC9
:10D00000830B53EC102B874890ED000B51EC100B69
:10D010000BF0CAFC41EC1B0B9FED830B53EC102B68
:10D020000BF056FA41EC1A0B724890ED000B53ECE2
:10D03000102B51EC1A0B0BF04BFA774AC2E90E0198
:10D0400018EE100A0BF09AFD41EC1A0B694890EDAE
:10D05000000B53EC102B51EC1A0B0BF039FA654A0C
:10D0600003C29FED770B53EC102B624890ED000B41
:10D0700051EC100B0BF056FC04D89FED710B5D4882
:10D0800080ED000B9FED6E0B53EC102B594890ED8B
:10D09000000B51EC100B0BF045FC04D89FED6A0B14
:10D0A000504880ED000B9FED680B53EC102B4D4862
:10D0B00090ED000B51EC100B0BF0BEFA7DD19FED03
:10D0C000530B53EC102B564890ED000B51EC100B0A
:10D0D0000BF0FEF941EC1C0B484890ED000B53ECB3
:10D0E000102B51EC1C0B0BF05FFC41EC1B0B9FED6C
:10D0F0004E0B53EC102B0BF0EBF941EC1A0B9FEDA0
:10D10000540B53EC102B0BF04FFC434AC2E90C01BB
:10D110009FED3E0B53EC102B424890ED000B51EC71
:10D12000100B0BF041FC41EC1C0B344890ED000B54
:10D1300053EC102B51EC1C0B0BF036FC41EC1B0B91
:10D140009FED390B53EC102B0BF0C2F941EC1A0B8D
:10D150009FED3B0B53EC102B0BF0BAF92E4AC2E9B2
:10D160000E0118EE100A0BF009FD41EC1A0B2348D2
:10D1700090ED000B53EC102B51EC1A0B0BF0A8F9AF
:10D180001E4A03C29FED280B53EC102B1B4890ED59
:10D19000000B51EC100B0BF0C5FB04D89FED220BDC
:10D1A000164880ED000B9FED200B53EC102B13481D
:10D1B00090ED000B51EC100B00E007E00BF0B2FB20
:10D1C00004D89FED250B074880ED000B38EEC90A07
:10D1D000F0EE408AF5EEC08A42E000000000000058
:10D1E00000000000E0000020E8000020F000002027
:10D1F000F80000200001002008010020100100209C
:10D20000180100209A9919409A99193F000000408E
:10D210003333F33FA8000020480A0020B00000206C
:10D22000C8000020D00000200000004033330B4035
:10D23000000000000000F03F000000403333E33FF7
:10D2400000000040333303400000000000000040B5
:10D25000000000803D0AF73F000000000000104081
:10D26000F1EE10FA3FF7ECAD1FED1A0AF0EE408A2E
:10D27000C9E11FED1B0A28EE800A10EE101A0846BD
:10D280000BF07CFC41EC1A0B1FED200B53EC102B28
:10D29000E14890ED000B51EC100B0BF019F941EC4B
:10D2A0001B0B53EC1A2B0BF07FFBDC4AC2E90C0181
:10D2B00018EE900A0BF062FC41EC1A0B1FED2D0BDF
:10D2C00053EC102BD64890ED000B51EC100B0BF0EB
:10D2D0006BFB41EC1B0B53EC1A2B0BF0F9F8CF4A0C
:10D2E000C2E90E011FED430B53EC102BCD4890ED1E
:10D2F000000B51EC100B0BF09FF964D11FED3D0BAF
:10D3000053EC102BC84890ED000B51EC100B0BF0B8
:10D310004BFB41EC1A0BC54890ED000B53EC102B66
:10D3200051EC1A0B0BF040FBBC4AC2E904011FEDA3
:10D33000490B53EC102BBE4890ED000B51EC100B39
:10D340000BF0C6F841EC1A0BB84890ED000B53EC0B
:10D35000102B51EC1A0B0BF027FBB04AC2E9060167
:10D3600018EE100A0BF00AFC41EC1A0BAF4890EDD6
:10D37000000B53EC102B51EC1A0B0BF0A9F8AB4A35
:10D3800003C21FED570B53EC102BA84890ED000B78
:10D3900051EC100B0BF0C6FA04D81FED5D0BA3483F
:10D3A00080ED000B1FED600B53EC102B9F4890EDB0
:10D3B000000B51EC100B0BF0B5FA04D81FED640B09
:10D3C000984880ED000B1FED660B53EC102B954831
:10D3D00090ED000B51EC100B0BF02EF97CD11FEDF2
:10D3E0006A0B53EC102B934890ED000B51EC100B93
:10D3F0000BF09AF941EC1A0B1FED7C0B53EC102B40
:10D40000894890ED000B51EC100B0BF0CDFA41EC7C
:10D410001C0B1FED7B0B53EC102B0BF0C5FA41ECF2
:10D420001B0B53EC1A2B0BF053F87C4AC2E9040196
:10D430001FED8A0B53EC102B7D4890ED000B51EC47
:10D44000100B0BF045F841EC1B0B1FED890B53EC57
:10D45000102B0BF0A9FA41EC1A0B764890ED000B5B
:10D4600053EC102B51EC1A0B0BF09EFA6B4AC2E9ED
:10D47000060118EE100A0BF081FB41EC1A0B6D4807
:10D4800090ED000B53EC102B51EC1A0B0BF020F825
:10D49000684A03C21FED960B53EC102B654890EDC4
:10D4A000000B51EC100B0BF03DFA04D81FED9C0B58
:10D4B000604880ED000B1FED9E0B53EC102B5D4878
:10D4C00090ED000B51EC100B0BF02CFA04D81FED73
:10D4D000A20B544880ED000B1FEDA50B53EC102B55
:10D4E000504890ED000B51EC100B0BF0A5F87DD1DE
:10D4F0001FEDBA0B53EC102B4B4890ED000B51EC89
:10D50000100B0BF051FA41EC1C0B4B4890ED000B4B
:10D5100053EC102B51EC1C0B0AF0DAFF41EC1B0B07
:10D520001FEDBF0B53EC102B0BF03EFA41EC1A0B26
:10D530001FEDB90B53EC102B0AF0CAFF374AC2E9B2
:10D5400004011FEDCE0B53EC102B394890ED000B6E
:10D5500051EC100B0AF0BCFF41EC1C0B364890ED6F
:10D56000000B53EC102B51EC1C0B0AF0B1FF41ECFB
:10D570001B0B1FEDD30B53EC102B0BF015FA41ECEA
:10D580001A0B1FEDD10B53EC102B0BF00DFA234AA5
:10D59000C2E9060118EE100A0BF0F0FA41EC1A0B82
:10D5A000254890ED000B53EC102B51EC1A0B0AF0B0
:10D5B0008FFF214A03C21FEDE40B53EC102B1E48D2
:10D5C00090ED000B51EC100B0BF0ACF904D81FEDF3
:10D5D000EA0B194880ED000B1FEDED0B53EC102BFF
:10D5E000154890ED000B51EC100B00E007E00BF03C
:10D5F00099F904D81FEDE80B0A4880ED000B38EECE
:10D60000C90AF0EE408AF5EEC08AF1EE10FA3FF753
:10D6100030AEBDEC0A8B10BDC8000020480A0020C7
:10D62000D0000020E8000020A8000020F800002022
:10D63000B0000020080100201801002010B52DEDD9
:10D64000048B9FED330AB0EE408A52E09FED310A21
:10D6500028EE000A10EE101A08460BF08FFA41EC83
:10D66000190B2D4890ED000B53EC102B51EC190BBE
:10D670000AF02EFF294AC2E9040118EE100A0BF045
:10D680007DFA41EC190B264890ED000B53EC102B62
:10D6900051EC190B0BF07CF9204AC2E9060118EE97
:10D6A000100A0BF06BFA41EC190B1E4890ED000BC1
:10D6B00053EC102B51EC190B0AF00AFF174AC2E980
:10D6C0000C0118EE100A0BF059FA41EC190B164830
:10D6D00090ED000B53EC102B51EC190B0BF058F99B
:10D6E0000E4AC2E90E019FED110A38EE000AB0EEB3
:10D6F000408A9FED0F0AB4EEC08AF1EE10FAA5D968
:10D700009FED0C0B0D4880ED000BBDEC048B10BDA4
:10D7100000000000CDCC4C3EA8000020480A0020AC
:10D72000B0000020C8000020D000002017B75138FA
:10D730009A99993F000000000000E03FD8000020C7
:10D7400010B52DED068B9FED410AB0EE408A72E0D8
:10D750009FED3F0A28EE000A10EE101A08460BF063
:10D760000DFA41EC190B9FED3B0B53EC102B3B4892
:10D7700090ED000B51EC100B0AF0AAFE41EC1A0BD5
:10D7800053EC192B0BF010F9354AC2E9040118EEDD
:10D79000100A0BF0F3F941EC190B9FED320B53EC2F
:10D7A000102B324890ED000B51EC100B0BF0FCF8F5
:10D7B00041EC1A0B53EC192B0AF08AFE284AC2E9F5
:10D7C000060118EE100A0BF0D9F941EC190B9FED88
:10D7D000250B53EC102B264890ED000B51EC100B51
:10D7E0000AF076FE41EC1A0B53EC192B0BF0DCF827
:10D7F0001B4AC2E90C0118EE100A0BF0BFF941EC0C
:10D80000190B9FED180B53EC102B1A4890ED000BE1
:10D8100051EC100B0BF0C8F841EC1A0B53EC192B20
:10D820000AF056FE0E4AC2E90E019FED130A38EEC9
:10D83000000AB0EE408A9FED110AB4EEC08AF1EE04
:10D8400010FA85D9BDEC068B10BD00000000000069
:10D85000CDCC4C3E0000000052B8CE3FA8000020C6
:10D86000480A0020000000403333F33FB00000209E
:10D87000C8000020D000002017B751389A99993F6E
:10D8800010B52DED068B9FEDFD0BFE4880ED000BD6
:10D890009FEDFD0AB0EE408A94E018EE100A0BF0FE
:10D8A0006DF941EC190BF94890ED000B53EC102B7E
:10D8B00051EC190B0AF00CFEF54A03C218EE100ADF
:10D8C0000BF05CF941EC190BF24890ED000B53ECB6
:10D8D000102B51EC190B0AF0FBFDED4AC2E90201D5
:10D8E00018EE100A0BF04AF941EC190BEA4890EDDA
:10D8F000000B53EC102B51EC190B0BF049F8E44AD8
:10D90000C2E9040118EE100A0BF038F941EC190BCA
:10D91000E24890ED000B53EC102B51EC190B0BF07F
:10D9200037F8DB4AC2E9060118EE100A0BF026F9B7
:10D9300041EC190BDA4890ED000B53EC102B51EC35
:10D94000190B0BF025F8D24AC2E9080118EE100AAB
:10D950000BF014F941EC190BD24890ED000B53EC8D
:10D96000102B51EC190B0BF013F8C94AC2E90A014C
:10D9700018EE100A0BF002F941EC190BCA4890EDB1
:10D98000000B53EC102B51EC190B0AF0A1FDC04A0F
:10D99000C2E90C0118EE100A0BF0F0F841EC190B7B
:10D9A000C24890ED000B53EC102B51EC190B0AF010
:10D9B0008FFDB74AC2E90E019FEDBD0A38EE000A9D
:10D9C000B0EE408A9FEDBB0AB4EEC08AF1EE10FAC9
:10D9D0007FF663AF9FEDAC0AB0EE408AE8E018EE48
:10D9E000100A0BF0CBF841EC190B9FEDB30B53EC85
:10D9F000102BA64890ED000B51EC100B0AF068FDBF
:10DA000041EC1A0B53EC192B0AF062FDA04A03C239
:10DA100018EE100A0BF0B2F841EC190B9FEDA60BB3
:10DA200053EC102B9B4890ED000B51EC100B0AF0BF
:10DA30004FFD41EC1A0B53EC192B0AF0B5FF944A39
:10DA4000C2E902019FED9E0A28EE000A10EE101AAC
:10DA500008460BF093F841EC190B9FED970B53EC34
:10DA6000102B8D4890ED000B51EC100B0AF09CFF31
:10DA700041EC1A0B53EC192B0AF096FF844AC2E9C9
:10DA800004019FED8F0A28EE000A10EE101A0846D6
:10DA90000BF074F841EC190B9FED870B53EC102B36
:10DAA0007E4890ED000B51EC100B0AF07DFF41EC2D
:10DAB0001A0B53EC192B0AF00BFD754AC2E906014B
:10DAC00018EE100A0BF05AF841EC190B9FED7A0B87
:10DAD00053EC102B724890ED000B51EC100B0AF038
:10DAE00063FF41EC1A0B53EC192B0AF05DFF684AF7
:10DAF000C2E9080118EE100A0BF040F841EC190BCE
:10DB00009FED6D0B53EC102B664890ED000B51EC24
:10DB1000100B0AF049FF41EC1A0B53EC192B0AF0D9
:10DB2000D7FC5B4AC2E90A019FED650A28EE000AAC
:10DB300010EE101A08460BF021F841EC190B9FED7E
:10DB40005E0B53EC102B584890ED000B51EC100B72
:10DB50000AF0BEFC41EC1A0B53EC192B0AF0B8FC8E
:10DB60004B4AC2E90C019FED560A28EE000A10EE5E
:10DB7000101A08460BF002F841EC190B9FED4E0B02
:10DB800053EC102B494890ED000B51EC100B0AF0B0
:10DB90009FFC41EC1A0B53EC192B0AF005FF3C4A91
:10DBA000C2E90E019FED470A38EE000AB0EE408A46
:10DBB0009FED450AB4EEC08AF1EE10FA7FF60FAF82
:10DBC0004FF4C870F6F740F99FED400B2D4880EDFB
:10DBD000000B1420F6F738F99FED3E0B53EC102B99
:10DBE0002A4890ED000B51EC100B0AF071FC41EC4F
:10DBF000190B9FED3A0B53EC102B0AF069FC41EC2A
:10DC0000180B9FED380B53EC102B0AF0CDFE204A79
:10DC100003C29FED300B53EC102B1E4890ED000B10
:10DC200051EC100B0AF054FC41EC190B9FED2B0B3F
:10DC300053EC102B0AF0B8FE41EC180B9FED290BAA
:10DC400053EC102B0AF0B0FE114AC2E902019FED1D
:10DC5000210B53EC102B104890ED000B51EC100BE6
:10DC60000AF0A2FE41EC190B9FED200B53EC102B98
:10DC70000AF09AFE41EC180B3CE00000000000A006
:10DC80009999D93FD800002000000000980000209A
:10DC9000480A0020A0000020A8000020B0000020BA
:10DCA000B8000020C0000020C8000020D0000020E4
:10DCB00082A8FB38CDCC6C40000000A099990D40A3
:10DCC000CFF7333F17B7D138CDCC2C40CDCCCCCC0F
:10DCD000CCCCEC3F9A99999999990D40000000A0FD
:10DCE00099990540000000A099992D40000000205E
:10DCF0009E5EFE3F1FED050B53EC102B0AF0E8FB78
:10DD0000694AC2E904011FED0D0B53EC102B674863
:10DD100090ED000B51EC100B0AF046FE41EC190B94
:10DD20001FED0E0B53EC102B0AF0D2FB41EC180B3D
:10DD30001FED140B53EC102B0AF0CAFB5A4AC2E930
:10DD400006011FED1C0B53EC102B594890ED000BF6
:10DD500051EC100B0AF028FE41EC190B1FED210BC2
:10DD600053EC102B0AF020FE41EC180B1FED230B97
:10DD700053EC102B0AF0ACFB4B4AC2E908011FED33
:10DD80002B0B53EC102B4B4890ED000B51EC100B70
:10DD90000AF00AFE41EC190B1FED300B53EC102B6F
:10DDA0000AF096FB41EC180B9FED430B53EC102B44
:10DDB0000AF08EFB3C4AC2E90A011FED3A0B53EC14
:10DDC000102B3F4890ED000B51EC100B0AF080FB3C
:10DDD00041EC190B1FED3B0B53EC102B0AF078FBB9
:10DDE00041EC180B1FED410B53EC102B0AF0DCFD3E
:10DDF0002D4AC2E90C011FED490B53EC102B3148A1
:10DE000090ED000B51EC100B0AF062FB41EC190B8A
:10DE10001FED4A0B53EC102B0AF0C6FD41EC180B1A
:10DE20001FED500B53EC102B0AF0BEFD1E4AC2E949
:10DE30000E01C820F6F708F89FED230B244880ED6B
:10DE4000000B244890ED000B174880ED000B224892
:10DE500090ED000B144880ED020B204890ED000B74
:10DE6000114880ED040B114890ED000B0E4880ED39
:10DE7000060B0F4890ED000B0B4880ED080B0D488A
:10DE800090ED000B084880ED0A0B0D4890ED000B5B
:10DE9000054880ED0C0B0B4890ED000B024880ED1F
:10DEA0000E0BBDEC068B10BD480A0020B000002010
:10DEB000B8000020C0000020000000A0999929406F
:10DEC000C8000020D0000020000000A09999E93F80
:10DED000D800002098000020A0000020A80000200A
:10DEE00070B52DED0E8BB0EE408A05469FEDFD0B13
:10DEF000FE4880ED000B9FEDFE0AB0EE40CAA8E0A0
:10DF00001CEE100A0AF03AFE41EC1B0BF94890EDAA
:10DF1000000B53EC102B51EC1B0B0AF0D9FAF64A0C
:10DF200003C21CEE100A0AF029FE41EC1B0BF34859
:10DF300090ED000B53EC102B51EC1B0B0AF0C8FAC0
:10DF4000ED4AC2E902019FEDEE0A2CEE000A10EE46
:10DF5000101A08460AF012FE41EC1B0BE94890ED3E
:10DF6000000B53EC102B51EC1B0B0AF011FDE24A95
:10DF7000C2E904019FEDE20A2CEE000A10EE101A2D
:10DF800008460AF0FBFD41EC1B0BDF4890ED000B4F
:10DF900053EC102B51EC1B0B0AF0FAFCD64AC2E9E9
:10DFA00006019FEDD70A2CEE000A10EE101A084663
:10DFB0000AF0E4FD41EC1B0BD44890ED000B53EC50
:10DFC000102B51EC1B0B0AF0E3FCCB4AC2E9080111
:10DFD0009FEDCB0A2CEE000A10EE101A08460AF04C
:10DFE000CDFD41EC1B0BCA4890ED000B53EC102B00
:10DFF00051EC1B0B0AF0CCFCBF4AC2E90A011CEE33
:10E00000100A0AF0BBFD41EC1B0BC24890ED000B5F
:10E0100053EC102B51EC1B0B0AF05AFAB64AC2E92A
:10E020000C011CEE100A0AF0A9FD41EC1B0BBA48CA
:10E0300090ED000B53EC102B51EC1B0B0AF048FA3F
:10E04000AD4AC2E90E019FEDB50A3CEE000AB0EE02
:10E0500040CA9FEDB30AB4EEC0CAF1EE10FA7FF6E3
:10E060004FAF6420F5F7F0FE9FEDA10AF0EE40EA15
:10E07000D4E01EEE900A0AF081FD41EC1B0B9FEDEF
:10E08000A90B53EC102B9B4890ED000B51EC100B9F
:10E090000AF01EFA41EC1C0B53EC1B2B0AF084FC1B
:10E0A000954A03C21EEE900A0AF068FD41EC1B0B74
:10E0B0009FED9C0B53EC102B904890ED000B51EC16
:10E0C000100B0AF005FA41EC1C0B53EC1B2B0AF069
:10E0D000FFF9894AC2E902011EEE900A0AF04EFDDC
:10E0E00041EC1B0B9FED910B53EC102B854890EDF1
:10E0F000000B51EC100B0AF057FC41EC1C0B53ECDD
:10E100001B2B0AF0E5F97C4AC2E904011EEE900AD5
:10E110000AF034FD41EC1B0B9FED840B53EC102BEC
:10E12000794890ED000B51EC100B0AF03DFC41ECEE
:10E130001C0B53EC1B2B0AF037FC6F4AC2E906019B
:10E140001EEE900A0AF01AFD41EC1B0B9FED770BB7
:10E1500053EC102B6D4890ED000B51EC100B0AF0B6
:10E1600023FC41EC1C0B53EC1B2B0AF0B1F9624A67
:10E17000C2E908011EEE900A0AF000FD41EC1B0BFB
:10E180009FED6A0B53EC102B614890ED000B51ECA6
:10E19000100B0AF009FC41EC1C0B53EC1B2B0AF092
:10E1A00003FC554AC2E90A011EEE900A0AF0E6FC99
:10E1B00041EC1B0B9FED5B0B53EC102B554890ED86
:10E1C000000B51EC100B0AF083F941EC1C0B53ECE3
:10E1D0001B2B0AF0E9FB484AC2E90C011EEE900A2B
:10E1E0000AF0CCFC41EC1B0B9FED4E0B53EC102BBB
:10E1F000494890ED000B51EC100B0AF069F941EC25
:10E200001C0B53EC1B2B0AF063F93B4AC2E90E01CD
:10E210009FED480A3EEE800AF0EE40EA9FED460A86
:10E22000F4EEC0EAF1EE10FA7FF623AF9FED430B58
:10E230002E4880ED000B4FF4C870F5F705FE4148FD
:10E24000D0ED088A90ED129AD0ED1C9A90ED26AA96
:10E25000D0ED30AA90ED3ADAD0ED44DA90ED4EEA06
:10E260009FED390B214880ED000BB1EE480A38488C
:10E2700080ED000AB1EE480A80ED010A80ED028AC5
:10E2800080ED038A80ED048A80ED058AB1EE480AAC
:10E2900080ED060AB1EE480A80ED070A0024F5F782
:10E2A000E7FE0646ECE004F0010090B9254890ED49
:10E2B000080A38EEC00AD5ED000AB4EEE00AF1EE25
:10E2C00010FA06DD9FED0A0A214880ED000A44F0AD
:10E2D000010404F00200E8BB1A4890ED120A39EE7E
:10E2E000400A38E0000000A09999D93FD8000020EA
:10E2F0000000000098000020480A0020A000002034
:10E3000088635D3FA8000020B0000020B800002016
:10E31000C0000020C8000020D0000020ACC5273974
:10E32000CDCC6C40000000A099990D40000000A0E9
:10E330009999094082A8FB38CDCC2C400000000000
:10E3400000000840A00200200000000000000000C3
:10E35000880A00200DE0D5ED010AB4EEE00AF1EEE6
:10E3600010FA06DD1FED1E0AFE4880ED010A44F09A
:10E37000020404F0040090B9FB4890ED1C0A30EE52
:10E38000690AD5ED020AB4EEE00AF1EE10FA06DDF4
:10E390001FED290AF34880ED020A44F0040404F05A
:10E3A000080090B9F04890ED260A30EE4A0AD5ED03
:10E3B000030AB4EEE00AF1EE10FA06DD1FED340AAE
:10E3C000E84880ED030A44F0080404F0100090B916
:10E3D000E54890ED300A30EE6A0AD5ED040AB4EE55
:10E3E000E00AF1EE10FA06DD1FED3F0ADD4880ED90
:10E3F000040A44F0100404F0200090B9DA4890EDCB
:10E400003A0A30EE4D0AD5ED050AB4EEE00AF1EE17
:10E4100010FA06DD1FED4A0AD24880ED050A44F0E5
:10E42000200404F0400090B9CF4890ED440A3DEE3E
:10E43000C00AD5ED060AB4EEE00AF1EE10FA06DDE8
:10E440001FED550AC74880ED060A44F0400404F069
:10E45000800090B9C44890ED4E0A3EEE400AD5EDDA
:10E46000070AB4EEE00AF1EE10FA06DD1FED600ACD
:10E47000BC4880ED070A44F08004FF2C00D105E081
:10E48000F5F7F6FD801BC828FFF40DAF00BF1FEDA8
:10E49000680AB44880ED030A80ED020A80ED010AA3
:10E4A00080ED000A1FED6E0A80ED070A80ED060A76
:10E4B00080ED050A80ED040A5020F5F7C5FC9FEDBC
:10E4C000AB0BAC4880ED000B9FEDAB0B53EC102B6E
:10E4D000AB4890ED000B51EC100B09F0F9FFA94A85
:10E4E00003C29FEDA50B53EC102BA74890ED000B3A
:10E4F00051EC100B0AF058FAA24AC2E902019FED52
:10E500009E0B53EC102BA14890ED000B51EC100B1F
:10E510000AF04AFA9B4AC2E904019FED970B53ECBB
:10E52000102B9B4890ED000B51EC100B09F0D0FF25
:10E53000944AC2E906019FED900B53EC102B9548CD
:10E5400090ED000B51EC100B0AF02EFA8D4AC2E947
:10E5500008019FED890B53EC102B8F4890ED000BB9
:10E5600051EC100B09F0B4FF864AC2E90A019FED95
:10E57000820B53EC102B894890ED000B51EC100BE3
:10E5800009F0A6FF7F4AC2E90C019FED7B0B53EC1B
:10E59000102B834890ED000B51EC100B0AF004FA9D
:10E5A000784AC2E90E014FF41670F5F74DFC1FEDE5
:10E5B000B00AF0EE40EAD4E01EEE900A0AF0DEFA6D
:10E5C00041EC1B0B9FED6C0B53EC102B6C4890ED4A
:10E5D000000B51EC100B09F07BFF41EC1C0B53ECD2
:10E5E0001B2B0AF0E1F9674A03C21EEE900A0AF0FB
:10E5F000C5FA41EC1B0B9FED600B53EC102B6248EE
:10E6000090ED000B51EC100B0AF0CEF941EC1C0B15
:10E6100053EC1B2B09F05CFF5A4AC2E902011EEEC3
:10E62000900A0AF0ABFA41EC1B0B9FED530B53EC35
:10E63000102B564890ED000B51EC100B0AF0B4F97A
:10E6400041EC1C0B53EC1B2B09F042FF4D4AC2E975
:10E6500004011EEE900A0AF091FA41EC1B0B9FEDAB
:10E66000460B53EC102B4A4890ED000B51EC100B6D
:10E6700009F02EFF41EC1C0B53EC1B2B0AF094F914
:10E68000404AC2E906011EEE900A0AF077FA41EC10
:10E690001B0B9FED390B53EC102B3E4890ED000BFC
:10E6A00051EC100B0AF080F941EC1C0B53EC1B2BC6
:10E6B00009F00EFF334AC2E908011EEE900A0AF083
:10E6C0005DFA41EC1B0B9FED2C0B53EC102B3248E9
:10E6D00090ED000B51EC100B09F0FAFE41EC1C0B15
:10E6E00053EC1B2B0AF060F9264AC2E90A011EEE20
:10E6F000900A0AF043FA41EC1B0B9FED1F0B53EC01
:10E70000102B264890ED000B51EC100B09F0E0FEA9
:10E7100041EC1C0B53EC1B2B0AF046F9194AC2E9D9
:10E720000C011EEE900A0AF029FA41EC1B0B9FED3A
:10E73000120B53EC102B1A4890ED000B51EC100B00
:10E740000AF032F941EC1C0B53EC1B2B09F0C0FE14
:10E750000C4AC2E90E019FED130A3EEE800AF0EE6C
:10E7600040EA21E0880A0020A0020020000000A06A
:10E770009999E93FD8000020000000A09999014034
:10E7800098000020480A0020A0000020A8000020D7
:10E79000B0000020B8000020C0000020C800002009
:10E7A000D000002082A8FB389FED050AF4EEC0EAF5
:10E7B000F1EE10FA7FF600AFBDEC0E8B70BD0000DD
:10E7C000CDCC0C4010B52DED068B9FEDFD0BFE481A
:10E7D00080ED000B9FEDFD0AB0EE408A94E018EE4C
:10E7E000100A0AF0CBF941EC190BF94890ED000B37
:10E7F00053EC102B51EC190B09F06AFEF54A03C2D9
:10E8000018EE100A0AF0BAF941EC190BF24890ED33
:10E81000000B53EC102B51EC190B09F059FEED4A8B
:10E82000C2E9020118EE100A0AF0A8F941EC190B2E
:10E83000EA4890ED000B53EC102B51EC190B0AF049
:10E84000A7F8E44AC2E9040118EE100A0AF096F9A2
:10E8500041EC190BE24890ED000B53EC102B51ECFE
:10E86000190B0AF095F8DB4AC2E9060118EE100A06
:10E870000AF084F941EC190BDA4890ED000B53ECE7
:10E88000102B51EC190B0AF083F8D24AC2E90801A7
:10E8900018EE100A0AF072F941EC190BD24890ED0B
:10E8A000000B53EC102B51EC190B0AF071F8C94A0C
:10E8B000C2E90A0118EE100A0AF060F941EC190BDE
:10E8C000CA4890ED000B53EC102B51EC190B09F0DA
:10E8D000FFFDC04AC2E90C0118EE100A0AF04EF919
:10E8E00041EC190BC24890ED000B53EC102B51EC8E
:10E8F000190B09F0EDFDB74AC2E90E019FEDBD0A03
:10E9000038EE000AB0EE408A9FEDBB0AB4EEC08A32
:10E91000F1EE10FA7FF663AFC820F5F795FA9FED98
:10E92000AB0AB0EE408AD4E018EE100A0AF026F9DD
:10E9300041EC190B9FEDB10B53EC102BA44890ED5B
:10E94000000B51EC100B09F0C3FD41EC1A0B53EC1A
:10E95000192B09F0BDFD9F4A03C218EE100A0AF0F8
:10E960000DF941EC190B9FEDA50B53EC102B9A48B8
:10E9700090ED000B51EC100B09F0AAFD41EC1A0BC5
:10E9800053EC192B0AF010F8924AC2E9020118EE72
:10E99000100A0AF0F3F841EC190B9FED980B53ECB9
:10E9A000102B8E4890ED000B51EC100B09F0FCFF82
:10E9B00041EC1A0B53EC192B09F0F6FF854AC2E91A
:10E9C000040118EE100A0AF0D9F841EC190B9FED7A
:10E9D0008B0B53EC102B824890ED000B51EC100B7D
:10E9E00009F0E2FF41EC1A0B53EC192B09F070FD12
:10E9F000784AC2E9060118EE100A0AF0BFF841ECA5
:10EA0000190B9FED7E0B53EC102B764890ED000B0D
:10EA100051EC100B09F0C8FF41EC1A0B53EC192B09
:10EA200009F0C2FF6B4AC2E9080118EE100A0AF0A9
:10EA3000A5F841EC190B9FED710B53EC102B6A48B4
:10EA400090ED000B51EC100B09F0AEFF41EC1A0BEE
:10EA500053EC192B09F03CFD5E4AC2E90A0118EE9D
:10EA6000100A0AF08BF841EC190B9FED640B53EC84
:10EA7000102B5E4890ED000B51EC100B09F028FDB7
:10EA800041EC1A0B53EC192B09F022FD514AC2E953
:10EA90000C0118EE100A0AF071F841EC190B9FED09
:10EAA000570B53EC102B524890ED000B51EC100B10
:10EAB00009F00EFD41EC1A0B53EC192B09F074FF11
:10EAC000444AC2E90E019FED4F0A38EE000AB0EE4B
:10EAD000408A9FED4D0AB4EEC08AF1EE10FA7FF63F
:10EAE00023AF4FF4C870F5F7AFF99FED480B3648E8
:10EAF00080ED000B1420F5F7A7F99FED400B53ECC8
:10EB0000102B334890ED000B51EC100B09F0E0FC9A
:10EB100041EC190B9FED3F0B53EC102B09F0D8FC87
:10EB200041EC180B9FED3D0B53EC102B09F03CFF13
:10EB3000284A03C29FED310B53EC102B264890ED71
:10EB4000000B51EC100B09F0C3FC41EC190B9FEDCD
:10EB5000310B53EC102B09F027FF41EC180B9FED04
:10EB60002F0B53EC102B09F01FFF1A4AC2E90201C8
:10EB70009FED220B53EC102B184890ED000B51EC3D
:10EB8000100B09F011FF41EC190B9FED220B53EC18
:10EB9000102B09F009FF41EC180B9FED200B53ECF3
:10EBA000102B09F095FC0B4AC2E904019FED130BF1
:10EBB00053EC102B0A4890ED000B51EC100B31E098
:10EBC0009A9999999999D93FD8000020000000009E
:10EBD00098000020480A0020A0000020A800002083
:10EBE000B0000020B8000020C0000020C8000020B5
:10EBF000D000002082A8FB38CDCC6C409A9999991E
:10EC000099990D4017B7D138CDCC4C40CDCCCCCC58
:10EC1000CCCCEC3F000000A099990940000000A076
:10EC20009999234009F0C0FE41EC190B1FED070B29
:10EC300053EC102B09F04CFC41EC180B1FED090BA9
:10EC400053EC102B09F044FC5A4AC2E906011FEDAF
:10EC5000150B53EC102B584890ED000B51EC100B9A
:10EC600009F0A2FE41EC190B1FED160B53EC102B13
:10EC700009F09AFE41EC180B1FED180B53EC102B0A
:10EC800009F026FC4B4AC2E908011FED240B53ECA6
:10EC9000102B4A4890ED000B51EC100B09F084FE4C
:10ECA00041EC190B1FED250B53EC102B09F010FC58
:10ECB00041EC180B1FED270B53EC102B09F008FC4F
:10ECC0003C4AC2E90A011FED330B53EC102B3C48C0
:10ECD00090ED000B51EC100B09F0FAFB41EC190B15
:10ECE0001FED340B53EC102B09F0F2FB41EC180B29
:10ECF0001FED360B53EC102B09F056FE2D4AC2E9DE
:10ED00000C011FED420B53EC102B2E4890ED000B25
:10ED100051EC100B09F0DCFB41EC190B1FED430B20
:10ED200053EC102B09F040FE41EC180B1FED450B86
:10ED300053EC102B09F038FE1E4AC2E90E01C82020
:10ED4000F5F782F89FED200B214880ED000B21485C
:10ED500090ED000B174880ED000B1F4890ED000B65
:10ED6000144880ED020B1D4890ED000B114880ED1A
:10ED7000040B1B4890ED000B0E4880ED060B0E486F
:10ED800090ED000B0B4880ED080B0C4890ED000B4C
:10ED9000084880ED0A0B0A4890ED000B054880ED0D
:10EDA0000C0B084890ED000B024880ED0E0BBDECFB
:10EDB000068B10BD480A0020B8000020C0000020CB
:10EDC000C8000020D0000020000000A09999E93F71
:10EDD000D800002098000020A0000020A8000020FB
:10EDE000B000002010B52DED068B9FEDFD0BFE4809
:10EDF00080ED000B9FEDFD0AB0EE408A94E018EE26
:10EE0000100A09F0BBFE41EC190BF94890ED000B1C
:10EE100053EC102B51EC190B09F05AFBF54A03C2C5
:10EE200018EE100A09F0AAFE41EC190BF24890ED19
:10EE3000000B53EC102B51EC190B09F049FBED4A78
:10EE4000C2E9020118EE100A09F098FE41EC190B14
:10EE5000EA4890ED000B53EC102B51EC190B09F024
:10EE600097FDE44AC2E9040118EE100A09F086FE93
:10EE700041EC190BE24890ED000B53EC102B51ECD8
:10EE8000190B09F085FDDB4AC2E9060118EE100AEC
:10EE900009F074FE41EC190BDA4890ED000B53ECCD
:10EEA000102B51EC190B09F073FDD24AC2E908018D
:10EEB00018EE100A09F062FE41EC190BD24890EDF1
:10EEC000000B53EC102B51EC190B09F061FDC94AF2
:10EED000C2E90A0118EE100A09F050FE41EC190BC4
:10EEE000CA4890ED000B53EC102B51EC190B09F0B4
:10EEF000EFFAC04AC2E90C0118EE100A09F03EFE12
:10EF000041EC190BC24890ED000B53EC102B51EC67
:10EF1000190B09F0DDFAB74AC2E90E019FEDBD0AEF
:10EF200038EE000AB0EE408A9FEDBB0AB4EEC08A0C
:10EF3000F1EE10FA7FF663AFC820F4F785FF9FED7E
:10EF4000AB0AB0EE408AD4E018EE100A09F016FEC3
:10EF500041EC190B9FEDB10B53EC102BA44890ED35
:10EF6000000B51EC100B09F0B3FA41EC1A0B53EC07
:10EF7000192B09F0ADFA9F4A03C218EE100A09F0E6
:10EF8000FDFD41EC190B9FEDA50B53EC102B9A489E
:10EF900090ED000B51EC100B09F09AFA41EC1A0BB2
:10EFA00053EC192B09F000FD924AC2E9020118EE58
:10EFB000100A09F0E3FD41EC190B9FED980B53EC9F
:10EFC000102B8E4890ED000B51EC100B09F0ECFC6F
:10EFD00041EC1A0B53EC192B09F0E6FC854AC2E907
:10EFE000040118EE100A09F0C9FD41EC190B9FED60
:10EFF0008B0B53EC102B824890ED000B51EC100B57
:10F0000009F0D2FC41EC1A0B53EC192B09F060FA11
:10F01000784AC2E9060118EE100A09F0AFFD41EC8A
:10F02000190B9FED7E0B53EC102B764890ED000BE7
:10F0300051EC100B09F0B8FC41EC1A0B53EC192BF6
:10F0400009F0B2FC6B4AC2E9080118EE100A09F097
:10F0500095FD41EC190B9FED710B53EC102B6A4899
:10F0600090ED000B51EC100B09F09EFC41EC1A0BDB
:10F0700053EC192B09F02CFA5E4AC2E90A0118EE8A
:10F08000100A09F07BFD41EC190B9FED640B53EC6A
:10F09000102B5E4890ED000B51EC100B09F018FAA4
:10F0A00041EC1A0B53EC192B09F012FA514AC2E940
:10F0B0000C0118EE100A09F061FD41EC190B9FEDEF
:10F0C000570B53EC102B524890ED000B51EC100BEA
:10F0D00009F0FEF941EC1A0B53EC192B09F064FC12
:10F0E000444AC2E90E019FED4F0A38EE000AB0EE25
:10F0F000408A9FED4D0AB4EEC08AF1EE10FA7FF619
:10F1000023AF4FF4C870F4F79FFE9FED480B3648CD
:10F1100080ED000B1420F4F797FE9FED400B53ECAD
:10F12000102B334890ED000B51EC100B09F0D0F987
:10F1300041EC190B9FED3F0B53EC102B09F0C8F974
:10F1400041EC180B9FED3D0B53EC102B09F02CFC00
:10F15000284A03C29FED310B53EC102B264890ED4B
:10F16000000B51EC100B09F0B3F941EC190B9FEDBA
:10F17000310B53EC102B09F017FC41EC180B9FEDF1
:10F180002F0B53EC102B09F00FFC1A4AC2E90201B5
:10F190009FED220B53EC102B184890ED000B51EC17
:10F1A000100B09F001FC41EC190B9FED220B53EC05
:10F1B000102B09F0F9FB41EC180B9FED200B53ECE1
:10F1C000102B09F085F90B4AC2E904019FED130BDE
:10F1D00053EC102B0A4890ED000B51EC100B31E072
:10F1E0009A9999999999D93FD80000200000000078
:10F1F00098000020480A0020A0000020A80000205D
:10F20000B0000020B8000020C0000020C80000208E
:10F21000D000002082A8FB38CDCC6C409A999999F7
:10F2200099990D4017B7D138CDCC4C40CDCCCCCC32
:10F23000CCCCEC3F000000A099990940000000C030
:10F24000CCCC304009F0B0FB41EC190B1FED070BA3
:10F2500053EC102B09F03CF941EC180B1FED090B96
:10F2600053EC102B09F034F95A4AC2E906011FED9C
:10F27000150B53EC102B584890ED000B51EC100B74
:10F2800009F092FB41EC190B1FED160B53EC102B00
:10F2900009F08AFB41EC180B1FED180B53EC102BF7
:10F2A00009F016F94B4AC2E908011FED240B53EC93
:10F2B000102B4A4890ED000B51EC100B09F074FB39
:10F2C00041EC190B1FED250B53EC102B09F000F945
:10F2D00041EC180B1FED270B53EC102B09F0F8F83D
:10F2E0003C4AC2E90A011FED330B53EC102B3C489A
:10F2F00090ED000B51EC100B09F0EAF841EC190B02
:10F300001FED340B53EC102B09F0E2F841EC180B15
:10F310001FED360B53EC102B09F046FB2D4AC2E9CA
:10F320000C011FED420B53EC102B2E4890ED000BFF
:10F3300051EC100B09F0CCF841EC190B1FED430B0D
:10F3400053EC102B09F030FB41EC180B1FED450B73
:10F3500053EC102B09F028FB1E4AC2E90E01C8200D
:10F36000F4F772FD9FED200B214880ED000B214842
:10F3700090ED000B174880ED000B1F4890ED000B3F
:10F38000144880ED020B1D4890ED000B114880EDF4
:10F39000040B1B4890ED000B0E4880ED060B0E4849
:10F3A00090ED000B0B4880ED080B0C4890ED000B26
:10F3B000084880ED0A0B0A4890ED000B054880EDE7
:10F3C0000C0B084890ED000B024880ED0E0BBDECD5
:10F3D000068B10BD480A0020B8000020C0000020A5
:10F3E000C8000020D0000020000000A09999E93F4B
:10F3F000D800002098000020A0000020A8000020D5
:10F40000B000002010B5FFF7EDFCC820F4F71CFD9C
:10F41000FFF7D8F910BD000010B52DED0A8BB0EE46
:10F42000408AB0EE609A9FEDFD0BFE4880ED000B28
:10F430009FEDFA0BFC4880ED000B9FEDF80BFB48AD
:10F4400080ED000B9FEDF50BF94880ED000B9FED73
:10F45000F30BF84880ED000B9FEDF00BF64880EDC4
:10F46000000B9FEDEE0BF54880ED000B9FEDEB0BD5
:10F47000F34880ED000B9FEDF30AF0EE408A0EE3B7
:10F480009FEDF10A28EE800A10EE101A084609F0E6
:10F4900075FB41EC1A0B9FEDED0B53EC102BED4877
:10F4A00090ED000B51EC100B09F012F841EC1B0B26
:10F4B00053EC1A2B09F078FAE74A03C218EE900AC7
:10F4C00009F05CFB41EC1A0B9FEDE00B53EC102BA9
:10F4D000E24890ED000B51EC100B09F065FA41EC9D
:10F4E0001B0B53EC1A2B08F0F3FFDB4AC2E90201B5
:10F4F00018EE900A09F042FB41EC1A0B9FEDD30B7A
:10F5000053EC102BD64890ED000B51EC100B08F08B
:10F51000DFFF41EC1B0B53EC1A2B09F045FACE4AE6
:10F52000C2E904019FEDC80A28EE800A10EE101A05
:10F53000084609F023FB41EC1A0B9FEDC40B53EC7A
:10F54000102BC84890ED000B51EC100B09F02CFA71
:10F5500041EC1B0B53EC1A2B08F0BAFFBE4AC2E970
:10F5600006019FEDAE0B53EC102BAE4890ED000B57
:10F5700051EC100B09F060F87ED19FEDB40B53EC09
:10F58000102BB94890ED000B51EC100B08F0A0FFC8
:10F5900041EC1A0BA54890ED000B53EC102B51ECED
:10F5A0001A0B09F001FAAC4AC2E908019FEDA70B5A
:10F5B00053EC102BAD4890ED000B51EC100B09F003
:10F5C000F3F941EC1A0B994890ED000B53EC102B1A
:10F5D00051EC1A0B09F0E8F99F4AC2E90A019FEDC4
:10F5E0009B0B53EC102BA24890ED000B51EC100B31
:10F5F00008F06EFF41EC1A0B8C4890ED000B53ECB9
:10F60000102B51EC1A0B08F063FF934AC2E90C016E
:10F610009FED8E0B53EC102B964890ED000B51ECA8
:10F62000100B09F0C1F941EC1A0B804890ED000B6A
:10F6300053EC102B51EC1A0B08F04AFF864AC2E932
:10F640000E0118EE100A09F099FA41EC1A0B7748EE
:10F6500090ED000B53EC102B51EC1A0B08F038FF17
:10F66000724A03C29FED840B53EC102B6F4890ED50
:10F67000000B51EC100B00E018E009F053F904D82E
:10F680009FED7D0B694880ED000B9FED7B0B53ECEC
:10F69000102B664890ED000B51EC100B09F042F96D
:10F6A00004D89FED770B5F4880ED000B9FED740B46
:10F6B00053EC102B5B4890ED000B51EC100B08F055
:10F6C000BBFF7CD19FED610B53EC102B664890ED96
:10F6D000000B51EC100B08F0FBFE41EC1B0B9FEDF7
:10F6E000660B53EC102B09F05FF941EC1A0B5148F3
:10F6F00090ED000B53EC102B51EC1A0B09F054F960
:10F70000554AC2E908019FED510B53EC102B4948B3
:10F7100090ED000B51EC100B09F006F841EC1A0BC0
:10F720009FED4A0B53EC102B504890ED000B51EC21
:10F73000100B09F039F941EC1C0B9FED4F0B53EC0A
:10F74000102B09F031F941EC1B0B53EC1A2B08F08C
:10F75000BFFE414AC2E90A019FED3C0B53EC102B5E
:10F76000344890ED000B51EC100B08F0DDFF41EC3C
:10F770001A0B9FED360B53EC102B3D4890ED000B10
:10F7800051EC100B08F0A4FE41EC1C0B9FED3A0B62
:10F7900053EC102B08F09CFE41EC1B0B53EC1A2B86
:10F7A00009F002F92C4AC2E90C019FED280B53EC39
:10F7B000102B304890ED000B51EC100B00E085E071
:10F7C00009F0F2F841EC1B0B9FED2B0B53EC102BC7
:10F7D00008F07EFE41EC1A0B164890ED000B53EC3E
:10F7E000102B51EC1A0B08F073FE1B4AC2E90E01F4
:10F7F00018EE100A09F0C2F941EC1A0B0D4890ED11
:10F80000000B53EC102B51EC1A0B08F061FE094A67
:10F8100003C29FED1D0B53EC102B39E000000000DC
:10F8200000000000E0000020E8000020F0000020C0
:10F83000F800002000010020080100201001002035
:10F84000180100209A99993F9A99193F00000040A9
:10F850003333E33F98000020480A0020A000002036
:10F86000A8000020B0000020B8000020C000002048
:10F87000C8000020D00000200000004033330B40BF
:10F88000000000000000F03F000000403333F33F71
:10F89000FD4890ED000B51EC100B09F043F804D833
:10F8A0001FED070BF84880ED000B1FED090B53EC23
:10F8B000102BF54890ED000B51EC100B09F032F8CD
:10F8C00004D89FEDF20BF34880ED000B9FEDEF0B9A
:10F8D00053EC102BEF4890ED000B51EC100B08F09F
:10F8E000ABFE7DD11FED270B53EC102BEA4890EDBA
:10F8F000000B51EC100B08F0EBFD41EC1C0B1FED65
:10F90000220B53EC102B09F04FF841EC1B0BE34892
:10F9100090ED000B53EC102B51EC1B0B08F0D8FDB5
:10F9200041EC1A0B1FED280B53EC102B09F03CF89F
:10F93000DB4AC2E908011FED3B0B53EC102BD94801
:10F9400090ED000B51EC100B09F02EF841EC1C0B64
:10F950001FED370B53EC102B09F026F841EC1B0B75
:10F96000CE4890ED000B53EC102B51EC1B0B08F024
:10F97000AFFD41EC1A0B9FEDCC0B53EC102B08F0B4
:10F98000A7FDC74AC2E90A011FED500B53EC102B2B
:10F99000C74890ED000B51EC100B08F099FD41ECBD
:10F9A0001C0B1FED4B0B53EC102B08F091FD41ECA1
:10F9B0001B0BBA4890ED000B53EC102B51EC1B0BBA
:10F9C00008F0F2FF41EC1A0B9FEDB70B53EC102B34
:10F9D00008F0EAFFB24AC2E90C011FED640B00E037
:10F9E00059E053EC102BB34890ED000B51EC100B89
:10F9F00008F0DAFF41EC1C0B1FED610B53EC102BF0
:10FA000008F066FD41EC1B0BA44890ED000B53EC95
:10FA1000102B51EC1B0B08F0C7FF41EC1A0B1FED2C
:10FA2000660B53EC102B08F053FD9D4AC2E90E0102
:10FA300018EE100A09F0A2F841EC1A0B974890ED65
:10FA4000000B53EC102B51EC1A0B08F041FD934ABC
:10FA500003C21FED770B53EC102B904890ED000B79
:10FA600051EC100B08F05EFF04D81FED7D0B8B48A6
:10FA700080ED000B1FED800B53EC102B874890EDB1
:10FA8000000B51EC100B08F04DFF04D89FED8A0BD2
:10FA9000804880ED000B38EEC90AF0EE408AF5EEA2
:10FAA000C08AF1EE10FA3FF7EBAC1FED9A0AF0EEC8
:10FAB000408AFDE218EE900A09F060F841EC1A0B5A
:10FAC0001FED9E0B53EC102B734890ED000B51EC87
:10FAD000100B08F0FDFC41EC1B0B53EC1A2B08F04B
:10FAE00063FF6F4AC2E908011FEDA90A28EE800AE8
:10FAF00010EE101A084609F041F841EC1A0B1FED00
:10FB0000AD0B53EC102B674890ED000B51EC100B34
:10FB100008F04AFF41EC1B0B53EC1A2B08F0D8FC01
:10FB20005F4AC2E90A011FEDB80A28EE800A10EE0A
:10FB3000101A084609F022F841EC1A0B1FEDBD0B14
:10FB400053EC102B5A4890ED000B51EC100B08F0C1
:10FB5000BFFC41EC1B0B53EC1A2B08F025FF504A5D
:10FB6000C2E90C0118EE900A09F008F841EC1A0BF2
:10FB70001FEDCA0B53EC102B4E4890ED000B51ECCF
:10FB8000100B08F011FF41EC1B0B53EC1A2B08F083
:10FB90009FFC434AC2E90E011FEDE00B53EC102B12
:10FBA000474890ED000B51EC100B08F045FD6AD171
:10FBB0001FEDDA0B53EC102B424890ED000B51EC8B
:10FBC000100B08F085FC41EC1A0B3F4890ED000B40
:10FBD00053EC102B51EC1A0B08F07AFC304A03C29C
:10FBE0001FEDE60B53EC102B384890ED000B51EC59
:10FBF000100B08F0D9FE41EC1A0B334890ED000BC6
:10FC000053EC102B51EC1A0B08F062FC244AC2E9A9
:10FC100002011FEDF20B53EC102B2D4890ED000B61
:10FC200051EC100B08F054FC41EC1A0B264890EDF7
:10FC3000000B53EC102B51EC1A0B08F0B5FE184AD0
:10FC4000C2E904019FED230B53EC102B234890EDE8
:10FC5000000B51EC100B08F0A7FE41EC1A0B1A48F0
:10FC600090ED000B53EC102B51EC1A0B08F09CFE9E
:10FC70000B4AC2E9060118EE100A08F07FFF41ECBA
:10FC80001A0B11482CE057E0000100200000000092
:10FC900000000040E0000020B8000020100100201B
:10FCA000480A0020C0000020000000803D0AE73F15
:10FCB000C8000020D000002000000000000010401C
:10FCC000E800002098000020F8000020A00000209C
:10FCD000A8000020000000403333E33FB0000020C4
:10FCE00090ED000B53EC102B51EC1A0B08F0F0FBCD
:10FCF000F44A03C29FEDF40B53EC102BF14890ED46
:10FD0000000B51EC100B08F00DFE04D89FEDEE0B2C
:10FD1000EC4880ED000B9FEDEC0B53EC102BE94809
:10FD200090ED000B51EC100B08F0FCFD04D89FED9A
:10FD3000E80BE94880ED000B9FEDE50B53EC102B31
:10FD4000E54890ED000B51EC100B08F075FC7CD1F0
:10FD50001FED200B53EC102BE04890ED000B51EC05
:10FD6000100B08F0E1FC41EC1A0B1FED260B53ECD5
:10FD7000102BDB4890ED000B51EC100B08F0A8FBAA
:10FD800041EC1C0B9FEDD00B53EC102B08F0A0FBAB
:10FD900041EC1B0B53EC1A2B08F006FED14A03C2B0
:10FDA0001FED340B53EC102BCF4890ED000B51ECB2
:10FDB000100B08F0F9FD41EC1B0B9FEDC30B53EC4E
:10FDC000102B08F085FB41EC1A0BC44890ED000B9A
:10FDD00053EC102B51EC1A0B08F07AFBC14AC2E924
:10FDE00002011FED440B53EC102BC04890ED000BAB
:10FDF00051EC100B08F06CFB41EC1B0B9FEDB20BB0
:10FE000053EC102B08F0D0FD41EC1A0BB34890EDE9
:10FE1000000B53EC102B51EC1A0B08F0C5FDB14A46
:10FE2000C2E904011FED550B53EC102BAB4890EDCC
:10FE3000000B51EC100B08F077FC41EC1A0B1FED96
:10FE40005B0B53EC102BAA4800E049E090ED000B4F
:10FE500051EC100B08F0A8FD41EC1C0B9FED9A0B28
:10FE600053EC102B08F0A0FD41EC1B0B53EC1A2BAC
:10FE700008F02EFB9B4AC2E9060118EE100A08F0B2
:10FE80007DFE41EC1A0B954890ED000B53EC102BC6
:10FE900051EC1A0B08F01CFB904A03C29FED950B26
:10FEA00053EC102B8D4890ED000B51EC100B08F02B
:10FEB00039FD04D29FED8F0B884880ED000B9FED3C
:10FEC0008D0B53EC102B854890ED000B51EC100B73
:10FED00008F028FD04D81FED930B7F4880ED000B40
:10FEE0001FED960B53EC102B7B4890ED000B51EC63
:10FEF000100B08F0A1FB7AD11FED8A0B53EC102BED
:10FF0000774890ED000B51EC100B08F0E1FA41EC52
:10FF10001C0B9FED6D0B53EC102B08F0D9FA41EC44
:10FF20001B0B764890ED000B53EC102B51EC1B0B88
:10FF300008F03AFD41EC1A0B1FEDA50B53EC102B0A
:10FF400008F032FD674A03C21FED9E0B53EC102BE5
:10FF5000654890ED000B51EC100B08F025FD41ECCD
:10FF60001C0B9FED590B53EC102B08F0B1FA41EC30
:10FF70001B0B624890ED000B53EC102B51EC1B0B4C
:10FF800008F012FD41EC1A0B9FED5A0B53EC102BAD
:10FF900008F09EFA534AC2E902011FEDB20B53EC7E
:10FFA000102B524890ED000B51EC100B08F090FA1A
:10FFB00041EC1C0B9FED440B53EC102B08F0F4FCB0
:10FFC00041EC1B0B4D4890ED000B53EC102B51EC0A
:10FFD0001B0B08F07DFA41EC1A0B9FED460B53EC1E
:10FFE000102B08F0E1FC3F4AC2E9040100E05BE0AD
:10FFF0001FEDC80B53EC102B3D4890ED000B51EC5E
:020000040801F1
:10000000100B08F0D1FC41EC1C0B9FED2F0B53ECB7
:10001000102B08F0C9FC41EC1B0B384890ED000B8D
:1000200053EC102B51EC1B0B08F052FA41EC1A0B5D
:100030001FEDE30B53EC102B08F04AFA294AC2E9F2
:10004000060118EE100A08F099FD41EC1A0B2B4836
:1000500090ED000B53EC102B51EC1A0B08F038FA12
:10006000264A03C29FED180B53EC102B234890ED4A
:10007000000B51EC100B08F055FC04D89FED120B4F
:100080001E4880ED000B9FED100B53EC102B1B480E
:1000900090ED000B51EC100B08F044FC04D81FED60
:1000A000FA0B0D4880ED000B38EEC90AF0EE408ADD
:1000B000F5EEC08AF1EE10FA3FF7FCACBDEC0A8B0E
:1000C00010BD0000F80000200000004033330B405A
:1000D000000000000000F03FE800002008010020C0
:1000E00098000020480A0020A0000020A80000205E
:1000F000B0000020000000403333F33F180100201F
:1001000010B52DED048B9FED5A0AB0EE408A9EE0AB
:100110009FED580A28EE000A10EE101A084608F063
:100120002DFD41EC190B544890ED000B53EC102BB6
:1001300051EC190B08F02CFC504A03C218EE100ABF
:1001400008F01CFD41EC190B4D4890ED000B53ECF1
:10015000102B51EC190B08F0BBF9484AC2E9020117
:1001600018EE100A08F00AFD41EC190B454890ED15
:10017000000B53EC102B51EC190B08F009FC3F4A13
:10018000C2E904019FED3B0A28EE000A10EE101AA6
:10019000084608F0F3FC41EC190B3B4890ED000BCE
:1001A00053EC102B51EC190B08F092F9334AC2E9C9
:1001B000060118EE100A08F0E1FC41EC190B334877
:1001C00090ED000B53EC102B51EC190B08F080F95B
:1001D0002A4AC2E9080118EE100A08F0CFFC41ECE7
:1001E000190B2B4890ED000B53EC102B51EC190B15
:1001F00008F0CEFB214AC2E90A0118EE100A08F005
:10020000BDFC41EC190B234890ED000B53EC102B77
:1002100051EC190B08F05CF9184AC2E90C0118EE10
:10022000100A08F0ABFC41EC190B1B4890ED000BD9
:1002300053EC102B51EC190B08F0AAFB0F4AC2E942
:100240000E019FED160A38EE000AB0EE408A9FEDCF
:10025000140AB4EEC08AF1EE10FA7FF659AF9FEDA2
:10026000110B124880ED000BBDEC048B10BD00009B
:1002700000000000CDCC4C3E98000020480A002031
:10028000A0000020A8000020B0000020B80000203E
:10029000C0000020C8000020D000002017B751384F
:1002A0009A99193F000000000000E03FD8000020AC
:1002B00010B52DED068B9FED770AB0EE408ADEE09B
:1002C0009FED750A28EE000A10EE101A084608F095
:1002D00055FC41EC190B9FED710B53EC102B714841
:1002E00090ED000B51EC100B08F05EFB41EC1A0B8B
:1002F00053EC192B08F0ECF86B4A03C218EE100A05
:1003000008F03CFC41EC190B9FED680B53EC102BF3
:10031000684890ED000B51EC100B08F0D9F841EC57
:100320001A0B53EC192B08F03FFB5F4AC2E902019C
:1003300018EE100A08F022FC41EC190B9FED5B0B44
:1003400053EC102B5C4890ED000B51EC100B08F0B7
:100350002BFB41EC1A0B53EC192B08F0B9F8524A5D
:10036000C2E904019FED4C0A28EE000A10EE101AB3
:10037000084608F003FC41EC190B9FED480B53ECC9
:10038000102B4E4890ED000B51EC100B08F0A0F82C
:1003900041EC1A0B53EC192B08F006FB424AC2E958
:1003A000060118EE100A08F0E9FB41EC190B9FED6D
:1003B0003F0B53EC102B424890ED000B51EC100B0F
:1003C00008F086F841EC1A0B53EC192B08F0ECFA04
:1003D000354AC2E9080118EE100A08F0CFFB41ECDB
:1003E000190B9FED320B53EC102B364890ED000BA0
:1003F00051EC100B08F0D8FA41EC1A0B53EC192B06
:1004000008F066F8284AC2E90A0118EE100A08F056
:10041000B5FB41EC190B9FED250B53EC102B2A4833
:1004200090ED000B51EC100B08F052F841EC1A0B58
:1004300053EC192B08F0B8FA1B4AC2E90C0118EE6C
:10044000100A08F09BFB41EC190B9FED180B53ECC5
:10045000102B1E4890ED000B51EC100B08F0A4FA85
:1004600041EC1A0B53EC192B08F032F80E4AC2E992
:100470000E019FED170A38EE000AB0EE408A9FED9C
:10048000150AB4EEC08AF1EE10FA7FF619AFBDEC92
:10049000068B10BD00000000CDCC4C3E00000000DB
:1004A00052B8CE3F98000020480A002000000040CB
:1004B0003333F33FA0000020A8000020B00000204C
:1004C000B8000020C0000020C8000020D00000209C
:1004D00017B751389A99993F10B52DED0A8BB0EEA8
:1004E000408AB0EE609A9FEDFD0BFE4880ED000B58
:1004F0009FEDFA0BFC4880ED000B9FEDF80BFB48DD
:1005000080ED000B9FEDF50BF94880ED000B9FEDA2
:10051000F30BF84880ED000B9FEDF00BF64880EDF3
:10052000000B9FEDEE0BF54880ED000B9FEDEB0B04
:10053000F34880ED000B9FEDF30AF0EE408A12E3E2
:100540009FEDF10A28EE800A10EE101A084608F016
:1005500015FB41EC1A0B9FEDED0B53EC102BED4806
:1005600090ED000B51EC100B07F0B2FF41EC1B0BB0
:1005700053EC1A2B08F018FAE74A03C218EE900A57
:1005800008F0FCFA41EC1A0B9FEDE00B53EC102B3A
:10059000E24890ED000B51EC100B08F005FA41EC2D
:1005A0001B0B53EC1A2B07F093FFDB4AC2E9020145
:1005B00018EE900A08F0E2FA41EC1A0B9FEDD30B0B
:1005C00053EC102BD64890ED000B51EC100B07F0BC
:1005D0007FFF41EC1B0B53EC1A2B08F0E5F9CE4AD8
:1005E000C2E904019FEDC80A28EE800A10EE101A35
:1005F000084608F0C3FA41EC1A0B9FEDC40B53EC0C
:10060000102BC84890ED000B51EC100B08F0CCF902
:1006100041EC1B0B53EC1A2B07F05AFFBE4AC2E900
:1006200006019FEDAE0B53EC102BAE4890ED000B86
:1006300051EC100B08F000F87ED19FEDB40B53EC99
:10064000102BB94890ED000B51EC100B07F040FF58
:1006500041EC1A0BA54890ED000B53EC102B51EC1C
:100660001A0B08F0A1F9AC4AC2E908019FEDA70BEB
:1006700053EC102BAD4890ED000B51EC100B08F033
:1006800093F941EC1A0B994890ED000B53EC102BA9
:1006900051EC1A0B08F088F99F4AC2E90A019FED54
:1006A0009B0B53EC102BA24890ED000B51EC100B60
:1006B00007F00EFF41EC1A0B8C4890ED000B53EC49
:1006C000102B51EC1A0B07F003FF934AC2E90C01FF
:1006D0009FED8E0B53EC102B964890ED000B51ECD8
:1006E000100B08F061F941EC1A0B804890ED000BFB
:1006F00053EC102B51EC1A0B07F0EAFE864AC2E9C4
:100700000E0118EE100A08F039FA41EC1A0B77487E
:1007100090ED000B53EC102B51EC1A0B07F0D8FEA8
:10072000724A03C29FED840B53EC102B6F4890ED7F
:10073000000B51EC100B00E018E008F0F3F804D8BF
:100740009FED7D0B694880ED000B9FED7B0B53EC1B
:10075000102B664890ED000B51EC100B08F0E2F8FE
:1007600004D89FED770B5F4880ED000B9FED740B75
:1007700053EC102B5B4890ED000B51EC100B07F085
:100780005BFF7CD19FED610B53EC102B664890ED25
:10079000000B51EC100B07F09BFE41EC1B0B9FED87
:1007A000660B53EC102B08F0FFF841EC1A0B514884
:1007B00090ED000B53EC102B51EC1A0B08F0F4F8F1
:1007C000554AC2E908019FED600B53EC102B4948D4
:1007D00090ED000B51EC100B07F0A6FF41EC1A0B4B
:1007E0009FED4A0B53EC102B504890ED000B51EC51
:1007F000100B08F0D9F841EC1C0B9FED4F0B53EC9C
:10080000102B08F0D1F841EC1B0B53EC1A2B07F01E
:100810005FFE414AC2E90A019FED4B0B53EC102BDE
:10082000344890ED000B51EC100B07F07DFF41ECCC
:100830001A0B9FED360B53EC102B3D4890ED000B3F
:1008400051EC100B07F044FE41EC1C0B9FED3A0BF2
:1008500053EC102B07F03CFE41EC1B0B53EC1A2B16
:1008600008F0A2F82C4AC2E90C019FED280B53ECCA
:10087000102B304890ED000B51EC100B00E089E09C
:1008800008F092F841EC1B0B9FED2B0B53EC102B57
:1008900007F01EFE41EC1A0B164890ED000B53ECCE
:1008A000102B51EC1A0B07F013FE1B4AC2E90E0184
:1008B00018EE100A08F062F941EC1A0B0D4890EDA1
:1008C000000B53EC102B51EC1A0B07F001FE094AF8
:1008D00003C29FED1F0B53EC102B3DE00000000006
:1008E00000000000E0000020E8000020F0000020F0
:1008F000F800002000010020080100201001002065
:1009000018010020CDCC8C409A99193F000000A01E
:100910009999014098000020480A0020A00000207A
:10092000A8000020B0000020B8000020C000002077
:10093000C8000020D000002000000060666606406D
:10094000000000000000F03F000000403333E33FB0
:10095000000000A099991140FD4890ED000B51EC6A
:10096000100B07F0DFFF04D81FED070BF84880EDF0
:10097000000B1FED090B53EC102BF54890ED000B0D
:1009800051EC100B07F0CEFF04D89FEDF20BF348AB
:1009900080ED000B9FEDEF0B53EC102BEF4890ED2B
:1009A000000B51EC100B07F047FE7DD11FED290B1A
:1009B00053EC102BEA4890ED000B51EC100B07F0B4
:1009C00087FD41EC1C0B1FED240B53EC102B07F0A3
:1009D000EBFF41EC1B0BE34890ED000B53EC102BAD
:1009E00051EC1B0B07F074FD41EC1A0B1FED280BAB
:1009F00053EC102B07F0D8FFDB4AC2E908011FEDCA
:100A00003D0B53EC102BD94890ED000B51EC100B23
:100A100007F0CAFF41EC1C0B1FED390B53EC102BF8
:100A200007F0C2FF41EC1B0BCE4890ED000B53ECDE
:100A3000102B51EC1B0B07F04BFD41EC1A0B9FEDFB
:100A4000CC0B53EC102B07F043FDC74AC2E90A0157
:100A50001FED520B53EC102BC74890ED000B51ECDF
:100A6000100B07F035FD41EC1C0B1FED4D0B53EC4B
:100A7000102B07F02DFD41EC1B0BBA4890ED000B3D
:100A800053EC102B51EC1B0B07F08EFF41EC1A0BB3
:100A90009FEDB70B53EC102B07F086FFB24AC2E96B
:100AA0000C011FED660B00E059E053EC102BB3482E
:100AB00090ED000B51EC100B07F076FF41EC1C0B96
:100AC0001FED630B53EC102B07F002FD41EC1B0BE9
:100AD000A44890ED000B53EC102B51EC1B0B07F0CE
:100AE00063FF41EC1A0B1FED660B53EC102B07F064
:100AF000EFFC9D4AC2E90E0118EE100A08F03EF81C
:100B000041EC1A0B974890ED000B53EC102B51EC75
:100B10001A0B07F0DDFC934A03C21FED790B53EC6F
:100B2000102B904890ED000B51EC100B07F0FAFEE3
:100B300004D81FED7F0B8B4880ED000B1FED820B5F
:100B400053EC102B874890ED000B51EC100B07F085
:100B5000E9FE04D89FED8A0B804880ED000B38EE4B
:100B6000C90AF0EE408AF5EEC08AF1EE10FA3FF7BE
:100B7000E7AC1FED9C0AF0EE408AFDE218EE900A09
:100B800007F0FCFF41EC1A0B1FEDA00B53EC102BF0
:100B9000734890ED000B51EC100B07F099FC41EC01
:100BA0001B0B53EC1A2B07F0FFFE6F4AC2E908013A
:100BB0001FEDAB0A28EE800A10EE101A084607F067
:100BC000DDFF41EC1A0B1FEDAF0B53EC102B674808
:100BD00090ED000B51EC100B07F0E6FE41EC1B0B07
:100BE00053EC1A2B07F074FC5F4AC2E90A011FEDAF
:100BF000BA0A28EE800A10EE101A084607F0BEFF67
:100C000041EC1A0B1FEDBF0B53EC102B5A4890ED23
:100C1000000B51EC100B07F05BFC41EC1B0B53EC91
:100C20001A2B07F0C1FE504AC2E90C0118EE900AD7
:100C300007F0A4FF41EC1A0B1FEDCC0B53EC102B6B
:100C40004E4890ED000B51EC100B07F0ADFE41EC5F
:100C50001B0B53EC1A2B07F03BFC434AC2E90E0175
:100C60001FEDE20B53EC102B474890ED000B51ECBD
:100C7000100B07F0E1FC6AD11FEDDC0B53EC102BDD
:100C8000424890ED000B51EC100B07F021FC41ECB9
:100C90001A0B3F4890ED000B53EC102B51EC1A0B44
:100CA00007F016FC304A03C21FEDE80B53EC102B83
:100CB000384890ED000B51EC100B07F075FE41EC3D
:100CC0001A0B334890ED000B53EC102B51EC1A0B20
:100CD00007F0FEFB244AC2E902011FEDF40B53ECBE
:100CE000102B2D4890ED000B51EC100B07F0F0FB92
:100CF00041EC1A0B264890ED000B53EC102B51ECF5
:100D00001A0B07F051FE184AC2E904019FED230BAC
:100D100053EC102B234890ED000B51EC100B07F017
:100D200043FE41EC1A0B1A4890ED000B53EC102BCC
:100D300051EC1A0B07F038FE0B4AC2E9060118EE17
:100D4000100A07F01BFF41EC1A0B11482CE057E08A
:100D5000000100200000000000000040E000002032
:100D6000B800002010010020480A0020C000002028
:100D700000000060B81E0540C8000020D000002020
:100D80000000000000001040E80000209800002053
:100D9000F8000020A0000020A8000020000000A013
:100DA00099990140B000002090ED000B53EC102BFE
:100DB00051EC1A0B07F08CFBF44A03C29FEDF40BC5
:100DC00053EC102BF14890ED000B51EC100B07F099
:100DD000A9FD04D89FEDEE0BEC4880ED000B9FEDD4
:100DE000EC0B53EC102BE94890ED000B51EC100B81
:100DF00007F098FD04D89FEDE80BE94880ED000B63
:100E00009FEDE50B53EC102BE54890ED000B51ECFA
:100E1000100B07F011FC7CD19FEDE20B53EC102B73
:100E2000E24890ED000B51EC100B07F07DFC41EC1B
:100E30001A0B1FED260B53EC102BDD4890ED000B29
:100E400051EC100B07F044FB41EC1C0B9FEDD00B59
:100E500053EC102B07F03CFB41EC1B0B53EC1A2B13
:100E600007F0A2FDD34A03C21FED340B53EC102B45
:100E7000D14890ED000B51EC100B07F095FD41ECC3
:100E80001B0B9FEDC30B53EC102B07F021FB41EC28
:100E90001A0BC64890ED000B53EC102B51EC1A0BBB
:100EA00007F016FBC34AC2E902011FED440B53ECE5
:100EB000102BC24890ED000B51EC100B07F008FB13
:100EC00041EC1B0B9FEDB20B53EC102B07F06CFDAC
:100ED00041EC1A0BB54890ED000B53EC102B51EC84
:100EE0001A0B07F061FDB34AC2E904019FEDAD0B97
:100EF00053EC102BAD4890ED000B51EC100B07F0AC
:100F000013FC41EC1A0B1FED5B0B53EC102BAC48A0
:100F100000E049E090ED000B51EC100B07F044FDB0
:100F200041EC1C0B9FED9A0B53EC102B07F03CFD92
:100F300041EC1B0B53EC1A2B07F0CAFA9D4AC2E98D
:100F4000060118EE100A07F019FE41EC1A0B97483B
:100F500090ED000B53EC102B51EC1A0B07F0B8FA84
:100F6000924A03C29FED970B53EC102B8F4890EDE4
:100F7000000B51EC100B07F0D5FC04D29FED910B48
:100F80008A4880ED000B9FED8F0B53EC102B8748A8
:100F900090ED000B51EC100B07F0C4FC04D81FEDD2
:100FA000930B7F4880ED000B1FED960B53EC102B3D
:100FB0007B4890ED000B51EC100B07F03DFB7AD114
:100FC0001FED8A0B53EC102B794890ED000B51EC80
:100FD000100B07F07DFA41EC1C0B9FED6D0B53ECF1
:100FE000102B07F075FA41EC1B0B784890ED000BC5
:100FF00053EC102B51EC1B0B07F0D6FC41EC1A0BF9
:101000001FEDA50B53EC102B07F0CEFC694A03C271
:101010001FED9E0B53EC102B674890ED000B51EC2D
:10102000100B07F0C1FC41EC1C0B9FED590B53EC6E
:10103000102B07F04DFA41EC1B0B644890ED000BB0
:1010400053EC102B51EC1B0B07F0AEFC41EC1A0BD0
:101050009FED5C0B53EC102B07F03AFA554AC2E9AE
:1010600002011FEDB20B53EC102B544890ED000B16
:1010700051EC100B07F02CFA41EC1C0B9FED440BCC
:1010800053EC102B07F090FC41EC1B0B4F4890EDFC
:10109000000B53EC102B51EC1B0B07F019FA41EC31
:1010A0001A0B9FED480B53EC102B07F07DFC414AC7
:1010B000C2E9040100E05BE01FEDC80B53EC102B0C
:1010C0003F4890ED000B51EC100B07F06DFC41EC2C
:1010D0001C0B9FED2F0B53EC102B07F065FC41EC24
:1010E0001B0B3A4890ED000B53EC102B51EC1B0BF3
:1010F00007F0EEF941EC1A0B1FEDE30B53EC102B4C
:1011000007F0E6F92B4AC2E9060118EE100A07F0CB
:1011100035FD41EC1A0B2D4890ED000B53EC102BD4
:1011200051EC1A0B07F0D4F9284A03C29FED180BB3
:1011300053EC102B254890ED000B51EC100B07F0F1
:10114000F1FB04D89FED120B204880ED000B9FEDC2
:10115000100B53EC102B1D4890ED000B51EC100BB5
:1011600007F0E0FB04D81FEDFA0B0D4880ED000BF3
:1011700038EEC90AF0EE408AF5EEC08AF1EE10FAB8
:101180003FF7FCACBDEC0A8B10BD0000F80000205E
:101190000000006066660640000000000000F03FAE
:1011A000E8000020000000403333E33F0801002046
:1011B00098000020480A0020A0000020A80000207D
:1011C000B0000020000000A09999114018010020F3
:1011D00010B52DED048B9FED5A0AB0EE408A9EE0CB
:1011E0009FED580A28EE000A10EE101A084607F084
:1011F000C5FC41EC190B544890ED000B53EC102B3F
:1012000051EC190B07F0C4FB504A03C218EE100A48
:1012100007F0B4FC41EC190B4D4890ED000B53EC7A
:10122000102B51EC190B07F053F9484AC2E902019F
:1012300018EE100A07F0A2FC41EC190B454890ED9E
:10124000000B53EC102B51EC190B07F0A1FB3F4A9C
:10125000C2E904019FED3B0A28EE000A10EE101AC5
:10126000084607F08BFC41EC190B3B4890ED000B56
:1012700053EC102B51EC190B07F02AF9334AC2E951
:10128000060118EE100A07F079FC41EC190B3348FF
:1012900090ED000B53EC102B51EC190B07F018F9E3
:1012A0002A4AC2E9080118EE100A07F067FC41EC6F
:1012B000190B2B4890ED000B53EC102B51EC190B34
:1012C00007F066FB214AC2E90A0118EE100A07F08E
:1012D00055FC41EC190B234890ED000B53EC102BFF
:1012E00051EC190B07F0F4F8184AC2E90C0118EE9A
:1012F000100A07F043FC41EC190B1B4890ED000B62
:1013000053EC102B51EC190B07F042FB0F4AC2E9CA
:101310000E019FED160A38EE000AB0EE408A9FEDEE
:10132000140AB4EEC08AF1EE10FA7FF659AF9FEDC1
:10133000110B124880ED000BBDEC048B10BD0000BA
:1013400000000000CDCC4C3E98000020480A002050
:10135000A0000020A8000020B0000020B80000205D
:10136000C0000020C8000020D000002082A87B38E8
:10137000CDCC0C40000000000000E03FD800002071
:1013800010B52DED068B9FED770AB0EE408ADEE0BA
:101390009FED750A28EE000A10EE101A084607F0B5
:1013A000EDFB41EC190B9FED710B53EC102B7148C9
:1013B00090ED000B51EC100B07F0F6FA41EC1A0B14
:1013C00053EC192B07F084F86B4A03C218EE100A8D
:1013D00007F0D4FB41EC190B9FED680B53EC102B7D
:1013E000684890ED000B51EC100B07F071F841ECE0
:1013F0001A0B53EC192B07F0D7FA5F4AC2E9020126
:1014000018EE100A07F0BAFB41EC190B9FED5B0BCD
:1014100053EC102B5C4890ED000B51EC100B07F0D7
:10142000C3FA41EC1A0B53EC192B07F051F8524A4E
:10143000C2E904019FED4C0A28EE000A10EE101AD2
:10144000084607F09BFB41EC190B9FED480B53EC52
:10145000102B4E4890ED000B51EC100B07F038F8B4
:1014600041EC1A0B53EC192B07F09EFA424AC2E9E1
:10147000060118EE100A07F081FB41EC190B9FEDF5
:101480003F0B53EC102B424890ED000B51EC100B2E
:1014900007F01EF841EC1A0B53EC192B07F084FAF5
:1014A000354AC2E9080118EE100A07F067FB41EC63
:1014B000190B9FED320B53EC102B364890ED000BBF
:1014C00051EC100B07F070FA41EC1A0B53EC192B8E
:1014D00006F0FEFF284AC2E90A0118EE100A07F0DA
:1014E0004DFB41EC190B9FED250B53EC102B2A48BB
:1014F00090ED000B51EC100B06F0EAFF41EC1A0BDB
:1015000053EC192B07F050FA1B4AC2E90C0118EEF4
:10151000100A07F033FB41EC190B9FED180B53EC4D
:10152000102B1E4890ED000B51EC100B07F03CFA0D
:1015300041EC1A0B53EC192B06F0CAFF0E4AC2E914
:101540000E019FED170A38EE000AB0EE408A9FEDBB
:10155000150AB4EEC08AF1EE10FA7FF619AFBDECB1
:10156000068B10BD00000000CDCC4C3E000000E01A
:10157000F528DC3F98000020480A0020000000A069
:1015800099990140A0000020A8000020B000002090
:10159000B8000020C0000020C8000020D0000020BB
:1015A00082A8FB38CDCC0C4010B52DED0A8BB0EEE7
:1015B000408AB0EE609A9FEDFD0BFE4880ED000B77
:1015C0009FEDFA0BFC4880ED000B9FEDF80BFB48FC
:1015D00080ED000B9FEDF50BF94880ED000B9FEDC2
:1015E000F30BF84880ED000B9FEDF00BF64880ED13
:1015F000000B9FEDEE0BF54880ED000B9FEDEB0B24
:10160000F34880ED000B9FEDF30AF0EE408AC9E14C
:1016100018EE900A07F0B2FA41EC1A0B9FEDEE0BB0
:1016200053EC102BEE4890ED000B51EC100B06F034
:101630004FFF41EC1B0B53EC1A2B07F0B5F9E94AAD
:10164000C2E904019FEDE80A28EE800A10EE101AA4
:10165000084607F093FA41EC1A0B9FEDDF0B53ECB1
:10166000102BE24890ED000B51EC100B07F09CF9A9
:1016700041EC1B0B53EC1A2B06F02AFFD94AC2E9A6
:1016800006019FEDCA0B53EC102BCA4890ED000BDE
:1016900051EC100B06F0D0FF64D19FEDCF0B53EC53
:1016A000102BD34890ED000B51EC100B06F010FFFF
:1016B00041EC1A0BC14890ED000B53EC102B51EC90
:1016C0001A0B06F005FFC74AC2E90C019FEDC20BD9
:1016D00053EC102BC74890ED000B51EC100B07F0AA
:1016E00063F941EC1A0BB54890ED000B53EC102B4D
:1016F00051EC1A0B06F0ECFEBA4AC2E90E0118EEE4
:10170000100A07F03BFA41EC1A0BAC4890ED000BC5
:1017100053EC102B51EC1A0B06F0DAFEA74A03C269
:101720009FEDB50B53EC102BA44890ED000B51EC42
:10173000100B07F0F7F804D89FEDAF0B9F4880ED32
:10174000000B9FEDAD0B53EC102B9C4890ED000B64
:1017500051EC100B07F0E6F804D89FEDA90B954863
:1017600080ED000B9FEDA60B53EC102B914890EDF4
:10177000000B51EC100B06F05FFF7CD19FEDA20B2C
:1017800053EC102B8F4890ED000B51EC100B06F032
:10179000CBFF41EC1A0B9FED900B53EC102B9448B0
:1017A00090ED000B51EC100B06F092FE41EC1C0B7F
:1017B0009FED910B53EC102B06F08AFE41EC1B0BB6
:1017C00053EC1A2B07F0F0F8864AC2E90C019FEDA2
:1017D000820B53EC102B874890ED000B51EC100B53
:1017E00007F0E2F841EC1B0B9FED830B53EC102B41
:1017F00006F06EFE41EC1A0B724890ED000B53ECB4
:10180000102B51EC1A0B06F063FE764AC2E90E016A
:1018100018EE100A07F0B2F941EC1A0B694890ED86
:10182000000B53EC102B51EC1A0B06F051FE654ADD
:1018300003C29FED770B53EC102B624890ED000B29
:1018400051EC100B07F06EF804D89FED710B5D485A
:1018500080ED000B9FED6E0B53EC102B594890ED73
:10186000000B51EC100B07F05DF804D89FED6A0BEC
:10187000504880ED000B9FED680B53EC102B4D484A
:1018800090ED000B51EC100B06F0D6FE7DD19FEDD4
:10189000520B53EC102B564890ED000B51EC100BF3
:1018A00006F016FE41EC1C0B9FED530B53EC102B76
:1018B00006F00EFE41EC1B0B444890ED000B53EC80
:1018C000102B51EC1B0B07F06FF841EC1A0B9FED3E
:1018D000540B53EC102B07F067F8424AC2E90C0195
:1018E0009FED3D0B53EC102B424890ED000B51EC5B
:1018F000100B07F059F841EC1C0B9FED3F0B53EC1C
:10190000102B06F0E5FD41EC1B0B304890ED000B71
:1019100053EC102B51EC1B0B07F046F841EC1A0B63
:101920009FED3B0B53EC102B06F0D2FD2D4AC2E984
:101930000E0118EE100A07F021F941EC1A0B2348AA
:1019400090ED000B53EC102B51EC1A0B06F0C0FD80
:101950001E4A03C29FED280B53EC102B1B4890ED41
:10196000000B51EC100B06F0DDFF04D89FED220BAD
:10197000164880ED000B9FED200B53EC102B134805
:1019800090ED000B51EC100B00E007E006F0CAFFF1
:1019900004D89FED250B074880ED000B38EEC90AEF
:1019A000F0EE408AF5EEC08A42E000000000000040
:1019B00000000000E0000020E8000020F00000200F
:1019C000F800002000010020080100201001002084
:1019D000180100209A991940000000403333F33F6A
:1019E000A8000020480A00209A99193FB000002062
:1019F000C8000020D00000200000004033330B401E
:101A0000000000000000F03F000000403333E33FDF
:101A1000000000403333034000000000000000409D
:101A2000000000803D0AF73F000000000000104069
:101A3000F1EE10FA3FF7ECAD1FED1A0AF0EE408A16
:101A4000C9E11FED170A28EE800A10EE101A0846A9
:101A500007F094F841EC1A0B1FED210B53EC102BFF
:101A6000E14890ED000B51EC100B06F031FD41EC1C
:101A70001B0B53EC1A2B06F097FFDC4AC2E90C0152
:101A800018EE900A07F07AF841EC1A0B1FED2E0BB6
:101A900053EC102BD64890ED000B51EC100B06F0D8
:101AA00083FF41EC1B0B53EC1A2B06F011FDCF4AC0
:101AB000C2E90E011FED430B53EC102BCD4890ED06
:101AC000000B51EC100B06F0B7FD64D11FED3E0B7F
:101AD00053EC102BC84890ED000B51EC100B06F0A6
:101AE000F7FC41EC1A0BC54890ED000B53EC102BA2
:101AF00051EC1A0B06F058FFBC4AC2E904011FED75
:101B00004A0B53EC102BBE4890ED000B51EC100B20
:101B100006F04AFF41EC1A0BB84890ED000B53EC6D
:101B2000102B51EC1A0B06F03FFFB04AC2E9060138
:101B300018EE100A07F022F841EC1A0BAF4890EDAE
:101B4000000B53EC102B51EC1A0B06F0C1FCAB4A06
:101B500003C21FED570B53EC102BA84890ED000B60
:101B600051EC100B06F0DEFE04D81FED5D0BA34810
:101B700080ED000B1FED600B53EC102B9F4890ED98
:101B8000000B51EC100B06F0CDFE04D81FED640BDA
:101B9000984880ED000B1FED660B53EC102B954819
:101BA00090ED000B51EC100B06F046FD7CD11FEDC3
:101BB000760B53EC102B904890ED000B51EC100B72
:101BC00006F086FC41EC1B0B1FED750B53EC102B44
:101BD00006F0EAFE41EC1A0B8A4890ED000B53EC3C
:101BE000102B51EC1A0B06F0DFFE804AC2E904010B
:101BF0001FED7B0B53EC102B824890ED000B51EC4A
:101C0000100B06F091FD41EC1A0B1FED8D0B53EC00
:101C1000102B7B4890ED000B51EC100B06F0C4FE2E
:101C200041EC1C0B1FED8C0B53EC102B06F0BCFE93
:101C300041EC1B0B53EC1A2B06F04AFC6B4AC2E931
:101C4000060118EE100A06F099FF41EC1A0B6D48D8
:101C500090ED000B53EC102B51EC1A0B06F038FCF6
:101C6000684A03C21FED960B53EC102B654890EDAC
:101C7000000B51EC100B06F055FE04D21FED9C0B2F
:101C8000604880ED000B1FED9E0B53EC102B5D4860
:101C900090ED000B51EC100B06F044FE04D81FED44
:101CA000A20B544880ED000B1FEDA50B53EC102B3D
:101CB000504890ED000B51EC100B06F0BDFC7DD1AF
:101CC0001FEDBB0B53EC102B4B4890ED000B51EC70
:101CD000100B06F0FDFB41EC1C0B1FEDB90B53EC98
:101CE000102B06F061FE41EC1B0B474890ED000BFA
:101CF00053EC102B51EC1B0B06F0EAFB41EC1A0BDA
:101D00001FEDBD0B53EC102B06F04EFE374AC2E917
:101D100004011FEDCF0B53EC102B394890ED000B55
:101D200051EC100B06F040FE41EC1C0B1FEDCE0BEE
:101D300053EC102B06F038FE41EC1B0B324890EDB3
:101D4000000B53EC102B51EC1B0B06F0C1FB41ECCC
:101D50001A0B1FEDCD0B53EC102B06F0B9FB234AE9
:101D6000C2E9060118EE100A06F008FF41EC1A0B52
:101D7000254890ED000B53EC102B51EC1A0B06F09C
:101D8000A7FB214A03C21FEDE40B53EC102B1E48A6
:101D900090ED000B51EC100B06F0C4FD04D81FEDC4
:101DA000EA0B194880ED000B1FEDED0B53EC102BE7
:101DB000154890ED000B51EC100B00E007E006F029
:101DC000B1FD04D81FEDE80B0A4880ED000B38EE9A
:101DD000C90AF0EE408AF5EEC08AF1EE10FA3FF73C
:101DE00030AEBDEC0A8B10BDC8000020480A0020B0
:101DF000D0000020E8000020A8000020F80000200B
:101E0000B0000020080100201801002010B52DEDC1
:101E1000048B9FED330AB0EE408A52E018EE100AB0
:101E200006F0ACFE41EC190B2E4890ED000B53EC84
:101E3000102B51EC190B06F0ABFD2B4AC2E9040143
:101E40009FED2A0A28EE000A10EE101A084606F046
:101E500095FE41EC190B264890ED000B53EC102B2E
:101E600051EC190B06F034FB1F4AC2E9060118EECB
:101E7000100A06F083FE41EC190B1E4890ED000B92
:101E800053EC102B51EC190B06F022FB164AC2E959
:101E90000C0118EE100A06F071FE41EC190B164801
:101EA00090ED000B53EC102B51EC190B06F070FD6C
:101EB0000D4AC2E90E019FED110A38EE000AB0EE9C
:101EC000408A9FED0F0AB4EEC08AF1EE10FAA5D950
:101ED0009FED0C0B0D4880ED000BBDEC048B10BD8D
:101EE00000000000A8000020480A0020CDCC4C3E95
:101EF000B0000020C8000020D000002017B75138E3
:101F00009A99993F000000000000E03FD8000020AF
:101F100010B52DED068B9FED410AB0EE408A72E0C0
:101F200018EE100A06F02AFE41EC190B9FED3C0B4F
:101F300053EC102B3C4890ED000B51EC100B06F0CD
:101F400033FD41EC1A0B53EC192B06F0C1FA374A5A
:101F5000C2E904019FED360A28EE000A10EE101ABD
:101F6000084606F00BFE41EC190B9FED320B53ECCB
:101F7000102B324890ED000B51EC100B06F0A8FA34
:101F800041EC1A0B53EC192B06F00EFD274AC2E95F
:101F9000060118EE100A06F0F1FD41EC190B9FED59
:101FA000200B53EC102B264890ED000B51EC100B3E
:101FB00006F08EFA41EC1A0B53EC192B06F0F4FCE8
:101FC0001A4AC2E90C0118EE100A06F0D7FD41ECDE
:101FD000190B9FED130B53EC102B1A4890ED000BCF
:101FE00051EC100B06F0E0FC41EC1A0B53EC192BF2
:101FF00006F06EFA0D4AC2E90E019FED130A38EEA3
:10200000000AB0EE408A9FED110AB4EEC08AF1EEEC
:1020100010FA85D9BDEC068B10BD00000000000051
:10202000000000403333F33FA8000020480A00209E
:10203000CDCC4C3E0000000052B8CE3FB000002096
:10204000C8000020D000002017B751389A99993F56
:1020500010B52DED048BA04890ED001BB0EE410AA9
:10206000F0EE610A9FED9D1B53EC112B51EC100B10
:1020700006F09AFC41EC190B9FED9A0B53EC102BD8
:1020800006F026FA41EC180B9FED980B53EC102B41
:1020900006F01EFA974A03C28F4890ED021BB0EE7D
:1020A000410AF0EE610A9FED8D1B53EC112B51ECB0
:1020B000100B06F079FC41EC190B9FED8A0B53ECE9
:1020C000102B06F005FA41EC180B9FED8B0B53EC2F
:1020D000102B06F069FC8A4A03C27F4890ED041B6E
:1020E000B0EE410AF0EE610A9FED7C1B53EC112B20
:1020F00051EC100B06F0ECF941EC190B9FED790B4C
:1021000053EC102B06F050FC41EC180B9FED7D0BAF
:1021100053EC102B06F0DCF97C4A03C26E4890EDBC
:10212000061BB0EE410AF0EE610A9FED6C1B53EC0A
:10213000112B51EC100B06F0CBF941EC190B9FED74
:10214000690B53EC102B06F02FFC41EC180B9FEDA4
:102150006D0B53EC102B06F027FC6D4A03C25E4852
:1021600090ED081BB0EE410AF0EE610A9FED5B1B9B
:1021700053EC112B51EC100B06F0AAF941EC190BA2
:102180009FED580B53EC102B06F00EFC41EC180B96
:102190009FED560B53EC102B06F006FC5D4A03C274
:1021A0004D4890ED0A1BB0EE410AF0EE610A9FED3A
:1021B0004B1B53EC112B51EC100B06F089F941EC41
:1021C000190B9FED480B53EC102B06F0EDFB41EC87
:1021D000180B9FED490B53EC102B06F079F94E4A82
:1021E00003C23D4890ED0C1BB0EE410AF0EE610ACF
:1021F0009FED3A1B53EC112B51EC100B06F0D4FB66
:1022000041EC190B9FED370B53EC102B06F060F9E6
:1022100041EC180B9FED3B0B53EC102B06F0C4FB6D
:102220003E4A03C22C4890ED0E1BB0EE410AF0EE80
:10223000610A9FED2A1B53EC112B51EC100B06F099
:10224000B3FB41EC190B9FED270B53EC102B06F061
:102250003FF941EC180B9FED2B0B53EC102B06F0C4
:1022600037F92F4A03C2234890ED000B2D4880ED2B
:10227000000B234890ED000B2A4880ED020B234809
:1022800090ED000B274880ED040B214890ED000BEA
:10229000244880ED060B1F4890ED000B214880ED8F
:1022A000080B1D4890ED000B1E4880ED0A0B1B48E3
:1022B00090ED000B1B4880ED0C0B194890ED000BC6
:1022C000184880ED0E0B9FED180B194880ED000BA0
:1022D000BDEC048B10BD0000600100209A99999913
:1022E000999909409A999999999919400000000083
:1022F00000003440980000200000000000002E4044
:10230000A0000020000000A099990140A800002032
:10231000B0000020B8000020C0000020C80000204D
:10232000D0000020480A0020000000000000E03F2C
:10233000D800002010B52DED048BA04890ED001BB7
:10234000B0EE410AF0EE610A9FED9D1B53EC112B9C
:1023500051EC100B06F028FB41EC190B9FED9A0B8A
:1023600053EC102B06F0B4F841EC180B9FED980BD2
:1023700053EC102B06F0ACF8974A03C28F4890ED4F
:10238000021BB0EE410AF0EE610A9FED8D1B53EC8B
:10239000112B51EC100B06F007FB41EC190B9FEDD4
:1023A0008A0B53EC102B06F093F841EC180B9FEDC1
:1023B0008B0B53EC102B06F0F7FA8A4A03C27F48C6
:1023C00090ED041BB0EE410AF0EE610A9FED7C1B1C
:1023D00053EC112B51EC100B06F07AF841EC190B71
:1023E0009FED790B53EC102B06F0DEFA41EC180B45
:1023F0009FED7D0B53EC102B06F06AF87C4A03C26C
:102400006E4890ED061BB0EE410AF0EE610A9FEDBA
:102410006C1B53EC112B51EC100B06F059F841ECEE
:10242000190B9FED690B53EC102B06F0BDFA41EC34
:10243000180B9FED6D0B53EC102B06F0B5FA6D4A9F
:1024400003C25E4890ED081BB0EE410AF0EE610A4F
:102450009FED5B1B53EC112B51EC100B06F038F881
:1024600041EC190B9FED580B53EC102B06F09CFA26
:1024700041EC180B9FED560B53EC102B06F094FA21
:102480005D4A03C24D4890ED0A1BB0EE410AF0EEE2
:10249000610A9FED4B1B53EC112B51EC100B06F016
:1024A00017F841EC190B9FED480B53EC102B06F07D
:1024B0007BFA41EC180B9FED490B53EC102B06F007
:1024C00007F84E4A03C23D4890ED0C1BB0EE410A9E
:1024D000F0EE610A9FED3A1B53EC112B51EC100BFF
:1024E00006F062FA41EC190B9FED370B53EC102B01
:1024F00005F0EEFF41EC180B9FED3B0B53EC102B5E
:1025000006F052FA3E4A03C22C4890ED0E1BB0EE84
:10251000410AF0EE610A9FED2A1B53EC112B51EC9E
:10252000100B06F041FA41EC190B9FED270B53EC11
:10253000102B05F0CDFF41EC180B9FED2B0B53EC4E
:10254000102B05F0C5FF2F4A03C2234890ED000B66
:102550002D4880ED000B234890ED000B2A4880EDBC
:10256000020B234890ED000B274880ED040B214817
:1025700090ED000B244880ED060B1F4890ED000BFA
:10258000214880ED080B1D4890ED000B1E4880EDA2
:102590000A0B1B4890ED000B1B4880ED0C0B1948F3
:1025A00090ED000B184880ED0E0B9FED180B1948AD
:1025B00080ED000BBDEC048B10BD0000600100201D
:1025C0009A999999999909409A999999999919403B
:1025D00000000000000022409800002000000000E1
:1025E00000001840A0000020000000A099990140C0
:1025F000A8000020B0000020B8000020C00000208B
:10260000C8000020D0000020480A00200000000080
:102610000000E03FD800002010B52DED0A8BB0EE91
:10262000408AB0EE609A9FEDFD0BFE4880ED000BF6
:102630009FEDFA0BFC4880ED000B9FEDF80BFB487B
:1026400080ED000B9FEDF50BF94880ED000B9FED41
:10265000F30BF84880ED000B9FEDF00BF64880ED92
:10266000000B9FEDEE0BF54880ED000B9FEDEB0BA3
:10267000F34880ED000BB1EE040AF0EE408AC9E1A8
:102680009FEDF00A28EE800A10EE101A084606F0B8
:1026900075FA41EC1A0B9FEDEC0B53EC102BEC4848
:1026A00090ED000B51EC100B06F07EF941EC1B0B8A
:1026B00053EC1A2B05F00CFFE64AC2E9040118EEB0
:1026C000900A06F05BFA41EC1A0B9FEDDF0B53EC1E
:1026D000102BE14890ED000B51EC100B05F0F8FECB
:1026E00041EC1B0B53EC1A2B06F05EF9D94AC2E9F8
:1026F00006019FEDCA0B53EC102BCA4890ED000B5E
:1027000051EC100B05F098FF64D19FEDCF0B53EC0B
:10271000102BD24890ED000B51EC100B05F0D8FEB9
:1027200041EC1A0BC14890ED000B53EC102B51EC0F
:102730001A0B05F0CDFEC74AC2E90C019FEDC20B92
:1027400053EC102BC64890ED000B51EC100B06F02B
:102750002BF941EC1A0BB54890ED000B53EC102B04
:1027600051EC1A0B05F0B4FEBA4AC2E90E0118EE9C
:10277000100A06F003FA41EC1A0BAC4890ED000B7E
:1027800053EC102B51EC1A0B05F0A2FEA74A03C222
:102790009FEDB40B53EC102BA44890ED000B51ECC3
:1027A000100B06F0BFF804D89FEDAE0B9F4880EDEC
:1027B000000B9FEDAC0B53EC102B9C4890ED000BE5
:1027C00051EC100B06F0AEF804D89FEDA80B95481D
:1027D00080ED000B9FEDA50B53EC102B914890ED75
:1027E000000B51EC100B05F027FF7CD19FEDA10BE6
:1027F00053EC102B8F4890ED000B51EC100B05F0B3
:1028000093FF41EC1A0B9FED900B53EC102B934868
:1028100090ED000B51EC100B05F05AFE41EC1C0B37
:102820009FED900B53EC102B05F052FE41EC1B0B6F
:1028300053EC1A2B06F0B8F8864AC2E90C019FED5A
:10284000820B53EC102B864890ED000B51EC100BD3
:1028500006F0AAF841EC1B0B9FED820B53EC102BFA
:1028600005F036FE41EC1A0B724890ED000B53EC6C
:10287000102B51EC1A0B05F02BFE764AC2E90E0123
:1028800018EE100A06F07AF941EC1A0B694890ED3F
:10289000000B53EC102B51EC1A0B05F019FE654A96
:1028A00003C29FED760B53EC102B624890ED000BAA
:1028B00051EC100B06F036F804D89FED700B5D4814
:1028C00080ED000B9FED6D0B53EC102B594890EDF4
:1028D000000B51EC100B06F025F804D89FED690BA6
:1028E000504880ED000B9FED670B53EC102B4D48CB
:1028F00090ED000B51EC100B05F09EFE7DD19FED8D
:10290000520B53EC102B554890ED000B51EC100B73
:1029100005F0DEFD41EC1C0B484890ED000B53EC3C
:10292000102B51EC1C0B06F03FF841EC1B0B9FEDFC
:102930004D0B53EC102B05F0CBFD41EC1A0B9FED2A
:10294000530B53EC102B06F02FF8424AC2E90C014E
:102950009FED3D0B53EC102B414890ED000B51ECDB
:10296000100B06F021F841EC1C0B344890ED000BE5
:1029700053EC102B51EC1C0B06F016F841EC1B0B22
:102980009FED380B53EC102B05F0A2FD41EC1A0B18
:102990009FED3A0B53EC102B05F09AFD2D4AC2E93E
:1029A0000E0118EE100A06F0E9F841EC1A0B234864
:1029B00090ED000B53EC102B51EC1A0B05F088FD39
:1029C0001E4A03C29FED270B53EC102B1B4890EDC2
:1029D000000B51EC100B05F0A5FF04D89FED210B67
:1029E000164880ED000B9FED1F0B53EC102B134886
:1029F00090ED000B51EC100B00E007E005F092FFAA
:102A000004D89FED240B074880ED000B38EEC90A6F
:102A1000F0EE408AF5EEC08A40E0000000000000C1
:102A200000000000E0000020E8000020F00000208E
:102A3000F800002000010020080100201001002003
:102A4000180100209A99193F00000000000004407E
:102A5000A8000020480A0020B0000020C800002084
:102A6000D000002000000060666606400000000004
:102A70000000F03F000000403333E33F000000005F
:102A800000001440000000000000004000000000B2
:102A9000000008400000000000001040F1EE10FAB5
:102AA0003FF7EEADB1EE040AF0EE408AC9E11FED4A
:102AB0001B0A28EE800A10EE101A084606F05EF88F
:102AC00041EC1A0B1FED200B53EC102BE14890ED5D
:102AD000000B51EC100B05F0FBFC41EC1B0B53EC15
:102AE0001A2B05F061FFDC4AC2E90C0118EE900ACE
:102AF00006F044F841EC1A0B1FED2D0B53EC102B94
:102B0000D64890ED000B51EC100B05F04DFF41EC59
:102B10001B0B53EC1A2B05F0DBFCCF4AC2E90E016C
:102B20001FED420B53EC102BCD4890ED000B51ECF8
:102B3000100B05F081FD64D11FED3D0B53EC102B04
:102B4000C84890ED000B51EC100B05F02DFF41EC47
:102B50001A0BC54890ED000B53EC102B51EC1A0BDF
:102B600005F022FFBC4AC2E904011FED490B53ECFA
:102B7000102BBE4890ED000B51EC100B05F0A8FC9B
:102B800041EC1A0BB84890ED000B53EC102B51ECB4
:102B90001A0B05F009FFB04AC2E9060118EE100A47
:102BA00005F0ECFF41EC1A0BAF4890ED000B53EC35
:102BB000102B51EC1A0B05F08BFCAB4A03C21FED36
:102BC000570B53EC102BA84890ED000B51EC100B59
:102BD00005F0A8FE04D81FED5D0BA34880ED000BA7
:102BE0001FED600B53EC102B9F4890ED000B51EC48
:102BF000100B05F097FE04D81FED640B984880ED8C
:102C0000000B1FED660B53EC102B954890ED000B5D
:102C100051EC100B05F010FD7CD11FED6A0B53EC4D
:102C2000102B934890ED000B51EC100B05F07CFD40
:102C300041EC1A0B1FED7C0B53EC102B894890EDE7
:102C4000000B51EC100B05F0AFFE41EC1C0B1FED1F
:102C50007B0B53EC102B05F0A7FE41EC1B0B53EC48
:102C60001A2B05F035FC7C4AC2E904011FED8A0BE2
:102C700053EC102B7D4890ED000B51EC100B05F040
:102C800027FC41EC1B0B1FED890B53EC102B05F0BF
:102C90008BFE41EC1A0B764890ED000B53EC102B99
:102CA00051EC1A0B05F080FE6B4AC2E9060118EEE2
:102CB000100A05F063FF41EC1A0B6D4890ED000B14
:102CC00053EC102B51EC1A0B05F002FC684A03C2BE
:102CD0001FED960B53EC102B654890ED000B51EC5B
:102CE000100B05F01FFE04D81FED9C0B604880ED13
:102CF000000B1FED9E0B53EC102B5D4890ED000B6D
:102D000051EC100B05F00EFE04D81FEDA20B544839
:102D100080ED000B1FEDA50B53EC102B504890EDF0
:102D2000000B51EC100B05F087FC7DD11FEDBA0BA9
:102D300053EC102B4B4890ED000B51EC100B05F0B1
:102D400033FE41EC1C0B4B4890ED000B53EC102B69
:102D500051EC1C0B05F0BCFB41EC1B0B1FEDBF0B3A
:102D600053EC102B05F020FE41EC1A0B1FEDB90BB4
:102D700053EC102B05F0ACFB374AC2E904011FED00
:102D8000CE0B53EC102B394890ED000B51EC100B8F
:102D900005F09EFB41EC1C0B364890ED000B53EC0C
:102DA000102B51EC1C0B05F093FB41EC1B0B1FEDA2
:102DB000D30B53EC102B05F0F7FD41EC1A0B1FED74
:102DC000D10B53EC102B05F0EFFD234AC2E90601AD
:102DD00018EE100A05F0D2FE41EC1A0B254890EDD2
:102DE000000B53EC102B51EC1A0B05F071FB214A30
:102DF00003C21FEDE40B53EC102B1E4890ED000BAB
:102E000051EC100B05F08EFD04D81FEDEA0B1948AC
:102E100080ED000B1FEDED0B53EC102B154890EDE2
:102E2000000B51EC100B00E007E005F07BFD04D82F
:102E30001FEDE80B0A4880ED000B38EEC90AF0EEF2
:102E4000408AF5EEC08AF1EE10FA3FF730AEBDECE5
:102E50000A8B10BDC8000020480A0020D0000020C6
:102E6000E8000020A8000020F8000020B0000020AA
:102E7000080100201801002010B52DED048B9FEDF6
:102E8000330AB0EE408A52E09FED310A28EE000A84
:102E900010EE101A084605F071FE41EC190B2D4892
:102EA00090ED000B53EC102B51EC190B05F010FBBF
:102EB000294AC2E9040118EE100A05F05FFE41EC50
:102EC000190B264890ED000B53EC102B51EC190B0D
:102ED00005F05EFD204AC2E9060118EE100A05F071
:102EE0004DFE41EC190B1E4890ED000B53EC102BDE
:102EF00051EC190B05F0ECFA174AC2E90C0118EE77
:102F0000100A05F03BFE41EC190B164890ED000B42
:102F100053EC102B51EC190B05F03AFD0E4AC2E9A7
:102F20000E019FED110A38EE000AB0EE408AB0EEB5
:102F3000040AB4EEC08AF1EE10FAA5D99FED0B0B8E
:102F40000C4880ED000BBDEC048B10BD00000000B0
:102F5000CDCC4C3EA8000020480A0020B000002044
:102F6000C8000020D000002082A87B3800000000AC
:102F70000000E03FD800002010B52DED068B9FED3E
:102F8000410AB0EE408A72E09FED3F0A28EE000A47
:102F900010EE101A084605F0F1FD41EC190B9FEDFB
:102FA0003B0B53EC102B3B4890ED000B51EC100BFE
:102FB00005F08EFA41EC1A0B53EC192B05F0F4FCDA
:102FC000354AC2E9040118EE100A05F0D7FD41ECBC
:102FD000190B9FED320B53EC102B324890ED000B88
:102FE00051EC100B05F0E0FC41EC1A0B53EC192BE3
:102FF00005F06EFA284AC2E9060118EE100A05F03B
:10300000BDFD41EC190B9FED250B53EC102B264811
:1030100090ED000B51EC100B05F05AFA41EC1A0B35
:1030200053EC192B05F0C0FC1B4AC2E90C0118EE49
:10303000100A05F0A3FD41EC190B9FED180B53ECA2
:10304000102B1A4890ED000B51EC100B05F0ACFC66
:1030500041EC1A0B53EC192B05F03AFA0E4AC2E96F
:103060000E019FED130A38EE000AB0EE408AB0EE72
:10307000040AB4EEC08AF1EE10FA85D9BDEC068BD5
:1030800010BD000000000000CDCC4C3E0000000050
:103090000000E03FA8000020480A002000000000D7
:1030A00000000440B0000020C8000020D000002034
:1030B00082A87B3810B52DED0A8BB0EE408AB0EEB9
:1030C000609A9FEDFD0BFE4880ED000B9FEDFA0B23
:1030D000FC4880ED000B9FEDF80BFB4880ED000BEA
:1030E0009FEDF50BF94880ED000B9FEDF30BF848D1
:1030F00080ED000B9FEDF00BF64880ED000B9FED8F
:10310000EE0BF54880ED000B9FEDEB0BF34880EDE7
:10311000000B9FEDF30AF0EE408A0EE318EE900AE2
:1031200005F02CFD41EC1A0B9FEDEE0B53EC102B30
:10313000EE4890ED000B51EC100B05F035FC41EC26
:103140001B0B53EC1A2B05F0C3F9E94A03C29FEDA0
:10315000E90A28EE800A10EE101A084605F00EFD66
:1031600041EC1A0B9FEDDF0B53EC102BE24890ED76
:10317000000B51EC100B05F0ABF941EC1B0B53ECC1
:103180001A2B05F011FCDA4AC2E902019FEDD90AB7
:1031900028EE800A10EE101A084605F0EFFC41EC0C
:1031A0001A0B9FEDD00B53EC102BD44890ED000B75
:1031B00051EC100B05F0F8FB41EC1B0B53EC1A2BF8
:1031C00005F086F9CA4AC2E9040118EE900A05F032
:1031D000D5FC41EC1A0B9FEDC30B53EC102BC848E8
:1031E00090ED000B51EC100B05F072F941EC1B0B4C
:1031F00053EC1A2B05F0D8FBBD4AC2E906019FED3E
:10320000AE0B53EC102BAE4890ED000B51EC100BB5
:1032100005F012FA7ED19FEDB30B53EC102BB94899
:1032200090ED000B51EC100B05F0BEFB41EC1A0BBE
:10323000A54890ED000B53EC102B51EC1A0B05F048
:10324000B3FBAB4AC2E908019FEDA60B53EC102B70
:10325000AD4890ED000B51EC100B05F039F941EC45
:103260001A0B994890ED000B53EC102B51EC1A0BF4
:1032700005F09AFB9E4AC2E90A019FED9A0B53ECB6
:10328000102BA24890ED000B51EC100B05F08CFBBD
:1032900041EC1A0B8C4890ED000B53EC102B51ECC9
:1032A0001A0B05F015F9924AC2E90C019FED8D0B3E
:1032B00053EC102B964890ED000B51EC100B05F0E1
:1032C00007F941EC1A0B804890ED000B53EC102BE2
:1032D00051EC1A0B05F0FCF8854AC2E90E0118EE14
:1032E000100A05F04BFC41EC1A0B774890ED000BEF
:1032F00053EC102B51EC1A0B05F0EAF8724A03C29A
:103300009FED840B53EC102B6F4890ED000B51ECAC
:10331000100B00E018E005F005FB04D89FED7D0BD5
:10332000694880ED000B9FED7B0B53EC102B66483A
:1033300090ED000B51EC100B05F0F4FA04D89FED62
:10334000770B5F4880ED000B9FED740B53EC102B57
:103350005B4890ED000B51EC100B05F06DF97DD141
:103360009FED600B53EC102B594890ED000B51EC86
:10337000100B05F0D9F941EC1A0B9FED5A0B53ECE9
:10338000102B604890ED000B51EC100B05F00CFB7E
:1033900041EC1C0B9FED5F0B53EC102B05F004FB75
:1033A00041EC1B0B53EC1A2B05F092F8504AC2E982
:1033B00008019FED4C0B53EC102B534890ED000B84
:1033C00051EC100B05F084F841EC1B0B9FED510BF9
:1033D00053EC102B05F0E8FA41EC1A0B3C4890ED49
:1033E000000B53EC102B51EC1A0B05F0DDFA404AA0
:1033F000C2E90A019FED3B0B53EC102B434890EDC3
:10340000000B51EC100B05F0CFFA41EC1B0B9FEDBC
:10341000410B53EC102B05F05BF841EC1A0B2C48D8
:1034200090ED000B53EC102B51EC1A0B05F050F8FB
:103430002F4AC2E90C019FED2B0B53EC102B2448B3
:1034400090ED000B51EC100B05F06EF941EC1A0BEE
:103450009FED240B53EC102B2D4800E084E090ED01
:10346000000B51EC100B05F033F841EC1C0B9FEDF9
:10347000290B53EC102B05F02BF841EC1B0B53ECF4
:103480001A2B05F091FA1A4AC2E90E0118EE100A39
:1034900005F074FB41EC1A0B0D4890ED000B53EC5A
:1034A000102B51EC1A0B05F013F8094A03C29FEDDB
:1034B0001D0B53EC102B39E0000000000000000051
:1034C000E0000020E8000020F0000020F8000020CC
:1034D0000001002008010020100100201801002038
:1034E0009A99993F000000403333E33F9800002051
:1034F000480A00209A99193FA0000020A800002047
:10350000B0000020B8000020C0000020C80000204B
:10351000D00000200000004033330B4000000000CA
:103520000000F03F000000403333F33FFD4890EDD2
:10353000000B51EC100B05F0F5F904D81FED070B4B
:10354000F84880ED000B1FED090B53EC102BF548EC
:1035500090ED000B51EC100B05F0E4F904D89FED51
:10356000F20BF34880ED000B9FEDEF0B53EC102BAB
:10357000EF4890ED000B51EC100B05F05DF87DD19C
:103580001FED280B53EC102BEA4890ED000B51EC8B
:10359000100B05F009FA41EC1C0B1FED220B53EC4C
:1035A000102B05F001FA41EC1B0BE34890ED000BEA
:1035B00053EC102B51EC1B0B04F08AFF41EC1A0B5F
:1035C0009FEDDE0B53EC102B04F082FFDD4AC2E9C5
:1035D00008011FED3C0B53EC102BDB4890ED000B6A
:1035E00051EC100B04F074FF41EC1C0B1FED370B7A
:1035F00053EC102B05F0D8F941EC1B0BCE4890EDA5
:10360000000B53EC102B51EC1B0B04F061FF41EC51
:103610001A0B1FED3C0B53EC102B05F0C5F9C94AF2
:10362000C2E90A011FED510B53EC102BC74890ED76
:10363000000B51EC100B05F0B7F941EC1C0B1FED22
:103640004B0B53EC102B04F043FF41EC1B0BBA481F
:1036500090ED000B53EC102B51EC1B0B05F0A4F973
:1036600041EC1A0B1FED510B53EC102B04F030FF03
:10367000B44AC2E90C011FED650B00E059E053ECC0
:10368000102BB34890ED000B51EC100B04F020FF11
:1036900041EC1C0B1FED610B53EC102B04F018FFD9
:1036A00041EC1B0BA44890ED000B53EC102B51EC9C
:1036B0001B0B05F079F941EC1A0B9FEDA00B53ECB5
:1036C000102B05F071F99F4AC2E90E0118EE100A9D
:1036D00005F054FA41EC1A0B974890ED000B53ECAF
:1036E000102B51EC1A0B04F0F3FE934A03C21FEDAA
:1036F000770B53EC102B904890ED000B51EC100B16
:1037000005F010F904D81FED7D0B8B4880ED000B00
:103710001FED800B53EC102B874890ED000B51EC04
:10372000100B05F0FFF804D89FED8A0B804880ED60
:10373000000B38EEC90AF0EE408AF5EEC08AF1EED1
:1037400010FA3FF7EBAC1FED9A0AF0EE408AFDE26B
:103750001FED980A28EE800A10EE101A084605F0B0
:103760000DFA41EC1A0B1FEDA10B53EC102B714815
:1037700090ED000B51EC100B05F016F941EC1B0B12
:1037800053EC1A2B04F0A4FE6E4AC2E9080118EEAD
:10379000900A05F0F3F941EC1A0B1FEDAE0B53EC58
:1037A000102B694890ED000B51EC100B04F090FECB
:1037B00041EC1B0B53EC1A2B05F0F6F8614AC2E9F9
:1037C0000A0118EE900A05F0D9F941EC1A0B1FED29
:1037D000BB0B53EC102B5D4890ED000B51EC100B24
:1037E00005F0E2F841EC1B0B53EC1A2B04F070FED1
:1037F000544AC2E90C011FEDC10A28EE800A10EEFE
:10380000101A084605F0BAF941EC1A0B1FEDCB0B64
:1038100053EC102B4E4890ED000B51EC100B04F0C4
:1038200057FE41EC1B0B53EC1A2B05F0BDF8454A33
:10383000C2E90E011FEDE00B53EC102B474890ED51
:10384000000B51EC100B04F0F7FE6AD11FEDDB0BFF
:1038500053EC102B424890ED000B51EC100B05F08F
:10386000A3F841EC1A0B3F4890ED000B53EC102BE2
:1038700051EC1A0B04F02CFE324A03C21FEDE70B89
:1038800053EC102B384890ED000B51EC100B04F06A
:103890001FFE41EC1A0B334890ED000B53EC102B3C
:1038A00051EC1A0B04F014FE264AC2E902011FED86
:1038B000F30B53EC102B2D4890ED000B51EC100B3B
:1038C00005F072F841EC1A0B264890ED000B53EC12
:1038D000102B51EC1A0B05F067F81A4AC2E90401E3
:1038E0009FED230B53EC102B234890ED000B51EC74
:1038F000100B04F0EDFD41EC1A0B1A4890ED000B93
:1039000053EC102B51EC1A0B05F04EF80D4AC2E99E
:10391000060118EE100A05F031F941EC1A0B1148B6
:103920002CE057E0000100200000000000000040F3
:10393000E0000020B80000201001002000000080FE
:103940003D0AE73F480A0020C0000020C8000020D0
:10395000D00000200000000000001040E80000201F
:1039600098000020F8000020A0000020A8000020FF
:10397000000000403333E33FB000002090ED000B27
:1039800053EC102B51EC1A0B04F0A2FDF44A03C2C5
:103990009FEDF40B53EC102BF14890ED000B51EC24
:1039A000100B04F0BFFF04D89FEDEE0BEC4880ED48
:1039B000000B9FEDEC0B53EC102BE94890ED000B46
:1039C00051EC100B04F0AEFF04D89FEDE80BE94872
:1039D00080ED000B9FEDE50B53EC102BE54890EDCF
:1039E000000B51EC100B04F027FE7DD11FED200BD6
:1039F00053EC102BE04890ED000B51EC100B04F051
:103A0000D3FF41EC1B0B9FEDD70B53EC102B04F0B5
:103A10005FFD41EC1A0BD94890ED000B53EC102BD5
:103A200051EC1A0B04F054FDD54A03C21FED300BC4
:103A300053EC102BD14890ED000B51EC100B04F01F
:103A400073FE41EC1A0B1FED360B53EC102BCD48D7
:103A500090ED000B51EC100B04F03AFD41EC1C0B07
:103A60009FEDC00B53EC102B04F032FD41EC1B0B0F
:103A700053EC1A2B04F098FFC14AC2E902011FED72
:103A8000440B53EC102BBD4890ED000B51EC100B88
:103A900004F04AFE41EC1A0B1FED4B0B53EC102BBC
:103AA000B94890ED000B51EC100B04F07DFF41EC98
:103AB0001C0B9FEDAC0B53EC102B04F075FF41EC8D
:103AC0001B0B53EC1A2B04F003FDAD4AC2E90401B1
:103AD0001FED590B53EC102BAC4890ED000B51EC43
:103AE000100B04F0F5FC00E048E041EC1B0B9FEDEF
:103AF0009D0B53EC102B04F057FF41EC1A0B9F4821
:103B000090ED000B53EC102B51EC1A0B04F04CFF12
:103B10009B4AC2E9060118EE100A05F02FF841ECA5
:103B20001A0B964890ED000B53EC102B51EC1A0B2E
:103B300004F0CEFC914A03C29FED950B53EC102B81
:103B40008E4890ED000B51EC100B04F0EBFE04D806
:103B50009FED8F0B894880ED000B9FED8D0B53EC93
:103B6000102B864890ED000B51EC100B04F0DAFEA0
:103B700004D81FED930B7F4880ED000B1FED960BD3
:103B800053EC102B7B4890ED000B51EC100B04F024
:103B900053FD7AD11FED8A0B53EC102B764890ED34
:103BA000000B51EC100B04F0FFFE41EC1C0B9FEDE1
:103BB0006D0B53EC102B04F08BFC41EC1B0B764887
:103BC00090ED000B53EC102B51EC1B0B04F0ECFEB2
:103BD00041EC1A0B9FED6E0B53EC102B04F078FCAC
:103BE000674A03C21FED9E0B53EC102B654890ED06
:103BF000000B51EC100B04F06BFC41EC1C0B9FED27
:103C0000590B53EC102B04F063FC41EC1B0B624886
:103C100090ED000B53EC102B51EC1B0B04F0C4FE89
:103C200041EC1A0B1FEDBB0B53EC102B04F0BCFE48
:103C3000534AC2E902011FEDB20B53EC102B52485C
:103C400090ED000B51EC100B04F0AEFE41EC1C0BA0
:103C50009FED440B53EC102B04F0A6FE41EC1B0B24
:103C60004D4890ED000B53EC102B51EC1B0B04F066
:103C70002FFC41EC1A0B1FEDCF0B53EC102B04F073
:103C800027FC3F4AC2E9040100E05BE01FEDC80BDE
:103C900053EC102B3D4890ED000B51EC100B04F051
:103CA00017FC41EC1C0B9FED2F0B53EC102B04F079
:103CB0007BFE41EC1B0B384890ED000B53EC102BB6
:103CC00051EC1B0B04F004FC41EC1A0B9FED300B84
:103CD00053EC102B04F068FE294AC2E9060118EEE5
:103CE000100A04F04BFF41EC1A0B2B4890ED000B2F
:103CF00053EC102B51EC1A0B04F0EAFB264A03C2DA
:103D00009FED180B53EC102B234890ED000B51EC5A
:103D1000100B04F007FE04D89FED120B1E4880ED37
:103D2000000B9FED100B53EC102B1B4890ED000B7C
:103D300051EC100B04F0F6FD04D81FEDFA0B0D4802
:103D400080ED000B38EEC90AF0EE408AF5EEC08A2D
:103D5000F1EE10FA3FF7FCACBDEC0A8B10BD000091
:103D6000F80000200000004033330B40000000004A
:103D70000000F03FE800002098000020080100202B
:103D8000480A0020A0000020A8000020B000002069
:103D9000000000403333F33F1801002010B52DED33
:103DA000048B9FED5A0AB0EE408A9EE018EE100A8E
:103DB00004F0E4FE41EC190B554890ED000B53EC78
:103DC000102B51EC190B04F083FB524A03C29FEDF8
:103DD000520A28EE000A10EE101A084604F0CEFE31
:103DE00041EC190B4D4890ED000B53EC102B51ECAE
:103DF000190B04F0CDFD474AC2E902019FED460AC6
:103E000028EE000A10EE101A084604F0B7FE41EC46
:103E1000190B434890ED000B53EC102B51EC190B90
:103E200004F056FB3B4AC2E9040118EE100A04F004
:103E3000A5FE41EC190B3B4890ED000B53EC102B09
:103E400051EC190B04F0A4FD324AC2E9060118EE48
:103E5000100A04F093FE41EC190B334890ED000B6F
:103E600053EC102B51EC190B04F092FD294AC2E9D6
:103E7000080118EE100A04F081FE41EC190B2B48E2
:103E800090ED000B53EC102B51EC190B04F020FBC0
:103E9000204AC2E90A0118EE100A04F06FFE41EC54
:103EA000190B234890ED000B53EC102B51EC190B20
:103EB00004F06EFD174AC2E90C0118EE100A04F076
:103EC0005DFE41EC190B1B4890ED000B53EC102BE1
:103ED00051EC190B04F0FCFA0E4AC2E90E019FEDF9
:103EE000160A38EE000AB0EE408A9FED140AB4EECE
:103EF000C08AF1EE10FA7FF659AF9FED110B124810
:103F000080ED000BBDEC048B10BD00000000000034
:103F100098000020480A0020CDCC4C3EA000002094
:103F2000A8000020B0000020B8000020C000002041
:103F3000C8000020D000002017B751389A99193FC7
:103F4000000000000000E03FD800002010B52DED7B
:103F5000068B9FED770AB0EE408ADEE018EE100A7D
:103F600004F00CFE41EC190B9FED720B53EC102B7F
:103F7000724890ED000B51EC100B04F0A9FA41ECE3
:103F80001A0B53EC192B04F00FFD6D4A03C29FED81
:103F90006D0A28EE000A10EE101A084604F0EEFD35
:103FA00041EC190B9FED680B53EC102B684890ED1A
:103FB000000B51EC100B04F0F7FC41EC1A0B53EC26
:103FC000192B04F085FA5E4AC2E902019FED5D0AF1
:103FD00028EE000A10EE101A084604F0CFFD41EC5E
:103FE000190B9FED590B53EC102B5A4890ED000B19
:103FF00051EC100B04F06CFA41EC1A0B53EC192B3A
:1040000004F0D2FC4E4AC2E9040118EE100A04F092
:10401000B5FD41EC190B9FED470B53EC102B4E48AF
:1040200090ED000B51EC100B04F0BEFC41EC1A0BB0
:1040300053EC192B04F04CFA414AC2E9060118EE80
:10404000100A04F09BFD41EC190B9FED3A0B53EC69
:10405000102B424890ED000B51EC100B04F0A4FC27
:1040600041EC1A0B53EC192B04F032FA344AC2E932
:10407000080118EE100A04F081FD41EC190B9FEDC8
:104080002D0B53EC102B364890ED000B51EC100B20
:1040900004F01EFA41EC1A0B53EC192B04F084FCCB
:1040A000274AC2E90A0118EE100A04F067FD41EC44
:1040B000190B9FED200B53EC102B2A4890ED000BB1
:1040C00051EC100B04F070FC41EC1A0B53EC192B63
:1040D00004F0FEF91A4AC2E90C0118EE100A04F0C5
:1040E0004DFD41EC190B9FED130B53EC102B1E48AB
:1040F00090ED000B51EC100B04F0EAF941EC1A0BB7
:1041000053EC192B04F050FC0D4AC2E90E019FED4F
:10411000170A38EE000AB0EE408A9FED150AB4EE99
:10412000C08AF1EE10FA7FF619AFBDEC068B10BD18
:1041300000000000000000403333E33F98000020FF
:10414000480A0020CDCC4C3E0000000052B8BE3FD3
:10415000A0000020A8000020B0000020B80000202F
:10416000C0000020C8000020D000002017B7513840
:104170009A99193F10B52DED0A8BB0EE408AB0EE3A
:10418000609A9FEDFD0BFE4880ED000B9FEDFA0B52
:10419000FC4880ED000B9FEDF80BFB4880ED000B19
:1041A0009FEDF50BF94880ED000B9FEDF30BF84800
:1041B00080ED000B9FEDF00BF64880ED000B9FEDBE
:1041C000EE0BF54880ED000B9FEDEB0BF34880ED17
:1041D000000B9FEDF30AF0EE408A12E318EE900A0E
:1041E00004F0CCFC41EC1A0B9FEDEE0B53EC102BC2
:1041F000EE4890ED000B51EC100B04F0D5FB41ECB8
:104200001B0B53EC1A2B04F063F9E94A03C29FED30
:10421000E90A28EE800A10EE101A084604F0AEFCF7
:1042200041EC1A0B9FEDDF0B53EC102BE24890EDA5
:10423000000B51EC100B04F04BF941EC1B0B53EC51
:104240001A2B04F0B1FBDA4AC2E902019FEDD90A48
:1042500028EE800A10EE101A084604F08FFC41EC9C
:104260001A0B9FEDD00B53EC102BD44890ED000BA4
:1042700051EC100B04F098FB41EC1B0B53EC1A2B88
:1042800004F026F9CA4AC2E9040118EE900A04F0C3
:1042900075FC41EC1A0B9FEDC30B53EC102BC84877
:1042A00090ED000B51EC100B04F012F941EC1B0BDC
:1042B00053EC1A2B04F078FBBD4AC2E906019FEDCE
:1042C000AE0B53EC102BAE4890ED000B51EC100BE5
:1042D00004F0B2F97ED19FEDB30B53EC102BB9482B
:1042E00090ED000B51EC100B04F05EFB41EC1A0B4F
:1042F000A54890ED000B53EC102B51EC1A0B04F079
:1043000053FBAB4AC2E908019FEDA60B53EC102BFF
:10431000AD4890ED000B51EC100B04F0D9F841ECD6
:104320001A0B994890ED000B53EC102B51EC1A0B23
:1043300004F03AFB9E4AC2E90A019FED9A0B53EC46
:10434000102BA24890ED000B51EC100B04F02CFB4D
:1043500041EC1A0B8C4890ED000B53EC102B51ECF8
:104360001A0B04F0B5F8924AC2E90C019FED8D0BCF
:1043700053EC102B964890ED000B51EC100B04F011
:10438000A7F841EC1A0B804890ED000B53EC102B72
:1043900051EC1A0B04F09CF8854AC2E90E0118EEA4
:1043A000100A04F0EBFB41EC1A0B774890ED000B80
:1043B00053EC102B51EC1A0B04F08AF8724A03C22A
:1043C0009FED840B53EC102B6F4890ED000B51ECDC
:1043D000100B00E018E004F0A5FA04D89FED7D0B67
:1043E000694880ED000B9FED7B0B53EC102B66486A
:1043F00090ED000B51EC100B04F094FA04D89FEDF3
:10440000770B5F4880ED000B9FED740B53EC102B86
:104410005B4890ED000B51EC100B04F00DF97DD1D1
:104420009FED700B53EC102B594890ED000B51ECA5
:10443000100B04F079F941EC1A0B9FED5A0B53EC79
:10444000102B604890ED000B51EC100B04F0ACFA0F
:1044500041EC1C0B9FED5F0B53EC102B04F0A4FA06
:1044600041EC1B0B53EC1A2B04F032F8504AC2E912
:1044700008019FED4C0B53EC102B534890ED000BB3
:1044800051EC100B04F024F841EC1B0B9FED510B89
:1044900053EC102B04F088FA41EC1A0B3C4890EDD9
:1044A000000B53EC102B51EC1A0B04F07DFA404A30
:1044B000C2E90A019FED3B0B53EC102B434890EDF2
:1044C000000B51EC100B04F06FFA41EC1B0B9FED4D
:1044D000410B53EC102B03F0FBFF41EC1A0B2C4863
:1044E00090ED000B53EC102B51EC1A0B03F0F0FF86
:1044F0002F4AC2E90C019FED3B0B53EC102B2448D3
:1045000090ED000B51EC100B04F00EF941EC1A0B7E
:104510009FED240B53EC102B2D4800E088E090ED2C
:10452000000B51EC100B03F0D3FF41EC1C0B9FED83
:10453000290B53EC102B03F0CBFF41EC1B0B53EC7E
:104540001A2B04F031FA1A4AC2E90E0118EE100AC9
:1045500004F014FB41EC1A0B0D4890ED000B53ECEA
:10456000102B51EC1A0B03F0B3FF094A03C29FED65
:104570001F0B53EC102B3DE000000000000000007A
:10458000E0000020E8000020F0000020F8000020FB
:104590000001002008010020100100201801002067
:1045A000CDCC8C40000000A09999014098000020DB
:1045B000480A00209A99193FA0000020A800002076
:1045C000B0000020B8000020C0000020C80000207B
:1045D000D000002000000060666606400000000079
:1045E0000000F03F000000403333E33F000000A034
:1045F00099991140FD4890ED000B51EC100B04F01F
:1046000091F904D81FED070BF84880ED000B1FED62
:10461000090B53EC102BF54890ED000B51EC100BEF
:1046200004F080F904D89FEDF20BF34880ED000B05
:104630009FEDEF0B53EC102BEF4890ED000B51EC7E
:10464000100B03F0F9FF7DD11FED2A0B53EC102B5B
:10465000EA4890ED000B51EC100B04F0A5F941EC89
:104660001C0B1FED240B53EC102B04F09DF941ECB7
:104670001B0BE34890ED000B53EC102B51EC1B0B84
:1046800003F026FF41EC1A0B9FEDDE0B53EC102BD1
:1046900003F01EFFDD4AC2E908011FED3E0B53EC9B
:1046A000102BDB4890ED000B51EC100B03F010FFCA
:1046B00041EC1C0B1FED390B53EC102B04F074F97B
:1046C00041EC1B0BCE4890ED000B53EC102B51EC42
:1046D0001B0B03F0FDFE41EC1A0B1FED3C0B53ECE2
:1046E000102B04F061F9C94AC2E90A011FED530B0E
:1046F00053EC102BC74890ED000B51EC100B04F05D
:1047000053F941EC1C0B1FED4D0B53EC102B03F038
:10471000DFFE41EC1B0BBA4890ED000B53EC102B65
:1047200051EC1B0B04F040F941EC1A0B1FED510B3F
:1047300053EC102B03F0CCFEB44AC2E90C011FED80
:10474000670B00E059E053EC102BB34890ED000BE1
:1047500051EC100B03F0BCFE41EC1C0B1FED630B86
:1047600053EC102B03F0B4FE41EC1B0BA44890ED6E
:10477000000B53EC102B51EC1B0B04F015F941EC22
:104780001A0B9FEDA00B53EC102B04F00DF99F4A70
:10479000C2E90E0118EE100A04F0F0F941EC1A0B10
:1047A000974890ED000B53EC102B51EC1A0B03F0D3
:1047B0008FFE934A03C21FED790B53EC102B9048E8
:1047C00090ED000B51EC100B04F0ACF804D81FED89
:1047D0007F0B8B4880ED000B1FED820B53EC102BF1
:1047E000874890ED000B51EC100B04F09BF804D8B7
:1047F0009FED8A0B804880ED000B38EEC90AF0EE81
:10480000408AF5EEC08AF1EE10FA3FF7E7AC1FEDF3
:104810009C0AF0EE408AFDE21FED9A0A28EE800A1B
:1048200010EE101A084604F0A9F941EC1A0B1FED1E
:10483000A30B53EC102B714890ED000B51EC100BB7
:1048400004F0B2F841EC1B0B53EC1A2B03F040FEC2
:104850006E4AC2E9080118EE900A04F08FF941ECA3
:104860001A0B1FEDB00B53EC102B694890ED000BA9
:1048700051EC100B03F02CFE41EC1B0B53EC1A2BEC
:1048800004F092F8614AC2E90A0118EE900A04F0B5
:1048900075F941EC1A0B1FEDBD0B53EC102B5D4865
:1048A00090ED000B51EC100B04F07EF841EC1B0B6B
:1048B00053EC1A2B03F00CFE544AC2E90C011FED15
:1048C000C30A28EE800A10EE101A084604F056F9C2
:1048D00041EC1A0B1FEDCD0B53EC102B4E4890ED15
:1048E000000B51EC100B03F0F3FD41EC1B0B53ECF0
:1048F0001A2B04F059F8454AC2E90E011FEDE20BEC
:1049000053EC102B474890ED000B51EC100B03F0CB
:1049100093FE6AD11FEDDD0B53EC102B424890ED56
:10492000000B51EC100B04F03FF841EC1A0B3F4820
:1049300090ED000B53EC102B51EC1A0B03F0C8FD5B
:10494000324A03C21FEDE90B53EC102B384890EDAF
:10495000000B51EC100B03F0BBFD41EC1A0B33487C
:1049600090ED000B53EC102B51EC1A0B03F0B0FD43
:10497000264AC2E902011FEDF50B53EC102B2D481E
:1049800090ED000B51EC100B04F00EF841EC1A0BFB
:10499000264890ED000B53EC102B51EC1A0B04F051
:1049A00003F81A4AC2E904019FED230B53EC102BC4
:1049B000234890ED000B51EC100B03F089FD41EC06
:1049C0001A0B1A4890ED000B53EC102B51EC1A0BFC
:1049D00003F0EAFF0D4AC2E9060118EE100A04F0DE
:1049E000CDF841EC1A0B11482CE057E000010020F3
:1049F0000000000000000040E0000020B80000209F
:104A00001001002000000060B81E0540480A002088
:104A1000C0000020C8000020D000002000000000DE
:104A200000001040E800002098000020F80000205E
:104A3000A0000020A8000020000000A099990140DB
:104A4000B000002090ED000B53EC102B51EC1A0B32
:104A500003F03EFDF44A03C29FEDF40B53EC102B20
:104A6000F14890ED000B51EC100B03F05BFF04D804
:104A70009FEDEE0BEC4880ED000B9FEDEC0B53EC43
:104A8000102BE94890ED000B51EC100B03F04AFF9E
:104A900004D89FEDE80BE94880ED000B9FEDE50B96
:104AA00053EC102BE54890ED000B51EC100B03F08C
:104AB000C3FD7DD11FED200B53EC102BE04890ED92
:104AC000000B51EC100B03F06FFF41EC1B0B9FED43
:104AD000D70B53EC102B03F0FBFC41EC1A0BD9481D
:104AE00090ED000B53EC102B51EC1A0B03F0F0FC83
:104AF000D54A03C29FEDD50B53EC102BD14890ED56
:104B0000000B51EC100B03F00FFE41EC1A0B1FEDE4
:104B1000360B53EC102BCF4890ED000B51EC100BE3
:104B200003F0D6FC41EC1C0B9FEDC00B53EC102B9B
:104B300003F0CEFC41EC1B0B53EC1A2B03F034FFBB
:104B4000C14AC2E902019FEDC10B53EC102BBD48D5
:104B500090ED000B51EC100B03F0E6FD41EC1A0B4D
:104B60001FED4B0B53EC102BBB4890ED000B51ECA1
:104B7000100B03F019FF41EC1C0B9FEDAC0B53EC39
:104B8000102B03F011FF41EC1B0B53EC1A2B03F01D
:104B90009FFCAD4AC2E904011FED590B53EC102BE9
:104BA000AE4890ED000B51EC100B03F091FC00E0CF
:104BB00048E041EC1B0B9FED9D0B53EC102B03F0D9
:104BC000F3FE41EC1A0B9F4890ED000B53EC102BB9
:104BD00051EC1A0B03F0E8FE9B4AC2E9060118EEFD
:104BE000100A03F0CBFF41EC1A0B964890ED000B36
:104BF00053EC102B51EC1A0B03F06AFC914A03C2E0
:104C00009FED970B53EC102B8E4890ED000B51EC61
:104C1000100B03F087FE04D89FED910B894880EDBF
:104C2000000B9FED8F0B53EC102B864890ED000B83
:104C300051EC100B03F076FE04D81FED930B7F4868
:104C400080ED000B1FED960B53EC102B7B4890ED85
:104C5000000B51EC100B03F0EFFC7AD11FED8A0B27
:104C600053EC102B764890ED000B51EC100B03F039
:104C70009BFE41EC1C0B9FED6D0B53EC102B03F0D6
:104C800027FC41EC1B0B784890ED000B53EC102BEC
:104C900051EC1B0B03F088FE41EC1A0B9FED700BDF
:104CA00053EC102B03F014FC674A03C21FED9E0B5C
:104CB00053EC102B674890ED000B51EC100B03F0F8
:104CC00007FC41EC1C0B9FED590B53EC102B03F030
:104CD000FFFB41EC1B0B644890ED000B53EC102BD9
:104CE00051EC1B0B03F060FE41EC1A0B1FEDBB0BEC
:104CF00053EC102B03F058FE534AC2E902011FED9A
:104D0000B20B53EC102B544890ED000B51EC100BF0
:104D100003F04AFE41EC1C0B9FED440B53EC102BAF
:104D200003F042FE41EC1B0B4F4890ED000B53EC9F
:104D3000102B51EC1B0B03F0CBFB41EC1A0B1FEDBE
:104D4000CF0B53EC102B03F0C3FB3F4AC2E9040125
:104D500000E05BE01FEDC80B53EC102B3F4890EDDB
:104D6000000B51EC100B03F0B3FB41EC1C0B9FED5F
:104D70002F0B53EC102B03F017FE41EC1B0B3A48A2
:104D800090ED000B53EC102B51EC1B0B03F0A0FB30
:104D900041EC1A0B9FED320B53EC102B03F004FE89
:104DA000294AC2E9060118EE100A03F0E7FE41ECB9
:104DB0001A0B2D4890ED000B53EC102B51EC1A0BF5
:104DC00003F086FB284A03C29FED180B53EC102B0F
:104DD000254890ED000B51EC100B03F0A3FD04D817
:104DE0009FED120B204880ED000B9FED100B53EC54
:104DF000102B1D4890ED000B51EC100B03F092FDB1
:104E000004D81FEDFA0B0D4880ED000B38EEC90AEF
:104E1000F0EE408AF5EEC08AF1EE10FA3FF7FCACF6
:104E2000BDEC0A8B10BD0000F800002000000060FF
:104E300066660640000000000000F03FE800002029
:104E40009800002008010020480A002000000040CF
:104E50003333E33FA0000020A8000020B000002072
:104E6000000000A0999911401801002010B52DED07
:104E7000048B9FED5A0AB0EE408A9EE018EE100AAD
:104E800003F07CFE41EC190B554890ED000B53EC00
:104E9000102B51EC190B03F01BFB524A03C29FED80
:104EA000520A28EE000A10EE101A084603F066FEB9
:104EB00041EC190B4D4890ED000B53EC102B51ECCD
:104EC000190B03F065FD474AC2E902019FED460A4E
:104ED00028EE000A10EE101A084603F04FFE41ECCF
:104EE000190B434890ED000B53EC102B51EC190BB0
:104EF00003F0EEFA3B4AC2E9040118EE100A03F08F
:104F00003DFE41EC190B3B4890ED000B53EC102B90
:104F100051EC190B03F03CFD324AC2E9060118EED0
:104F2000100A03F02BFE41EC190B334890ED000BF7
:104F300053EC102B51EC190B03F02AFD294AC2E95E
:104F4000080118EE100A03F019FE41EC190B2B486A
:104F500090ED000B53EC102B51EC190B03F0B8FA49
:104F6000204AC2E90A0118EE100A03F007FE41ECDC
:104F7000190B234890ED000B53EC102B51EC190B3F
:104F800003F006FD174AC2E90C0118EE100A03F0FF
:104F9000F5FD41EC190B1B4890ED000B53EC102B69
:104FA00051EC190B03F094FA0E4AC2E90E019FED81
:104FB000160A38EE000AB0EE408A9FED140AB4EEED
:104FC000C08AF1EE10FA7FF659AF9FED110B12482F
:104FD00080ED000BBDEC048B10BD00000000000054
:104FE00098000020480A0020CDCC4C3EA0000020B4
:104FF000A8000020B0000020B8000020C000002061
:10500000C8000020D000002082A87B38CDCC0C4006
:10501000000000000000E03FD800002010B52DED9A
:10502000068B9FED770AB0EE408ADEE018EE100A9C
:1050300003F0A4FD41EC190B9FED720B53EC102B08
:10504000724890ED000B51EC100B03F041FA41EC6B
:105050001A0B53EC192B03F0A7FC6D4A03C29FED0A
:105060006D0A28EE000A10EE101A084603F086FDBD
:1050700041EC190B9FED680B53EC102B684890ED39
:10508000000B51EC100B03F08FFC41EC1A0B53ECAE
:10509000192B03F01DFA5E4AC2E902019FED5D0A79
:1050A00028EE000A10EE101A084603F067FD41ECE6
:1050B000190B9FED590B53EC102B5A4890ED000B38
:1050C00051EC100B03F004FA41EC1A0B53EC192BC2
:1050D00003F06AFC4E4AC2E9040118EE100A03F01C
:1050E0004DFD41EC190B9FED470B53EC102B4E4837
:1050F00090ED000B51EC100B03F056FC41EC1A0B39
:1051000053EC192B03F0E4F9414AC2E9060118EE09
:10511000100A03F033FD41EC190B9FED3A0B53ECF1
:10512000102B424890ED000B51EC100B03F03CFCAF
:1051300041EC1A0B53EC192B03F0CAF9344AC2E9BB
:10514000080118EE100A03F019FD41EC190B9FED50
:105150002D0B53EC102B364890ED000B51EC100B3F
:1051600003F0B6F941EC1A0B53EC192B03F01CFCBD
:10517000274AC2E90A0118EE100A03F0FFFC41ECCD
:10518000190B9FED200B53EC102B2A4890ED000BD0
:1051900051EC100B03F008FC41EC1A0B53EC192BEB
:1051A00003F096F91A4AC2E90C0118EE100A03F04E
:1051B000E5FC41EC190B9FED130B53EC102B1E4833
:1051C00090ED000B51EC100B03F082F941EC1A0B3F
:1051D00053EC192B03F0E8FB0D4AC2E90E019FEDD9
:1051E000170A38EE000AB0EE408A9FED150AB4EEB9
:1051F000C08AF1EE10FA7FF619AFBDEC068B10BD38
:1052000000000000000000A09999014098000020D3
:10521000480A0020CDCC4C3E000000E0F528DC3FE1
:10522000A0000020A8000020B0000020B80000204E
:10523000C0000020C8000020D000002082A8FB3859
:10524000CDCC0C4010B52DED0A8BB0EE408AB0EEFF
:10525000609A9FEDFD0BFE4880ED000B9FEDFA0B71
:10526000FC4880ED000B9FEDF80BFB4880ED000B38
:105270009FEDF50BF94880ED000B9FEDF30BF8481F
:1052800080ED000B9FEDF00BF64880ED000B9FEDDD
:10529000EE0BF54880ED000B9FEDEB0BF34880ED36
:1052A000000B9FEDF30AF0EE408AC9E19FEDF10A91
:1052B00028EE800A10EE101A084603F05FFC41EC5D
:1052C0001A0B9FEDED0B53EC102BED4890ED000BFE
:1052D00051EC100B03F068FB41EC1B0B53EC1A2B49
:1052E00003F0F6F8E74AC2E9040118EE900A03F069
:1052F00045FC41EC1B0B9FEDE00B53EC102BE248FF
:1053000090ED000B51EC100B03F0E2F841EC1A0B9E
:1053100053EC1B2B03F048FBDA4AC2E906019FED70
:10532000CA0B53EC102BCA4890ED000B51EC100B3C
:1053300003F082F964D19FEDD00B53EC102BD348CE
:1053400090ED000B51EC100B03F02EFB41EC1A0B0F
:10535000C14890ED000B53EC102B51EC1A0B03F0ED
:10536000B7F8C84AC2E90C019FEDC30B53EC102BF0
:10537000C74890ED000B51EC100B03F0A9F841EC7D
:105380001A0BB54890ED000B53EC102B51EC1A0B97
:1053900003F09EF8BB4AC2E90E0118EE100A03F0B2
:1053A000EDFB41EC1A0BAC4890ED000B53EC102BCD
:1053B00051EC1A0B03F08CF8A74A03C29FEDB50B12
:1053C00053EC102BA44890ED000B51EC100B03F0A4
:1053D000A9FA04D89FEDAF0B9F4880ED000B9FED1D
:1053E000AD0B53EC102B9C4890ED000B51EC100BC7
:1053F00003F098FA04D89FEDA90B954880ED000BB7
:105400009FEDA60B53EC102B914890ED000B51EC47
:10541000100B03F011F97CD19FED970B53EC102B7F
:105420009A4890ED000B51EC100B03F0BDFA41ECE3
:105430001B0B9FED980B53EC102B03F049F841EC3C
:105440001A0B874890ED000B53EC102B51EC1A0B04
:1054500003F03EF88B4AC2E90C019FED920B53EC2E
:10546000102B7F4890ED000B51EC100B03F05CF912
:1054700041EC1A0B9FED800B53EC102B844890ED00
:10548000000B51EC100B03F023F841EC1C0B9FEDCB
:10549000810B53EC102B03F01BF841EC1B0B53EC6E
:1054A0001A2B03F081FA774AC2E90E0118EE100AAE
:1054B00003F064FB41EC1A0B694890ED000B53ECD0
:1054C000102B51EC1A0B03F003F8654A03C29FED51
:1054D000770B53EC102B624890ED000B51EC100B46
:1054E00003F020FA04D89FED710B5D4880ED000BAE
:1054F0009FED6E0B53EC102B594890ED000B51ECC7
:10550000100B03F00FFA04D89FED6A0B504880EDA2
:10551000000B9FED680B53EC102B4D4890ED000BEA
:1055200051EC100B03F088F87DD19FED530B53EC39
:10553000102B564890ED000B51EC100B03F034FA91
:1055400041EC1C0B9FED530B53EC102B02F0C0FFF2
:1055500041EC1B0B444890ED000B53EC102B51EC2D
:105560001B0B03F021FA41EC1A0B9FED500B53EC8F
:10557000102B02F0ADFF434AC2E90C019FED3E0B38
:1055800053EC102B424890ED000B51EC100B02F045
:105590009FFF41EC1C0B9FED3F0B53EC102B02F0D7
:1055A00097FF41EC1B0B304890ED000B53EC102B98
:1055B00051EC1B0B03F0F8F941EC1A0B9FED3F0B7C
:1055C00053EC102B03F0F0F92E4AC2E90E0118EE4D
:1055D000100A03F0D3FA41EC1A0B234890ED000BAC
:1055E00053EC102B51EC1A0B02F072FF1E4A03C24F
:1055F0009FED280B53EC102B1B4890ED000B51EC4A
:10560000100B03F08FF904D89FED220B164880EDA4
:10561000000B9FED200B53EC102B134890ED000B6B
:1056200051EC100B00E007E003F07CF904D89FED8B
:10563000250B074880ED000B38EEC90AF0EE408AD2
:10564000F5EEC08A42E0000000000000000000000B
:10565000E0000020E8000020F0000020F80000201A
:105660000001002008010020100100201801002086
:105670009A9919409A99193F000000403333F33F3B
:10568000A8000020480A0020B0000020C800002028
:10569000D00000200000004033330B400000000029
:1056A0000000F03F000000403333E33F00000040C3
:1056B0003333034000000000000000400000008081
:1056C0003D0AF73F0000000000001040F1EE10FA24
:1056D0003FF7ECAD1FED1A0AF0EE408AC9E118EE73
:1056E000900A03F04BFA41EC1A0B1FED1D0B53EC23
:1056F000102BE44890ED000B51EC100B03F054F923
:1057000041EC1B0B53EC1A2B02F0E2FEDE4AC2E91D
:105710000C011FED280A28EE800A10EE101A084628
:1057200003F02CFA41EC1A0B1FED2D0B53EC102B50
:10573000D64890ED000B51EC100B02F0C9FE41EC85
:105740001B0B53EC1A2B03F02FF9CF4AC2E90E01C1
:105750001FED430B53EC102BCD4890ED000B51EC9B
:10576000100B02F069FF64D11FED3D0B53EC102BC1
:10577000C84890ED000B51EC100B03F015F941EC0B
:105780001A0BC54890ED000B53EC102B51EC1A0B83
:1057900003F00AF9BC4AC2E904011FED490B53ECBE
:1057A000102BBE4890ED000B51EC100B02F090FE58
:1057B00041EC1A0BB84890ED000B53EC102B51EC58
:1057C0001A0B03F0F1F8B04AC2E9060118EE100A0C
:1057D00003F0D4F941EC1A0BAF4890ED000B53ECF9
:1057E000102B51EC1A0B02F073FEAB4A03C21FEDF3
:1057F000570B53EC102BA84890ED000B51EC100BFD
:1058000003F090F804D81FED5D0BA34880ED000B6A
:105810001FED600B53EC102B9F4890ED000B51ECEB
:10582000100B03F07FF804D81FED640B984880ED4F
:10583000000B1FED660B53EC102B954890ED000B01
:1058400051EC100B02F0F8FE7CD11FED6A0B53EC0B
:10585000102B934890ED000B51EC100B02F064FFFD
:1058600041EC1A0B1FED7C0B53EC102B894890ED8B
:10587000000B51EC100B03F097F841EC1C0B1FEDE3
:105880007B0B53EC102B03F08FF841EC1B0B53EC0C
:105890001A2B02F01DFE7C4AC2E904011FED8A0B9F
:1058A00053EC102B7D4890ED000B51EC100B02F0E7
:1058B0000FFE41EC1B0B1FED890B53EC102B03F07B
:1058C00073F841EC1A0B764890ED000B53EC102B5B
:1058D00051EC1A0B03F068F86B4AC2E9060118EEA6
:1058E000100A03F04BF941EC1A0B6D4890ED000BD8
:1058F00053EC102B51EC1A0B02F0EAFD684A03C27C
:105900001FED960B53EC102B654890ED000B51ECFE
:10591000100B03F007F804D81FED9C0B604880EDD6
:10592000000B1FED9E0B53EC102B5D4890ED000B10
:1059300051EC100B02F0F6FF04D81FEDA20B5448F7
:1059400080ED000B1FEDA50B53EC102B504890ED94
:10595000000B51EC100B02F06FFE7DD11FEDBA0B66
:1059600053EC102B4B4890ED000B51EC100B03F057
:105970001BF841EC1C0B1FEDB90B53EC102B03F083
:1059800013F841EC1B0B474890ED000B53EC102B28
:1059900051EC1B0B02F09CFD41EC1A0B1FEDB90BF7
:1059A00053EC102B02F094FD374AC2E904011FEDBD
:1059B000CE0B53EC102B394890ED000B51EC100B33
:1059C00002F086FD41EC1C0B1FEDCE0B53EC102BAF
:1059D00002F0EAFF41EC1B0B324890ED000B53EC58
:1059E000102B51EC1B0B02F073FD41EC1A0B1FED59
:1059F000D10B53EC102B02F0D7FF234AC2E906016A
:105A000018EE100A03F0BAF841EC1A0B254890ED95
:105A1000000B53EC102B51EC1A0B02F059FD214AEC
:105A200003C21FEDE40B53EC102B1E4890ED000B4E
:105A300051EC100B02F076FF04D81FEDEA0B194869
:105A400080ED000B1FEDED0B53EC102B154890ED86
:105A5000000B51EC100B00E007E002F063FF04D8EC
:105A60001FEDE80B0A4880ED000B38EEC90AF0EE96
:105A7000408AF5EEC08AF1EE10FA3FF730AEBDEC89
:105A80000A8B10BDC8000020480A0020D00000206A
:105A9000E8000020A8000020F8000020B00000204E
:105AA000080100201801002010B52DED048B9FED9A
:105AB000330AB0EE408A52E09FED310A28EE000A28
:105AC00010EE101A084603F059F841EC190B2D4856
:105AD00090ED000B53EC102B51EC190B02F0F8FC7D
:105AE000294AC2E9040118EE100A03F047F841EC14
:105AF000190B264890ED000B53EC102B51EC190BB1
:105B000002F046FF204AC2E9060118EE100A03F02F
:105B100035F841EC190B1E4890ED000B53EC102B9F
:105B200051EC190B02F034FF174AC2E90C0118EED0
:105B3000100A03F023F841EC190B164890ED000B06
:105B400053EC102B51EC190B02F0C2FC0E4AC2E9C7
:105B50000E019FED110A38EE000AB0EE408A9FED6B
:105B60000F0AB4EEC08AF1EE10FAA5D99FED0C0B26
:105B70000D4880ED000BBDEC048B10BD0000000053
:105B8000CDCC4C3EA8000020480A0020B0000020E8
:105B9000C8000020D000002017B751389A99993FCB
:105BA000000000000000E03FD800002010B52DEDFF
:105BB000068B9FED410AB0EE408A72E09FED3F0AEE
:105BC00028EE000A10EE101A084602F0D7FF41EC4A
:105BD000190B9FED3B0B53EC102B3B4890ED000B4A
:105BE00051EC100B02F074FC41EC1A0B53EC192B26
:105BF00002F0DAFE354AC2E9040118EE100A02F09A
:105C0000BDFF41EC190B9FED320B53EC102B3248CA
:105C100090ED000B51EC100B02F0C6FE41EC1A0B9C
:105C200053EC192B02F054FC284AC2E9060118EE85
:105C3000100A02F0A3FF41EC190B9FED250B53EC6A
:105C4000102B264890ED000B51EC100B02F0ACFE2F
:105C500041EC1A0B53EC192B02F03AFC1B4AC2E937
:105C60000C0118EE100A02F089FF41EC190B9FEDB0
:105C7000180B53EC102B1A4890ED000B51EC100B45
:105C800002F026FC41EC1A0B53EC192B02F08CFEAF
:105C90000E4AC2E90E019FED130A38EE000AB0EE7B
:105CA000408A9FED110AB4EEC08AF1EE10FA85D950
:105CB000BDEC068B10BD000000000000CDCC4C3EBA
:105CC0000000000052B8CE3FA8000020480A002083
:105CD000000000403333F33FB0000020C800002034
:105CE000D000002017B751389A99993F10B5514804
:105CF000C088B0F5806F40D14E488088B0F5806F85
:105D00003BD14C480088B0F5806F36D14948408877
:105D1000B0F5806F31D14848007810B3464800781C
:105D2000082807D1F5F7E2FE0020434908704349EF
:105D3000087022E040480078052807D1F2F76EFE8F
:105D400000203D4908703D49087016E03A48007847
:105D5000062807D1FAF7ACFA00203749087037490E
:105D600008700AE034480078072806D1FEF7EEF8FC
:105D7000002031490870314908702E48408840F2AF
:105D80001451884211DB2D48007820B9F5F7D6FD73
:105D900001202A490870DFED2A0A9FED2A0AF4F74C
:105DA00059FF08202449087043E022484088B0F594
:105DB000167F11DC2148007820B9F2F757FD012049
:105DC0001E490870DFED1E0A9FED1E0AF1F7DAFE8C
:105DD0000520194908702CE016480088B0F5167F98
:105DE00011DC1648007820B9FAF78AF90120134926
:105DF0000870DFED130A9FED130AF9F70DFB06207B
:105E00000D49087015E00B480088B0F5966F10DB5F
:105E10000A48007820B9FDF7C1FF01200749087042
:105E2000DFED070A9FED070AFDF744F90720024955
:105E3000087010BD5002002008000020090000205A
:105E40002829303852499D3910B56148C088B0F5CD
:105E5000806F40D15E488088B0F5806F3BD15C4850
:105E60000088B0F5806F36D159484088B0F5806F12
:105E700031D15848007810B356480078082807D127
:105E8000F5F734FE0020534908705349087022E0AA
:105E900050480078052807D1F2F7C0FD00204D4991
:105EA00008704D49087016E04A480078062807D166
:105EB000FAF7FEF9002047490870474908700AE0E0
:105EC00044480078072806D1FEF740F800204149F1
:105ED0000870414908703E48408840F21451884299
:105EE00019DB3E48007820B900F0DCF901203B497D
:105EF00008703948007820B9F5F720FD01203649AF
:105F00000870DFED370A9FED370AF4F7A3FE08208B
:105F1000304908705BE02E484088B0F5167F19DCE8
:105F20002E48007820B900F0BDF901202B490870F7
:105F30002948007820B9F2F799FC01202649087019
:105F4000DFED270A9FED270AF1F71CFE0520214906
:105F500008703CE01E480088B0F5167F19DC1F4829
:105F6000007820B900F09EF901201C4908701A48F9
:105F7000007820B9FAF7C4F8012017490870DFED5E
:105F80001A0A9FED1A0AF9F747FA06201149087014
:105F90001DE00F480088B0F5966F18DB0F480078B9
:105FA00020B900F07FF901200C4908700A480078F8
:105FB00020B9FDF7F3FE012007490870DFED0A0A5A
:105FC0009FED0A0AFDF776F807200249087010BD18
:105FD0005002002008000020090000200A000020D4
:105FE0002829303852499D392829B03852491D3A5C
:105FF00010B52DED068B9FED990AB0EE408A1DE19C
:1060000018EE100A02F0BAFD41EC190B944890ED1D
:10601000001BB0EE410AF0EE610A9FED921B53ECBB
:10602000112B51EC100B02F0BFFC41EC1A0B53EC9E
:10603000192B02F04DFA8D4A03C218EE100A02F035
:106040009DFD41EC190B864890ED021BB0EE410A14
:10605000F0EE610A9FED831B53EC112B51EC100BFA
:1060600002F0A2FC41EC1A0B53EC192B02F030FAAF
:106070007F4A03C218EE100A02F080FD41EC190BB2
:10608000774890ED041BB0EE410AF0EE610A9FEDF7
:10609000751B53EC112B51EC100B02F019FA41EC6B
:1060A0001A0B53EC192B02F07FFC724A03C218EE54
:1060B000100A02F063FD41EC190B694890ED061BD4
:1060C000B0EE410AF0EE610A9FED661B53EC112B16
:1060D00051EC100B02F0FCF941EC1A0B53EC192BAC
:1060E00002F062FC644A03C218EE100A02F046FD98
:1060F00041EC190B5A4890ED081BB0EE410AF0EE46
:10610000610A9FED581B53EC112B51EC100B02F060
:10611000DFF941EC1A0B53EC192B02F045FC574AFE
:1061200003C218EE100A02F029FD41EC190B4C488D
:1061300090ED0A1BB0EE410AF0EE610A9FED491B9B
:1061400053EC112B51EC100B02F0C2F941EC1A0B7D
:1061500053EC192B02F028FC494A03C218EE100A2E
:1061600002F00CFD41EC190B3D4890ED0C1BB0EE1C
:10617000410AF0EE610A9FED3B1B53EC112B51ECF1
:10618000100B02F011FC41EC1A0B53EC192B02F02E
:106190009FF93C4A03C218EE100A02F0EFFC41ECF2
:1061A000190B2F4890ED0E1BB0EE410AF0EE610A7C
:1061B0009FED2C1B53EC112B51EC100B02F0F4FB58
:1061C00041EC1A0B53EC192B02F082F92E4A03C250
:1061D000264890ED000B2D4880ED000B244890EDF3
:1061E000000B2A4880ED020B224890ED000B274857
:1061F00080ED040B204890ED000B244880ED060B49
:106200001E4890ED000B214880ED080B1C4890EDD6
:10621000000B1E4880ED0A0B1A4890ED000B1B483E
:1062200080ED0C0B184890ED000B184880ED0E0B1C
:106230009FED170A38EE000AB0EE408A9FED150A6E
:10624000B4EEC08AF1EE10FA7FF6DAAE9FED120BD3
:10625000134880ED000BBDEC068B10BD0000000064
:10626000600100209A999999999909409800002015
:10627000A0000020A8000020B0000020B8000020EE
:10628000C0000020C8000020D0000020480A0020E4
:1062900082A8FB38CDCCCC40000000000000E03FDD
:1062A000D800002010B52DED028B804890ED001B2A
:1062B000B0EE410AF0EE610A9FED7D1B53EC112B0D
:1062C00051EC100B02F070FB41EC180B9FED7A0BB8
:1062D00053EC102B02F0FCF8794A03C2734890ED9E
:1062E000021BB0EE410AF0EE610A9FED711B53EC08
:1062F000112B51EC100B02F057FB41EC180B9FEDEA
:106300006E0B53EC102B02F0E3F86E4A03C26748A1
:1063100090ED041BB0EE410AF0EE610A9FED641BA4
:1063200053EC112B51EC100B02F0D2F841EC180B8E
:106330009FED610B53EC102B02F036FB624A03C257
:106340005A4890ED061BB0EE410AF0EE610A9FED4F
:10635000581B53EC112B51EC100B02F0B9F841EC27
:10636000180B9FED550B53EC102B02F01DFB574AF9
:1063700003C24E4890ED081BB0EE410AF0EE610AF0
:106380009FED4B1B53EC112B51EC100B02F0A0F8BE
:1063900041EC180B9FED480B53EC102B02F004FB63
:1063A0004B4A03C2414890ED0A1BB0EE410AF0EEA1
:1063B000610A9FED3F1B53EC112B51EC100B02F0C7
:1063C00087F841EC180B9FED3C0B53EC102B02F0BF
:1063D000EBFA404A03C2354890ED0C1BB0EE410A7F
:1063E000F0EE610A9FED321B53EC112B51EC100BB8
:1063F00002F0DAFA41EC180B9FED2F0B53EC102B47
:1064000002F066F8344A03C2284890ED0E1BB0EE45
:10641000410AF0EE610A9FED261B53EC112B51EC63
:10642000100B02F0C1FA41EC180B9FED230B53EC5B
:10643000102B02F04DF8294A03C2214890ED000BC1
:10644000274880ED000B1F4890ED000B244880ED9D
:10645000020B1D4890ED000B214880ED040B1B48FA
:1064600090ED000B1E4880ED060B194890ED000BD7
:106470001B4880ED080B174890ED000B184880ED85
:106480000A0B154890ED000B154880ED0C0B1348D6
:1064900090ED000B124880ED0E0B9FED120B134890
:1064A00080ED000BBDEC028B10BD000060010020F0
:1064B0009A999999999909409A999999999919400C
:1064C00098000020A0000020A8000020B0000020BC
:1064D000B8000020C0000020C8000020D00000202C
:1064E000480A0020000000000000E03FD800002023
:1064F00010B52DED068B9FED990AB0EE408A1DE197
:1065000018EE100A02F03AFB41EC190B944890ED9A
:10651000001BB0EE410AF0EE610A9FED921B53ECB6
:10652000112B51EC100B01F0D3FF41EC1A0B53EC83
:10653000192B02F039FA8D4A03C218EE100A02F044
:106540001DFB41EC190B864890ED021BB0EE410A91
:10655000F0EE610A9FED831B53EC112B51EC100BF5
:1065600001F0B6FF41EC1A0B53EC192B02F01CFAA8
:106570007F4A03C218EE100A02F000FB41EC190B2F
:10658000774890ED041BB0EE410AF0EE610A9FEDF2
:10659000751B53EC112B51EC100B02F005FA41EC7A
:1065A0001A0B53EC192B01F093FF724A03C218EE39
:1065B000100A02F0E3FA41EC190B694890ED061B52
:1065C000B0EE410AF0EE610A9FED661B53EC112B11
:1065D00051EC100B02F0E8F941EC1A0B53EC192BBB
:1065E00001F076FF644A03C218EE100A02F0C6FA00
:1065F00041EC190B5A4890ED081BB0EE410AF0EE41
:10660000610A9FED581B53EC112B51EC100B02F05B
:10661000CBF941EC1A0B53EC192B01F059FF574AF7
:1066200003C218EE100A02F0A9FA41EC190B4C480B
:1066300090ED0A1BB0EE410AF0EE610A9FED491B96
:1066400053EC112B51EC100B02F0AEF941EC1A0B8C
:1066500053EC192B01F03CFF494A03C218EE100A13
:1066600002F08CFA41EC190B3D4890ED0C1BB0EE9A
:10667000410AF0EE610A9FED3B1B53EC112B51ECEC
:10668000100B01F025FF41EC1A0B53EC192B02F013
:106690008BF93C4A03C218EE100A02F06FFA41EC83
:1066A000190B2F4890ED0E1BB0EE410AF0EE610A77
:1066B0009FED2C1B53EC112B51EC100B01F008FF3C
:1066C00041EC1A0B53EC192B02F06EF92E4A03C25F
:1066D000264890ED000B2D4880ED000B244890EDEE
:1066E000000B2A4880ED020B224890ED000B274852
:1066F00080ED040B204890ED000B244880ED060B44
:106700001E4890ED000B214880ED080B1C4890EDD1
:10671000000B1E4880ED0A0B1A4890ED000B1B4839
:1067200080ED0C0B184890ED000B184880ED0E0B17
:106730009FED170A38EE000AB0EE408A9FED150A69
:10674000B4EEC08AF1EE10FA7FF6DAAE9FED120BCE
:10675000134880ED000BBDEC068B10BD000000005F
:10676000600100209A999999999909409800002010
:10677000A0000020A8000020B0000020B8000020E9
:10678000C0000020C8000020D0000020480A0020DF
:1067900082A8FB38CDCCCC40000000000000E03FD8
:1067A000D800002010B5BF4890ED000BBE4880ED2A
:1067B000000BBC4890ED020BBC4880ED000BB948C3
:1067C00090ED040BBA4880ED000BB64890ED060B37
:1067D000B84880ED000BB34890ED080BB64880ED4B
:1067E000000BB04890ED0A0BB44880ED000BAD48AB
:1067F00090ED0C0BB24880ED000BAA4890ED0E0B0B
:10680000B04880ED000BA84890ED000BAE4880ED3D
:10681000000BA64890ED000BAB4880ED020BA4489E
:1068200090ED000BA84880ED040BA24890ED000B02
:10683000A54880ED060BA04890ED000BA24880ED26
:10684000080B9E4890ED000B9F4880ED0A0B9C487A
:1068500090ED000B9C4880ED0C0B9A4890ED000BDE
:10686000994880ED0E0B994890ED000B8E4880ED15
:10687000000B964890ED020B8C4880ED000B93487E
:1068800090ED040B8A4880ED000B904890ED060BCC
:10689000884880ED000B8D4890ED080B864880ED10
:1068A000000B8A4890ED0A0B844880ED000B874866
:1068B00090ED0C0B824880ED000B844890ED0E0BA0
:1068C000804880ED000B784890ED000B7E4880ED0D
:1068D000000B764890ED000B7B4880ED020B74486E
:1068E00090ED000B784880ED040B724890ED000BA2
:1068F000754880ED060B704890ED000B724880EDF6
:10690000080B6E4890ED000B6F4880ED0A0B6C4849
:1069100090ED000B6C4880ED0C0B6A4890ED000B7D
:10692000694880ED0E0B694890ED001BB0EE410AFE
:10693000F0EE610A9FED661B53EC112B51EC100B2E
:1069400002F032F8584A03C2604890ED021BB0EEE4
:10695000410AF0EE610A9FED5E1B53EC112B51ECE6
:10696000100B02F021F8514A03C2584890ED041B65
:10697000B0EE410AF0EE610A9FED551B53EC112B6E
:1069800051EC100B01F0A4FD494A03C24F4890EDB1
:10699000061BB0EE410AF0EE610A9FED4D1B53EC71
:1069A000112B51EC100B01F093FD424A03C24748F2
:1069B00090ED081BB0EE410AF0EE610A9FED441B1A
:1069C00053EC112B51EC100B01F082FD3A4A03C23B
:1069D0003E4890ED0A1BB0EE410AF0EE610A9FEDD1
:1069E0003C1B53EC112B51EC100B01F071FD334AA1
:1069F00003C2364890ED0C1BB0EE410AF0EE610A7E
:106A00009FED331B53EC112B51EC100B01F0CCFF1D
:106A10002B4A03C22D4890ED0E1BB0EE410AF0EE5A
:106A2000610A9FED2B1B53EC112B51EC100B01F065
:106A3000BBFF244A03C21C4890ED000B224880EDA6
:106A4000000B1A4890ED000B1F4880ED020B184810
:106A500090ED000B1C4880ED040B164890ED000BE8
:106A6000194880ED060B144890ED000B164880ED98
:106A7000080B124890ED000B134880ED0A0B1048EC
:106A800090ED000B104880ED0C0B0E4890ED000BC4
:106A90000D4880ED0E0B9FED100B114880ED000BA3
:106AA00010BD00002001002098000020A000002060
:106AB000A8000020B0000020B8000020C000002086
:106AC000C8000020D0000020480A002060010020FB
:106AD0009A99999999990940000000000000E03FB7
:106AE000D800002000B599B02022144911A8E9F778
:106AF00040FD11A8B1EE0A0AF7F7F2F94FF416704B
:106B0000EDF7A2F920220D49203109A8E9F731FD5E
:106B100009A8B1EE0A0AF7F7E3F94FF41670EDF79A
:106B200093F920220549403101A8E9F722FD01A887
:106B3000B1EE0A0AF7F7D4F919B000BD908E01083A
:106B40002DED028B88B0EDF7A5FAEFF7B9FCEFF762
:106B500091F8EFF753F8EFF7F7F8EFF741F9EFF7A0
:106B600009F8EFF717F9EFF727F8EFF759F9EFF70B
:106B700073F9F0F7BBFD002408E004EB8401FE4A42
:106B800002EB0110EBF7F8FA601CC4B2082CF4DB3E
:106B90001222FA49FA48EEF765FF4FF47A70EDF7E2
:106BA00053F9F848EDF7B6FFF748EDF7B3FF01F0FA
:106BB000C7F9EFF719FAFFF7F5FDEBF7FBFBEBF77A
:106BC000CFFBFBE3EDF754FAF0490968401AB0F542
:106BD000967F34D3EDF74CFAEC490860EFF75CF997
:106BE000EB480078EBA30622002100900846EFF75F
:106BF00048FAEA4890ED040A10EE101A084601F02F
:106C0000BDFF41EC180B8DED008BE5A3062208219A
:106C10000020EFF736FAE14890ED0F0A10EE101A57
:106C2000084601F0ABFF41EC180B8DED008BDEA3A5
:106C3000062210210020EFF724FAEFF7D7FBDC48FB
:106C4000408940F21451884201DBF0F78BFDD848AF
:106C5000007A012804D0022873D0032872D103E3FC
:106C6000D348407A012804D002286CD003286BD185
:106C7000B9E0D0480078002867D19FEDCF0AC74817
:106C800080ED000A9FEDCC0A80ED010A9FEDCA0A53
:106C900080ED020A9FEDC80A80ED030A9FEDC70A46
:106CA00080ED080A9FEDC50A80ED090A9FEDC30A31
:106CB00080ED0A0A9FEDC10A80ED0B0ABC4AD2881A
:106CC000A2F58060BA4A9288A2F58061642807DC48
:106CD00010F1640F04DB642902DC11F1640F42DA65
:106CE000642802DC10F1640F0CDA00EE900AB8EEB2
:106CF000E01ADFEDB31AC1EE210A9FEDB21A60EE81
:106D0000810A01E0DFEDB00AB0EE600AA34A82ED2D
:106D1000040A82ED050A82ED060A82ED070A64295B
:106D200002DC11F1640F11DA00EE901AF8EEE00ABD
:106D30009FEDA31AC0EE811ADFEDA40A61EEA00A4E
:106D400006E0FCE38FE278E18CE232E0DFED9E0AC0
:106D5000924AC2ED0F0ADFED9E0AC2ED0C0A022232
:106D60008B4B1A7024E09FED940A9A4A82ED000A38
:106D70009FED910A82ED010A9FED8F0A82ED020AD2
:106D80009FED8D0A82ED030A9FED8B0A924A82EDF8
:106D9000000A9FED890A82ED010A9FED870A82EDC4
:106DA000020A9FED850A82ED030A0122784B1A70D0
:106DB00018E080480078012805D1FFF799FB0020F2
:106DC0007C4908700EE07B480078052807D0794898
:106DD0000078072803D077480078082802D10020DF
:106DE000744908703EE200206949087071480078D3
:106DF00028B9FFF7FDF801206E4908701CE16D48C5
:106E00000078022808D1FFF74DFA00207349087076
:106E10000120684908700FE166480078032808D10E
:106E2000FFF740FA00206D490870012061490870A1
:106E300002E1604800780128E0D15D48C088B0F5E3
:106E4000806F14D15A488088B0F5806F0FD15848B0
:106E50000088B0F5806F0AD155484088B0F5806F42
:106E600005D15F48007810B9FFF71CFA45E050489B
:106E7000C088B0F5806F40D14D488088B0F5806FF4
:106E80003BD14B480088B0F5806F36D148484088E8
:106E9000B0F5806F31D15248007810B35048007877
:106EA000012807D1FAF76CFA00204D4908704D49C6
:106EB000087022E04A480078022807D1FEF7AEF8B1
:106EC0000020474908704749087016E04448007898
:106ED000032807D1F2F706FE002041490870414916
:106EE00008700AE03E480078042806D1F5F762FEF3
:106EF00000203B4908703B4908702D48C08840F28B
:106F00001451884211DB3748007820B9F5F77CFD31
:106F1000012034490870DFED340A9FED340AF4F79C
:106F2000F9FE04202E49087084E021488088B0F5DD
:106F3000167F11DC2B48007820B9FAF749F90120B7
:106F400028490870DFED2A0A9FED2A0AF9F7C4FAEA
:106F50000120234908706DE015488088B0F5966FD0
:106F600052DB2048007820B9FDF780FF01201D4941
:106F70000870DFED1F0A3FE0E003002066020020FA
:106F800040070020B0060020F80600207000002016
:106F9000300000206D6F64653A256400EC0100202C
:106FA000534C3A252E33660054523A252E33660050
:106FB000500200200B000020894160BE8FC2753D49
:106FC000000025449A99193E00000000B81E053EB5
:106FD0000AD7A33E10000020200000200A00002055
:106FE000080000200900002062BEBC3962BE3C3AA5
:106FF000FAEDEB39C98E8D3A1FED020AFDF7BAF8AA
:107000000220F849087015E0F748C088B0F5167FEF
:1070100010DCF648007820B9F2F78EFC0120F34925
:107020000870DFEDF30A1FED0D0AF1F70BFE0320E8
:10703000EC490870FEF75AFE14E10020ED49087093
:10704000ED48007801284DD1E748C08840F214513E
:10705000884209DBF3F7A8F90220E74908704FF4EA
:107060001670ECF7F1FEFCE0DF48C088B0F5167F43
:1070700009DCF2F749FE0220DF4908704FF4167070
:10708000ECF7E2FEEDE0D848808840F214518842E7
:1070900009DBF8F7B7F90320D74908704FF41670E9
:1070A000ECF7D2FEDDE0D0488088B0F5167F09DC31
:1070B000F6F7E6FB0320D04908704FF41670ECF7A2
:1070C000C3FECEE0C848408840F214518842CADB73
:1070D000F7F778FB0320C84908704FF41670ECF7F7
:1070E000B3FEBEE0C44800780228BCD1BE48C088C8
:1070F000B0F5806F40D1BC488088B0F5806F3BD13F
:10710000B9480088B0F5806F36D1B7484088B0F5EF
:10711000806F31D1B348007810B3B24800780828A6
:1071200007D1F6F70DFB0020AE490870AF49087093
:1071300022E0AC480078092807D1FAF7E9FE0020E0
:10714000A8490870A949087016E0A64800780A28DE
:1071500007D1FEF72BFD0020A2490870A349087053
:107160000AE0A04800780B2806D1FBF705FF0020B5
:107170009C4908709D4908709B48408840F2145112
:10718000884219DB9D48007820B9FBF7D3F801202D
:107190009A4908709548007820B9F6F74FFA01200F
:1071A00092490870DFED960A9FED960AF5F714FEF6
:1071B00008208C49087054E08B48C08840F2145174
:1071C000884219DB8D48007820B9FBF7B3F801201D
:1071D0008A4908708548007820B9FBF74DFE0120E8
:1071E000824908705FED800A1FED800AFBF714FAF0
:1071F0000B207C49087034E07B480088B0F5167F8E
:1072000011DC7A48007820B9FAF700FE01207749AE
:107210000870DFED7B0A9FED7B0AFAF7C5F90920BC
:10722000704908701DE070480088B0F5966F11DB5A
:107230006E48007820B9FEF737FC01206B490870D2
:10724000DFED6F0A9FED6F0AFDF7FCFF0A2065492D
:10725000087006E06448C088B0F5167F01DCFAF7D4
:10726000F7FE00BF00BF0BE25F48407A012804D060
:10727000022878D0032877D1E4E05F480078E0BBAB
:107280001FEDB30A604880ED000A1FEDB50A80EDDE
:10729000010A1FEDB70A80ED020A1FEDB90A80ED61
:1072A000030A1FEDBA0A80ED080A1FEDBC0A80ED43
:1072B000090A1FEDBE0A80ED0A0A1FEDC00A80ED23
:1072C0000B0A494AD288A2F58060474A9288A2F503
:1072D0008061642807DC10F1640F04DB642902DCA0
:1072E00011F1640F41DA642802DC10F1640F0EDA48
:1072F00000EE900AF8EEE00A00E060E05FEDD01AE0
:1073000080EEA11ADFED410A61EE200A01E05FED97
:10731000D20AB0EE600A3C4A82ED040A82ED050A08
:1073200082ED060A82ED070A642902DC11F1640F7E
:107330000CDA00EE901AF8EEE00A1FEDDF1AC0EE4C
:10734000811ADFED330A61EEA00A01E05FEDE20A87
:107350002D4AC2ED0F0ADFED2F0AC2ED0C0A022200
:10736000244B1A7029E046E189E11FEDED0A2A4A13
:1073700082ED000A1FEDF00A82ED010A1FEDF20A0C
:1073800082ED020A1FEDF40A82ED030A194A12780F
:1073900082B91FEDF70A214A82ED000A1FEDFA0AB1
:1073A00082ED010A1FEDFC0A82ED020A9FED1C0A24
:1073B00082ED030A01220F4B1A7042E0C5E30E482A
:1073C000007801282ED19FED160A134880ED030A9C
:1073D00080ED020A80ED010A80ED000A00200649D6
:1073E00008702EE008000020500200200900002054
:1073F000C98E0D3A300000200B0000200A0000204A
:1074000052491D3952491D3AEC0100208FC2F53D09
:10741000AE47E13DCDCCCC3E100000202000002046
:10742000894160BEF8480078052807D0F648007802
:10743000072803D0F4480078082802D10020F24938
:1074400008701CE1F048007808BBF048007868B983
:10745000FEF7CEFD9FEDEE0AEE4880ED030A80EDCB
:10746000020A80ED010A80ED000A01E0FEF71AFF32
:107470009FEDE70AE84880ED030A80ED020A80EDFF
:10748000010A80ED000A0120DF490870B2E0DE4801
:107490000078022803D0DC48007803281ED1FEF7CC
:1074A00001FF9FEDDB0ADC4880ED030A80ED020A54
:1074B00080ED010A80ED000A9FEDD50AD54880EDE8
:1074C000030A80ED020A80ED010A80ED000A002027
:1074D000D24908700120CC4908708BE0CA48007876
:1074E00005280ED19FEDCA0ACB4880ED030A80ED36
:1074F000020A80ED010A80ED000A0120C2490870ED
:1075000078E0C1480078012874D1C54AD288A2F534
:107510008060C34A9288A2F58061642807DC10F17C
:10752000640F04DB642902DC11F1640F53DA642870
:1075300002DC10F1640F0EDA00EE900A00E0A0E029
:10754000B8EEE01ADFEDB71AC1EE210A9FEDB61AC8
:1075500060EE810A01E0DFEDB50AB0EE600ADFED12
:10756000AC0AB34AC2ED030AC2ED020AC2ED010A37
:10757000C2ED000ADFEDAF0AC2ED0B0AC2ED0A0A46
:10758000C2ED090AC2ED080A82ED070A82ED060A79
:1075900082ED050A82ED040A642902DC11F1640F10
:1075A0000CDA00EE901AB8EEE01ADFED9E1AC1EE8A
:1075B000210A9FEDA11A60EE810A01E0DFED9B0A2E
:1075C0009B4AC2ED0F0A5FED6D0AC2ED0C0A022262
:1075D0008E4B1A700DE09FED8E0A8F4A82ED030AE2
:1075E00082ED020A82ED010A82ED000A0122874B38
:1075F0001A7000BF43E00020844908708248007878
:10760000012835D18648C08840F21451884211DBE8
:1076100020228A496846E8F7ACFF6846B1EE0A0ABC
:10762000F6F75EFC0220784908704FF41670ECF70C
:107630000BFC23E07A48C088B0F5167F09DCF3F72D
:10764000E9FA0220704908704FF41670ECF7FCFB61
:1076500014E073488088B0F5167F0FDCFFF742FA1C
:107660000220694908704FF41670ECF7EDFB05E055
:1076700065480078022801D1FEF7E6FB00BF00BF95
:1076800062E26748407A012875D0022874D0032846
:1076900073D15D480078012814D11FED9F0A5E4820
:1076A00080ED010A1FEDA20A80ED030A9FED640A36
:1076B00080ED000A9FED620A80ED020A0520524922
:1076C0000870E6E050480078072803D04E4800785C
:1076D000082817D11FEDAE0A4F4880ED010A1FEDB3
:1076E000B00A80ED030A9FED560A80ED000A9FED77
:1076F000540A80ED020A05204349087001204349DD
:107700000870C6E04048007805287CD11FEDBC0A0F
:10771000474880ED010A1FEDBE0A80ED030A9FED88
:10772000480A80ED000A9FED460A80ED020A3C4AB5
:10773000D288A2F580603A4A9288A2F580616428D6
:1077400007DC10F1640F04DB642902DC11F1640F23
:107750007CDA642802DC10F1640F0FDA01EE100A03
:10776000B8EEC11ADFED2F1A81EE212A1FEDD91ACA
:1077700022EE011A04E039E18CE0E3E19FED2B1ADF
:10778000B0EE410A642802DC10F1640F0CDA01EE5D
:10779000100AB8EEC11ADFED231A81EE212A9FEDFF
:1077A000221A22EE011A01E09FED201AF0EE410AA2
:1077B0001F4A82ED050A82ED070AC2ED040AC2EDF6
:1077C000060A9FED201A82ED091A9FED1E1A82ED1E
:1077D0000B1A9FED181A82ED081A9FED161A82ED0A
:1077E0000A1A642902DC11F1640F30DA01EE101A72
:1077F000B8EEC11ADFED0B1A81EE212A9FED121AA5
:1078000022EE011A25E044E00B00002030000020A9
:10781000DD2406BE20000020100000200A00002009
:107820005002002000002544295C8F3D000000002C
:10783000EC0100200AD7A33C8FC2753D708D010872
:10784000022B07BECDCC4C3D0AD7A33D0CE01FED6B
:10785000091ABF4A82ED0F1A9FEDBE1A82ED0C1A6B
:107860000222BD4B1A7013E09FEDBC0ABC4A82EDA8
:10787000010A9FEDBA0A82ED030A1FED0F0A82ED9D
:10788000000A1FED110A82ED020A0122B24B1A70A2
:1078900000BF57E1B3480078052803D0B14800780D
:1078A000082817D19FEDAD0AAD4880ED010A9FED84
:1078B000AB0A80ED020A1FED1E0A80ED000A1FEDE3
:1078C000200A80ED030A0720A64908700120A2497A
:1078D00008708AE0A3480078072870D19FED9F0ABE
:1078E0009B4880ED010A9FED9D0A80ED020A1FED85
:1078F0002C0A80ED000A1FED2E0A80ED030A9A4A39
:10790000D288A2F58060984A9288A2F580616428A6
:1079100007DC10F1640F04DB642902DC11F1640F51
:107920004EDA642802DC10F1640F0CDA00EE900AE3
:10793000F8EEE00A1FED451AC0EE811ADFED8B0A62
:1079400061EEA00A01E05FED470AB0EE600A804AEE
:1079500082ED040A82ED050A82ED060A82ED070A2D
:107960005FED480AC2ED090A5FED4A0AC2ED0A0A54
:107970005FED500AC2ED080A5FED520AC2ED0B0A34
:10798000642902DC11F1640F0CDA00EE901AB8EEF3
:10799000E01A5FED5C1AC1EE210A1FED551A60EE88
:1079A000810A01E05FED5F0A694AC2ED0F0ADFED6F
:1079B000690AC2ED0C0A0222674B1A7014E014E047
:1079C0009FED660A664A82ED010A9FED640A82ED28
:1079D000020A1FED650A82ED000A1FED670A82EDBB
:1079E000030A01225C4B1A7000BFABE05D480078CF
:1079F000052803D05B480078072817D19FED570A68
:107A0000574880ED000A9FED550A80ED030A1FEDEF
:107A1000740A80ED010A1FED760A80ED020A082043
:107A20005049087001204C4908708AE04D480078A0
:107A3000082870D19FED490A454880ED000A9FED66
:107A4000470A80ED030A1FED820A80ED010A1FED4F
:107A5000840A80ED020A444AD288A2F58060424A34
:107A60009288A2F58061642807DC10F1640F04DBC2
:107A7000642902DC11F1640F4EDA642802DC10F193
:107A8000640F0CDA00EE900AF8EEE00A1FED9B1A84
:107A9000C0EE811ADFED350A61EEA00A01E05FED6C
:107AA0009D0AB0EE600A2A4A82ED040A82ED050AB8
:107AB00082ED060A82ED070A5FED9E0AC2ED080A12
:107AC0005FEDA00AC2ED0B0A5FEDA60AC2ED090A3E
:107AD0005FEDA80AC2ED0A0A642902DC11F1640F05
:107AE0000CDA00EE901AF8EEE00A1FEDB21AC0EEC2
:107AF000811A5FEDAB0A61EEA00A01E05FEDB50A05
:107B0000134AC2ED0F0ADFED130AC2ED0C0A02227E
:107B1000114B1A7014E014E09FED100A104A82ED28
:107B2000000A9FED0E0A82ED030A1FEDBB0A82EDEB
:107B3000010A1FEDBD0A82ED020A0122064B1A70EE
:107B400000BF00BF00BF00BF00BFFFF73BB8000091
:107B5000EC010020CDCCCC3E30000020894160BE3D
:107B6000100000200B00002050020020EC51B83D16
:107B700010B50446204600F0DBF820B1012804D0FF
:107B8000022805D105E0002010BDB4F90800FBE78C
:107B900000BFE0884208A08841088A4201D9501AF3
:107BA000F2E7B4F908008B1AC01AEDE770B5044685
:107BB0000E46154604B104E0292211A11AA0E8F7E7
:107BC00053FC002D00DD04E02A220DA119A0E8F7E6
:107BD0004BFC0021A08861F34F00410880B261F3A3
:107BE0000000A0800021E08861F34F00410880B2CE
:107BF00061F30000E080266025F00300208170BD65
:107C00002E2E5C636F6D706F6E74656E745C72693E
:107C10006E676275666665725C72696E67627566CC
:107C20006665722E63000000726220213D204E5571
:107C30004C4C000073697A65203E20300000000043
:107C40002DE9F04104460F46154604B104E04522F3
:107C500029A133A0E8F708FC2046FFF789FF218916
:107C6000081A86B216B90020BDE8F081AE4200DAEB
:107C70003546B4F90800E188A0EB5100A84210DDB8
:107C8000E288216801EB52002A463946E8F72CFCCD
:107C9000E08805EB5000E18860F34F01E180284661
:107CA000E2E7B4F90810E388A1EB5302216801EB85
:107CB00053003946E8F718FCB4F90830B4F806C0A8
:107CC000A3EB5C03EA1AB4F90830A3EB5C03D919FF
:107CD0002068E8F709FCA079C143E08861F300005F
:107CE000E0802089E188A0EB5100281A60F34F0161
:107CF000E1802846B8E700002E2E5C636F6D706F40
:107D00006E74656E745C72696E67627566666572C4
:107D10005C72696E676275666665722E630000004C
:107D2000726220213D2052545F4E554C4C000000A1
:107D3000014688884008CA88B0EB520F0BD10879F9
:107D400000F001008A7902F00102904201D1002086
:107D500070470120FCE70220FAE7000010B500247C
:107D600021E0C4EBC40101EB0411104A02EB8100D5
:107D7000EAF754FDC4EBC40101EB04110B4A02EB1A
:107D80008100EAF7F9FB68B9C4EBC40000EB04100A
:107D9000064901EB800090ED0B0A054800EB8400DA
:107DA00080ED000A641C042CDBDB10BDB80A002047
:107DB000A80A002010B500EE100A2DED028BB1EEDE
:107DC000C08A18EE100A20F00040C0F1FF40C00F3A
:107DD0000AD010EE100A20F00040C0F1FF40C00FA2
:107DE00004BF0120E8F766FC18EE100ABDEC028B18
:107DF00010BD000070B52DED068BF0EE40AAF0EE40
:107E0000608AB0EE419AF0EE619AB0EE42AA044662
:107E10000D4688EE890AB0EE408AB7EE000AB4EE4D
:107E2000C08AF1EE10FA03DDB7EE000AB0EE408A28
:107E3000B5EEC08AF1EE10FA03D29FED0B0AB0EE58
:107E4000408AB6EE000A29EEC00AF0EE400AB0EE13
:107E5000481AB0EE6A0AEFF726FC84ED000A85EDB9
:107E600000AABDEC068B70BD0000000070B52DEDC2
:107E70000A8BB0EE40CAB0EE60AAF0EE41AAB0EEB6
:107E800061BAB0EE429AF0EE62BA04460D468AEE4E
:107E90002A0AB0EE408AB7EE000AB4EEC08AF1EECC
:107EA00010FA03DDB7EE000AB0EE408AB5EEC08AE4
:107EB000F1EE10FA03D29FED200AB0EE408AB6EE42
:107EC000000A2BEE000AF0EE400AB0EE481AB0EEBF
:107ED0004C0AEFF7E8FB84ED000A9FED180AF0EE7C
:107EE000499A4BEE809AB7EE000A70EE488A28EE67
:107EF000A80A20EE280A20EE090AF0EE080A68EE29
:107F0000A00A60EEA80A60EE880A00EEA90AF0EE68
:107F1000080A68EEA00A60EE880A60EE880A00EEA1
:107F2000A90A68EE080A60EE880A00EE890A85ED63
:107F3000000ABDEC0A8B70BD00000000ABAAAA3F8E
:107F400010B57F2208490948FFF730FE7F22084913
:107F50000848EDF7C2F908480068006820F00800FA
:107F600005490968086010BDC4090020B80900204F
:107F7000380900208807002078080020F0B589B073
:107F800007460E4615461C462046EAF703F8002031
:107F9000019004200390002040EAC660217840EA66
:107FA000012040EA0540029000200490082005903E
:107FB00000208DF818000A2D02D00B2D36D121E0BB
:107FC00060791C490870B4F80500000A4870D4F8BC
:107FD0000500000C8870D4F80500000EC870E07829
:107FE0000871B4F80300000A487160788871B4F829
:107FF0000100000AC87108AB0A4601A93846EAF731
:108000007AFF13E0E07A0C490870B4F80B00000A1C
:108010004870607A8870B4F80900000AC87007AB2D
:108020000A4601A93846EAF766FF00BF00BF09B05B
:10803000F0BD00003A020020420200200FB430B52B
:10804000DDE90A450498000A217860F303012170F4
:1080500001F00F0060730498000B217860F30611A3
:108060002170C1F30210A073049841B261722161C2
:108070002069803030B90498010CA07A61F30200C5
:10808000A07207E00498C0F30740618960F3CE0155
:10809000601C61810498000E217B60F30101217353
:1080A00001F0030060750498C00E217B60F383012A
:1080B0002173607D00F0030001281BD1E8780006E1
:1080C000A97840EA0140697840EA0120297808430C
:1080D000C4F805002879697940EA012001B2601CE2
:1080E000A4F80310A879E97940EA012000B2A4F8C5
:1080F000010010E0607D00F0030002280BD1287819
:10810000697840EA012000B2E084A878E97840EA82
:10811000012000B2A084B4F9030000EE100AF8EECA
:10812000C00A9FED141A80EE810ADFED130A20EEDB
:10813000200A84ED070AB4F9010000EE100AB8EE37
:10814000C00ADFED0C0A80EE201A84ED061AD4F87E
:10815000050000EE100AB8EEC00ADFED070A20EEB7
:10816000200ADFED060A80EE201A84ED081A30BCE2
:108170005DF814FB00008043F90FC9400000004780
:10818000C1810282C0ED081A80ED092A80ED071A2C
:1081900080ED050AC0ED060A7047000010B5FFF734
:1081A000DDFDEAF7B3F8084880ED000ABFEE000AEB
:1081B000064880ED000A012005490870487000203B
:1081C0008870C87010BD00002C0200203002002012
:1081D0003402002070B52DED048B86B00646864D26
:1081E00095ED0C0AB0EE409AB6EE000A29EE000AB0
:1081F000B0EE408AEAF78AF88048D0ED000A30EE07
:10820000600AF0EE409AF0EE490AEFF747F8F0EE18
:10821000408A7B4890ED000AB5EEC00AF1EE10FAF4
:108220002BDBF4EEC88AF1EE10FA10D290ED000AC2
:10823000B4EEC80AF1EE10FA09DDFFF78FFD012058
:1082400070490870487000208870C87015E0F4EE1E
:10825000C88AF1EE10FA10DB694890ED000AB4EE1E
:10826000C80AF1EE10FA08D2FFF778FD0020654940
:108270000870487001208870C8706148C0ED008A9D
:1082800095ED040AD5ED0F0A30EE600A8DED020A75
:1082900095ED050AD5ED0F0A30EE200A8DED030AA3
:1082A00095ED060AD5ED0F0A30EE200A8DED040A91
:1082B00095ED070AD5ED0F0A30EE600A8DED050A3F
:1082C000002482E0022C0ADA4E48005D10B1B0EEC4
:1082D000680A01E038EEC80AF0EE409A09E0494821
:1082E000005D10B138EEC80A01E0B0EE680AF0EEA9
:1082F000409AF5EEC09AF1EE10FA03D29FED420AD1
:10830000F0EE409A3F48005D20B305F1200000EBFD
:108310008400D0ED000AF0EE602A05EB8400D0ED79
:10832000000AB0EE602A02A800EB8400D0ED000A3B
:10833000F0EE601A354800EB8400D0ED000AB0EE94
:10834000600A694601A8B0EE481AF0EE690AFFF724
:108350008DFD1BE005EB8400D0ED000AB0EE602A35
:1083600002A800EB8400D0ED000AF0EE601A274866
:1083700000EB8400D0ED000AB0EE600A694601A867
:10838000B0EE481AF0EE690AFFF734FD9DED010AE0
:10839000C4EBC40000EB04101D4901EB800080ED2C
:1083A0000F0A9DED000AC4EBC40000EB041001EBC2
:1083B000800080ED100AC4EBC40101EB0411144AE3
:1083C00002EB8100EAF752F8641C042CFFF67AAF46
:1083D00095ED0E1AF0EE410A95ED0D1AB0EE410A38
:1083E0003078EAF785FA3078401C00F003003070EE
:1083F00006B0BDEC048B70BDEC0100202C02002007
:10840000300200203402002000000000A80A0020F2
:10841000B80A002010B500290AD00878002807D033
:1084200005487844E8F7FEF8002801D0002010BD88
:108430000248784410BD00009E150000961500000B
:1084400010B500290AD00878002807D005487844DC
:10845000E8F7E8F8002801D0002010BD0248784471
:1084600010BD00008E1500008615000021F00042AE
:10847000A2F16052B2F5801F01F0004328BFD2F193
:108480007F6C0BD95FEA001C43EAC20242EB5070DA
:1084900018BF704728BF20F001007047B2F5801F59
:1084A000BCBF184670474FEA410C1CF5001F02D2B2
:1084B000084600F053BC70B500F0E0F900000089F8
:1084C000FFF7F6BF4FF00040A0F5800070470000B6
:1084D00010B591EA030F48BF83F0004300F16C82AE
:1084E000841A71EB030C05D2121943EB0C03001B29
:1084F00061EB0C01DFF824E14FEA1154A4EB135CAB
:108500001EEA430F18BF9EEA445F73D023EA0E03AE
:10851000DCF1200E21EA045143F4801332D322FA15
:108520000CFE10EB0E0023FA0CFE41EB0E01CCF119
:10853000200E03FA0EFE10EB0E0051F10001B1F512
:10854000801FCCF1200E32D201EB045112FA0EF250
:10855000BDE8104058BF7047401C38BF5FEA420278
:1085600018BF7047002814BF20F0010041F100013E
:108570004FEA410313F5001F38BF7047A1F1C04116
:1085800000F0CAB9012A43EB0302ACF1200CDCF184
:108590001F0E32BF4FF0000E23FA0CF310EB030056
:1085A00041EB0451B4EB115FD0D0A1EB045101F5C4
:1085B000801149085FEA300001EB04510ED350F1FD
:1085C000000038BF12FA0EFE08D1BDE81040C9E71E
:1085D000401C38BF5FEA4202CAD1C3E7BDE8104081
:1085E0004FEA410313F5001F38BF7047A1F1C041A6
:1085F00000F092B99EEA445F08D011EA5E0FBDE830
:10860000104004BF01F0004100207047BDE8104059
:1086100070B500F033F900BF64FBBE3E0000E0FF20
:10862000491058BFC1F140415B1058BFC3F14043EE
:108630008B42EFF30080704751EA030C17D41CF50E
:10864000801F58BFBCF5801F00F10680994218BFFB
:10865000704708BF9042704707D711F5801F58BF79
:1086600013F5801F19D499427047894270471CF551
:10867000801F08D5BCF5801FF7D58B4218BF704707
:1086800008BF824270474FF4001C1CEB410F38BFFB
:108690001CEB430F01D28B42704770B500F0EEF82F
:1086A000922449004FF000514FF08053FFF7B8BFBC
:1086B00051EA030C17D41CF5801F58BFBCF5801F6E
:1086C00000F10680994218BF704708BF904270477A
:1086D00007D711F5801F58BF13F5801F19D4994291
:1086E0007047894270471CF5801F08D5BCF5801F74
:1086F000F7D58B4218BF704708BF824270474FF4CE
:10870000001C1CEB410F38BF1CEB430F01D28B4206
:10871000704770B500F0B2F8922449004FF0005154
:108720004FF08053FFF77CBFDFF848C170B51CEAFB
:10873000111E1EBF1CEA13159EEA0C0F95EA0C0FC2
:1087400000F06F8081EA030423EA4C134EEAD47EE2
:1087500021EA4C1141F4801143F48013AE44A1FB93
:10876000024CA0FB0365AEF17F7E361955EB0C057C
:10877000A1FB034C4CF10003A0FB021C16EB0C0602
:10878000654153F10003094218BF46F0010613F496
:10879000007F0BD14FEA03314FEA0530340341EA41
:1087A000155140EA16506FF003020AE04FEAC32168
:1087B0004FEAC520F40241EA555140EA56506FF0A5
:1087C000020202EB2E4201EB025585EACE710AD07D
:1087D0005FEA440C18BF24F0004450F1000041F15E
:1087E000000120EAD47040F2FE7C624500D270BDE8
:1087F000A84214BF4FF080444FF04044002E08BF01
:108800000024BEF1806FA8BFA1F1C041BDE8704057
:1088100080F282804FF0000001F1C04101F0004180
:1088200070479EEA0C0F0CEA131518BF95EA0C0F5F
:1088300006D04FF0000081EA030E0EF0004170BD3B
:1088400000F01CF88900013E00F007B800F009B8FC
:108850004FEA430C5FEA5C5C08D081EA030100F058
:108860005BB84FEA410C5FEA5C5CF6D14FF0000068
:10887000014970470000FF070000F87F0EF1020E6B
:108880002EF0030E5EF8046B364205D4012A43EB4A
:10889000030515F5001F12D8012841EB010C1CF54A
:1088A000001F0CD80ED14FEAD17C15F5001F0CEB40
:1088B0004C0C0CF1020C08BF4CEBD37C04E04FF0E5
:1088C000080C01E04FEAD37C0CEB4C0526FA05F6C8
:1088D00006F00706B6F1040C06D20EEB860CBDE8D6
:1088E00070404CF0010C6047DFE80CF0090B02020D
:1088F0004FF000414FF00000A1F5002170BD194676
:108900001046012851EB010418BFD4F5001484BFB0
:10891000002001F0004170BD0808A0F500114FEAE9
:108920003101704753EA010C17D41CF5801F58BF62
:10893000BCF5801F00F106808B4218BF704708BF4E
:108940008242704707D713F5801F58BF11F5801F6B
:1089500019D48B4270479B4270471CF5801F08D585
:10896000BCF5801FF7D5994218BF704708BF9042E9
:1089700070474FF4001C1CEB430F38BF1CEB410F3A
:1089800001D2994270470FB40CBC03BCFFF7C1BEC3
:1089900091EA030F10B581F000413FF5A1AD83F0DE
:1089A000004300F009B8000010B591EA030F48BF7A
:1089B00083F000433FF594AD841A71EB030C07D2AA
:1089C00012198CF0004C43EB0C03001B61EB0C0103
:1089D000DFF8A4E14FEA1154A4EB135C1EEA430F45
:1089E00018BF9EEA445F00F0B08023EA6E03524253
:1089F00021EA0451C3EB6E0338BF5B1EDCF1200E8D
:108A000025D322FA0CFE10EB0E0043FA0CFE41EBCC
:108A10000E01CCF1200E03FA0EFE10EB0E0051F108
:108A20000001CCF1200E29D412FA0EF201EB045110
:108A3000BDE8104058BF7047401C1CBFB2F1004F4A
:108A4000704700280CBF491C20F00100704712EB52
:108A5000020E43EB030218BF4FF0010E4EEA420232
:108A6000ACF1200CDCF11E0E54D943FA0CFE10EBD5
:108A70000E0051F1FF31CCF11E0ED5D50EF1010ED5
:108A800012FA0EFE404141EB010101EB445C5FEA4A
:108A90005C5C10D910EBDE7001EB045138BFBEF105
:108AA000004FBDE8104018BF704700280CBF491C9C
:108AB00020F00100704730D24FEAD42C11F500119C
:108AC00024F400641BD0B1FA81F20B3AA41AA41E5C
:108AD000D2F12003914030FA03F31943904001EBA7
:108AE000CC71002C01EB0451BDE81040A8BF7047C9
:108AF00001F1C0414FF0000001F000417047B0FAB1
:108B000080F310FA03F100D110BDE41A173C4805B8
:108B1000C90AE4E701EB045110BD491001EB04510F
:108B2000BDE810404FEA300002E04FF0000170470E
:108B30004A0008BF0042F8D0B2F5001F28BF7047B6
:108B400001F000414FF0000070479EEA445F07D0FB
:108B500011EA5E0FBDE8104004BF002100207047FD
:108B6000BDE8104070B5FFF789FE00BF40DFF63E5C
:108B700083F00041104670470000E0FF43004FEAD9
:108B8000D30C4FEA3C0C43401FBF40070CF160512F
:108B900013F0FE4F70471CF0006F03D100200CF063
:108BA000004170470CF0004343EA507010B540EAB2
:108BB000CC0000F00EF800BF000000924FEA000168
:108BC000FFF7AABE4FF000414FF00000A1F50021D1
:108BD00070470EF1020E2EF0030E5EF8044B244295
:108BE00004D44FEA4102B2F17F4F11D84FEA40035B
:108BF000B3F17F4F0CD80ED14FEAD07CB2F17F4F4A
:108C00000CEB4C0C0CF1020C08BF4CEBD17C04E0DB
:108C10004FF0080C01E04FEAD17C0CEB4C0324FA36
:108C200003F404F00704B4F1040C06D20EEB840C38
:108C3000BDE810404CF0010C6047DFE80CF007087D
:108C400002024FF00040A0F5800010BD084642002F
:108C500018BFD2F1807288BF00F0004010BD4FF005
:108C60004070E1EE100A70474FF07F4C3CEA410340
:108C700018BF3CEA400200F062804FF47F0C10F015
:108C8000004F0CEAD11318BF43F005031CEAD012C1
:108C900018BF13EA0C0F00F057804FF0004C4CEA5D
:108CA00000204CEA0121A3F580339A4210DDB0F197
:108CB000004F23F0020306D3401A43F00203BCBF67
:108CC000404283F001034FEA4000A2F58032ECE716
:108CD0004FEA224CBCEB234F08DB884206D31CD062
:108CE000A0EB4100C0F1000083F0010340001DD261
:108CF00017D40DD0B0FA80FC0CF1010C00FA0CF086
:108D0000A2EB0C42D2F1000C12DB4FEAC3707047A9
:108D10004FEA437000F00040704713F0020FE5D0B7
:108D2000DEE7B2F580324FEA4000EBDD002AE9DDF4
:108D30004FEAC21242EA502040EAC370704710B5B1
:108D4000FFF747FFEDFFFF3E1CEAD11F02D000F006
:108D500000407047004870470000C07FFF2141EA93
:108D6000D050C0057047E8F7FAB8E8F72FBA00000E
:108D70000000E0400000E0403333F3403333F34081
:108D80003333F3403333F3400000E0400000E04071
:108D9000000610160006101600000000000000007B
:108DA0000102030406070809000000000102030491
:108DB000000010410000104100002041000020414F
:108DC000000020410000204100001041000010413F
:108DD000000010410000104100002041000020412F
:108DE000000020410000204100001041000010411F
:108DF0000000E0400000E0400000004100000041B1
:108E000000000041000000410000E0400000E040A0
:108E10000000E0400000E040000000410000004190
:108E200000000041000000410000E0400000E04080
:108E300000001041000010410000204100002041CE
:108E400000002041000020410000104100001041BE
:108E500000001041000010410000204100002041AE
:108E6000000020410000204100001041000010419E
:108E7000000010410000104100002041000020418E
:108E8000000020410000204100001041000010417E
:108E90000000E0400000E040000000410000004110
:108EA00000000041000000410000E0400000E04000
:108EB0000000E0400000E0400000004100000041F0
:108EC00000000041000000410000E0400000E040E0
:108ED0000000E0400000E0400000004100000041D0
:108EE00000000041000000410000E0400000E040C0
:108EF000880600208806002060060020600600200A
:108F000060060020600600208806002088060020F9
:108F100088060020880600206006002060060020E9
:108F200060060020600600208806002088060020D9
:108F300088060020880600206006002060060020C9
:108F400060060020600600208806002088060020B9
:108F50000000000000000000000000000000000011
:108F6000000000F8000000000000003330000000A6
:108F700000160E00160E00000000000000000000A9
:108F800040C07840C0784000043F04043F0404001F
:108F9000007088FC08300000001820FF211E00002F
:108FA000F008F000E018000000211C031E211E0044
:108FB00000F00888700000001E21232419272110CA
:108FC000000000160E00000000000000000000007D
:108FD000000000E018040200000000071820400014
:108FE00000020418E0000000004020180700000004
:108FF000404080F0804040000202010F0102020068
:10900000000000F0000000000101011F010101004B
:10901000000000000000000000B070000000000030
:109020000000000000000000000101010101010139
:1090300000000000000000000030300000000000D0
:1090400000000000806018040060180601000000A5
:1090500000E010080810E000000F102020100F00A2
:10906000001010F8000000000020203F2020000029
:109070000070080808887000003028242221300081
:1090800000300888884830000018202020110E0089
:109090000000C02010F8000000070424243F240032
:1090A00000F80888880808000019212020110E0007
:1090B00000E0108888180000000F112020110E0019
:1090C00000380808C83808000000003F0000000011
:1090D0000070880808887000001C222121221C00D2
:1090E00000E010080810E0000000312222110F00FB
:1090F000000000C0C0000000000000303000000090
:10910000000000C0C0000000000080B0700000003F
:109110000000804020100800000102040810200018
:109120004040404040404000040404040404040063
:1091300000081020408000000020100804020100F8
:10914000007048080808F0000000003036010000F8
:10915000C030C828E810E0000718272423140B00AB
:109160000000C038E0000000203C23020227382025
:1091700008F8888888700000203F202020110E0009
:10918000C030080808083800071820202010080000
:1091900008F808080810E000203F202020100F00E9
:1091A00008F88888E8081000203F202023201800B5
:1091B00008F88888E8081000203F2000030000001D
:1091C000C03008080838000007182020221E0200BE
:1091D00008F808000008F808203F210101213F207D
:1091E000000808F8080800000020203F20200000A8
:1091F00000000808F8080800C08080807F00000098
:1092000008F888C028180800203F200126382000D0
:1092100008F8080000000000203F20202020300037
:1092200008F8F800F8F80800203F003F003F200051
:1092300008F830C00008F808203F200007183F0059
:10924000E01008080810E0000F10202020100F0088
:1092500008F808080808F000203F2101010100007B
:10926000E01008080810E0000F18242438504F00C0
:1092700008F8888888887000203F2000030C302080
:1092800000708808080838000038202121221C00BE
:10929000180808F8080818000000203F2000000007
:1092A00008F808000008F808001F202020201F00F0
:1092B0000878880000C83808000007380E01000050
:1092C000F80800F80008F800033C0700073C03001A
:1092D000081868808068180820302C03032C302080
:1092E0000838C800C83808000000203F20000000EF
:1092F00010080808C8380800203826212020180047
:10930000000000FE020202000000007F404040001A
:10931000000C30C000000000000000010638C00052
:1093200000020202FE000000004040407F000000FA
:1093300000201008040810200000000000000000B9
:10934000000000000000000080808080808080801D
:1093500000020408000000000000000000000000FF
:1093600000008080808000000019242222223F20FB
:1093700008F8008080000000003F112020110E003E
:109380000000008080800000000E112020201100CD
:10939000000000808088F800000E112020103F207F
:1093A0000000808080800000001F22222222130003
:1093B000008080F0888888180020203F202000004E
:1093C0000000808080808000006B94949493600003
:1093D00008F8008080800000203F210000203F200E
:1093E00000809898000000000020203F202000000E
:1093F000000000809898000000C08080807F0000FE
:1094000008F8000080808000203F24022D302000DA
:10941000000808F8000000000020203F2020000085
:109420008080808080808000203F20003F20003F9F
:10943000008080008080000000203F2100203F202D
:109440000000808080800000001F202020201F005E
:10945000808000808000000080FFA12020110E008D
:109460000000008080808000000E112020A0FF807E
:10947000808080008080800020203F21200001002B
:109480000000808080808000003324242424190080
:10949000008080E0808000000000001F202000008D
:1094A0008080000000808000001F202020103F20CE
:1094B000808080000080808000010E30080601005E
:1094C00080800080008080800F300C030C300F0003
:1094D00000808000808080000020312E0E3120002E
:1094E000808080000080808080818E70180601005E
:1094F00000808080808080000021302C222130007C
:1095000000000000807C020200000000003F40409C
:1095100000000000FF00000000000000FF0000004D
:109520000002027C800000000040403F000000007C
:109530000080404080000080000000000001010029
:109540000000000000000000002F000000000700E5
:10955000070000147F147F1400242A7F2A1200239E
:1095600013086462003649552250000000070000CD
:1095700000001C224100000041221C000014083E93
:1095800008140008083E0808000000A06000000859
:1095900008080808000060600000002010080402AD
:1095A000003E5149453E0000427F4000004261516B
:1095B0004946002141454B31001814127F10002705
:1095C00045454539003C4A494930000171090503C8
:1095D00000364949493600064949291E00003636F9
:1095E000000000005636000000081422410000145C
:1095F0001414141400004122140800020151090639
:10960000003E4955592E007C1211127C007F4949B9
:109610004936003E41414122007F4141221C007FEA
:1096200049494941007F09090901003E4149497AF8
:10963000007F0808087F0000417F41000020404172
:109640003F01007F08142241007F40404040007FDE
:10965000020C027F007F0408107F003E4141413E22
:10966000007F09090906003E4151215E007F09196A
:1096700029460046494949310001017F0101003F67
:109680004040403F001F2040201F003F4038403FE7
:10969000006314081463000708700807006151494B
:1096A000454300007F4141000002040810200000F3
:1096B00041417F000004020102040040404040405C
:1096C000000001020400002054545478007F4844F4
:1096D000443800384444442000384444487F00382B
:1096E0005454541800087E0901020018A4A4A47C54
:1096F000007F080404780000447D4000004080841E
:109700007D00007F102844000000417F4000007C65
:1097100004180478007C0804047800384444443871
:1097200000FC242424180018242418FC007C0804BD
:10973000040800485454542000043F444020003C96
:109740004040207C001C2040201C003C4030403C1D
:10975000004428102844001CA0A0A07C00446454AD
:109760004C440000087F41000000007F0000000022
:10977000417F0800000804081008EFBC8C000000BE
:1097800000000000000000000000000000000000D9
:10979000005838000000000000000000000000E356
:1097A00080820000000000000000000000000000B7
:1097B0000000000000001824241800000000000031
:1097C00000000000E4BDA00000008060F807402019
:1097D000180F08C80808281800010000FF00100C26
:1097E0000340807F0001061800E5A5BD00001010B1
:1097F000F01F10F000808282E2928A868000402270
:1098000015081661000040807F0000000000E4B8E9
:10981000960000202020FE2020FF202020FF202076
:109820002020000000007F4040474444444740401F
:10983000400000E7958C0000000000FE929292FE2E
:10984000929292FE0000000008080484621E01004B
:1098500001FE0204040808000000000000FF0101EE
:10986000013109090909897101010101FFFF8080A6
:10987000808080809681808080808080FF000000D2
:10988000000000000000000030313233343536373C
:109890003839414243444546403058003031323334
:1098A0003435363738396162636465664030780034
:1098B0000400000800000000000000020001000099
:1098C00010000000000000006E83F9A22915444E2C
:1098D000D15727FCC0DD34F5999562DB4190433CBC
:1098E000AB6351FE3031323334353637383961624B
:1098F000636465667870003031323334353637381A
:10990000394142434445465850000000024000009F
:10991000000000A00000000005400000000000C89A
:10992000000000000C4000000000409C000000000F
:10993000194000000020BCBE0000000034400000C0
:10994000BFC91B8E00000004B5400000504BCFD0B3
:109950006607E2CF010000006C4100003E8251AA80
:10996000DFEEA73401000000D9420000DCB5A0E220
:109970003A301F97FFFFFFFFB4450000FD25A0C848
:10998000E9A3C14FFFFFFFFFFF3F00000000008081
:1099900000000000FF3F0000000000800000000009
:1099A000EC9A0108000000204C020000C4010008ED
:1099B000F49B01084C020020B414000020020008AF
:1099C0001C00000043000000F8FFFFFF0C00000037
:1099D0000E0000000F0000002E000000100100002B
:1099E00043000000F8FFFFFF00404040404040407F
:1099F0004040414141414140404040404040404062
:109A00004040404040404040400502020202020205
:109A10000202020202020202022020202020202054
:109A20002020200202020202020290909090909068
:109A30001010101010101010101010101010101026
:109A4000101010100202020202028888888888889A
:109A50000808080808080808080808080808080886
:109A6000080808080202020240000000000000008E
:109A700000000000000000000000000000000000E6
:109A800000000000000000000000000000000000D6
:109A900000000000000000000000000000000000C6
:109AA00000000000000000000000000000000000B6
:109AB00000000000000000000000000000000000A6
:109AC0000000000000000000000000000000000096
:109AD0000000000000000000000000000000000086
:109AE00000000000000000000000000001100D1A3E
:109AF000894160BE04A163A0408B48430C0324400D
:109B0000C1B2FF32104201B324F45A445001821012
:109B100017302AA913D0440840234A7B832F4CFBDB
:109B20003F39D6C56D348018944070CE88D2DEE0BF
:109B3000CB3F32772D211F7402407B14AE47E17A70
:109B40000D40A089B0E1E995E43FBEC11726534519
:109B50001640174850FC18B319C075931804560ED8
:109B600015C0B4C876BE9F7A2240A167B3EA73F5E8
:109B700022404260E5D0229B27406F8104C58FB10F
:109B80002540E86A2BF6975D18C0545227A08970CB
:109B900011C0728A8EE4F23F23C021B0726891ED49
:109BA00020C01B2FDD2406E1284007CE1951DA5BC7
:109BB0002940A8C64B3789012E40D5E739C0141774
:109BC0002C40DA1B7C61329522C0211FF46C563D7B
:109BD0001EC0AD894160BE04ADEC51B83D04BC8FE0
:109BE000C2750435CDCCCC3EA63F0AD7233C051622
:049BF00080BF010130
:040000050800018965
:00000001FF
